transaction_amount,customer_age,account_balance,num_transactions_30d,transaction_hour,distance_from_home_km,merchant_category,is_fraud
9544.11,36,126841.95,14,15,2.34,electronics,0
14570.43,46,48437.18,13,14,4.98,utilities,0
10261.47,31,78112.73,23,11,6.23,electronics,1
6149.37,33,36973.62,21,13,24.8,electronics,0
47404.11,31,88794.07,11,7,0.97,electronics,0
14694.300000000001,23,119353.54,10,14,22.53,electronics,0
24413.34,29,37272.81,18,12,12.16,utilities,0
14210.130000000001,22,71421.78,25,5,93.09,grocery,1
64572.75,39,79739.99,19,14,21.53,travel,1
17176.079999999998,19,63121.15,33,1,33.16,grocery,1
28815.0,24,128990.21,12,14,3.8,travel,1
9148.47,53,107787.35,11,12,2.65,entertainment,1
8320.92,18,123413.31,10,16,3.84,utilities,0
29667.120000000003,23,133436.96,28,8,67.54,grocery,1
20165.760000000002,21,40614.12,20,20,21.58,electronics,0
15732.060000000001,23,65907.79,21,18,2.19,travel,0
20326.98,33,82733.88,22,8,3.77,utilities,0
28482.629999999997,25,83004.37,21,19,9.69,travel,0
14306.28,18,53288.45,30,5,40.11,grocery,1
32876.43,35,39786.4,24,2,82.12,grocery,1
17786.52,27,44827.43,14,9,15.42,grocery,0
2622.2400000000002,48,85415.05,16,15,17.46,grocery,0
10233.66,18,50466.63,14,13,23.02,travel,0
4958.28,42,72671.51,16,12,2.2,electronics,1
33617.729999999996,33,97606.78,14,10,13.85,electronics,0
20163.78,37,40349.23,20,9,18.55,electronics,1
6057.0,18,33312.12,12,10,16.98,utilities,1
35881.17,32,188332.85,14,8,10.14,entertainment,1
16545.81,47,84058.9,13,13,15.78,utilities,1
12790.74,42,24001.22,22,15,10.08,travel,0
5135.7300000000005,28,190162.74,15,14,2.28,utilities,1
14646.57,30,40120.08,11,14,7.8,electronics,0
8290.650000000001,34,206574.71,17,11,11.91,entertainment,1
29307.629999999997,36,129033.22,14,14,11.72,travel,1
16981.56,34,106044.02,14,14,25.97,travel,0
33375.45,22,39078.58,25,6,135.64,electronics,1
31791.629999999997,21,73390.48,13,21,13.28,utilities,1
9081.869999999999,37,72193.42,15,19,2.95,entertainment,0
6449.76,44,115637.1,17,12,2.37,electronics,0
33402.24,22,190181.03,13,16,12.62,utilities,0
25099.23,21,86384.28,13,16,9.52,travel,1
7838.91,67,105682.43,12,20,3.47,utilities,0
38544.33,37,53443.99,34,1,133.39,electronics,1
52909.11,43,39294.27,14,10,24.75,travel,1
9445.68,50,22497.06,10,13,30.6,entertainment,0
20060.28,18,37997.68,14,18,17.13,grocery,0
6794.73,33,151231.36,10,13,26.97,utilities,1
5704.049999999999,21,65442.06,13,20,10.39,utilities,1
4731.36,39,84351.81,13,16,14.29,travel,1
25507.56,25,94028.11,31,3,26.52,travel,1
15354.84,45,61047.41,12,12,11.16,grocery,0
5252.01,46,63806.09,15,12,18.82,entertainment,0
11291.130000000001,41,26488.39,16,13,19.6,utilities,0
24151.739999999998,20,86426.49,14,13,35.39,utilities,0
24817.02,38,30349.33,19,15,2.27,utilities,0
14425.920000000002,30,32901.26,12,12,6.93,entertainment,1
28582.350000000002,33,36014.36,26,13,20.75,entertainment,1
10458.51,25,102092.88,14,19,4.77,entertainment,0
3968.6099999999997,33,35424.05,20,13,1.88,grocery,0
10658.58,25,72284.73,15,16,3.67,travel,1
11884.95,43,78623.76,14,13,20.94,utilities,0
39778.74,40,51686.77,13,11,20.86,travel,0
11486.369999999999,51,83134.06,14,10,12.68,utilities,1
64914.87,34,73110.12,13,17,8.05,electronics,1
5669.9400000000005,47,77324.94,11,10,22.16,utilities,1
13568.97,27,93789.5,24,9,25.61,travel,0
5543.58,40,80623.88,13,18,2.8,utilities,0
7157.91,32,47643.67,14,15,22.07,grocery,0
10172.16,31,65054.38,12,9,1.01,travel,0
26910.21,45,68854.91,28,0,7.03,grocery,1
17028.21,24,40074.33,17,16,2.96,electronics,0
20702.31,29,100774.27,13,15,1.62,electronics,0
7459.32,34,54367.66,18,19,2.67,utilities,0
18209.670000000002,25,115428.87,18,17,12.07,electronics,0
51710.04,56,58882.12,11,7,2.51,entertainment,1
49846.44,27,54596.44,17,9,16.22,utilities,1
49812.12,26,54381.23,33,9,127.54,grocery,1
62279.64,50,81243.34,23,13,18.13,travel,1
33049.08,50,79647.16,11,13,2.68,entertainment,0
23097.66,20,25693.3,32,3,112.51,grocery,1
14392.439999999999,40,145839.25,13,14,26.57,entertainment,0
7978.23,33,30133.62,13,9,1.93,electronics,1
13969.29,40,36677.8,13,15,4.2,electronics,0
37364.37,18,63137.63,25,1,89.56,travel,1
8057.039999999999,22,136732.25,16,10,23.49,electronics,1
6654.99,41,75398.86,21,12,6.25,travel,1
24274.86,36,26827.17,29,4,189.52,grocery,1
11330.31,43,35551.16,18,12,4.61,travel,0
77965.14,31,178292.01,21,18,3.38,electronics,1
13926.75,43,18713.16,14,16,2.73,grocery,0
26977.050000000003,22,25096.37,7,12,28.46,travel,1
13194.329999999998,26,170321.03,11,14,12.45,utilities,0
17183.04,50,82218.37,13,16,13.47,utilities,0
20881.02,19,36006.52,24,4,18.51,electronics,1
20193.03,41,54828.19,12,15,4.51,electronics,0
7069.289999999999,28,47007.42,13,17,7.74,entertainment,0
5370.39,18,180505.55,13,11,2.17,entertainment,0
7668.719999999999,32,54437.41,14,16,13.1,utilities,0
29490.870000000003,22,89496.89,9,13,12.92,grocery,0
45009.57,34,27942.04,24,1,142.03,electronics,1
20613.239999999998,33,160066.02,13,10,4.06,entertainment,0
28009.409999999996,31,106174.91,12,21,2.82,utilities,0
19642.71,22,222951.26,13,13,2.01,travel,1
21066.9,20,61719.54,15,17,3.39,utilities,1
7654.74,60,27074.7,14,14,9.52,utilities,1
17807.1,19,115004.71,12,12,4.13,grocery,1
63222.81,32,132463.19,16,15,5.93,entertainment,1
27699.39,28,181977.82,13,15,1.11,electronics,0
20285.37,43,44080.14,13,10,24.23,entertainment,0
9120.09,24,66228.18,17,14,24.11,entertainment,0
4615.62,18,61345.85,14,17,26.47,grocery,0
9021.599999999999,46,47033.58,14,12,8.21,entertainment,0
40041.57,30,120781.36,13,17,1.45,electronics,0
19313.46,19,45483.82,13,11,28.48,electronics,1
88762.44,35,88024.33,31,4,116.65,electronics,1
31595.31,19,185616.61,24,11,27.93,travel,0
12925.619999999999,27,39160.77,34,2,32.7,electronics,1
8309.31,24,136540.87,21,16,9.56,utilities,0
12478.68,28,108115.36,14,17,9.36,grocery,1
8111.07,21,61072.42,11,11,3.9,travel,0
7027.710000000001,27,53942.78,13,16,10.74,utilities,1
38488.89,26,35980.28,15,15,3.1,utilities,1
13220.130000000001,19,170696.01,25,11,2.01,utilities,0
13131.119999999999,20,93056.74,10,9,19.95,entertainment,0
13857.57,46,99347.15,14,18,8.35,grocery,1
38714.49,33,84251.56,12,11,20.29,entertainment,1
37014.45,18,60599.71,19,11,20.44,travel,0
10714.11,26,39463.67,16,11,19.25,entertainment,0
8158.92,18,42796.26,20,15,5.69,grocery,0
11855.25,50,44238.16,12,18,3.94,travel,0
87931.23,47,60781.0,17,11,3.19,utilities,0
7699.98,23,114480.85,14,15,19.15,travel,0
19564.199999999997,18,132773.66,14,14,1.94,electronics,0
50625.72,55,26358.5,16,10,13.88,grocery,0
15747.24,44,33531.14,13,16,10.93,electronics,0
22644.66,30,66223.74,15,13,15.54,grocery,1
6546.63,19,76989.69,11,14,3.1,electronics,0
110102.91,18,27528.4,19,15,25.8,travel,1
40842.63,30,97255.06,22,9,17.67,electronics,1
6514.74,33,26654.32,13,16,3.35,entertainment,0
16094.79,31,51497.0,13,8,9.03,electronics,1
43563.899999999994,30,30566.99,14,14,13.67,utilities,0
23416.739999999998,30,45164.48,19,14,2.58,travel,0
18825.66,23,25113.04,13,15,31.25,electronics,0
1881.1799999999998,42,123900.81,13,16,12.19,grocery,0
34976.67,28,23413.92,35,0,126.71,electronics,1
10783.2,26,29151.13,14,21,7.45,entertainment,1
9079.17,38,71754.14,10,15,26.47,entertainment,0
14918.400000000001,20,209798.21,13,11,12.91,travel,1
11923.77,29,29821.53,13,9,12.41,electronics,0
40282.979999999996,27,55968.37,14,12,1.03,travel,1
5390.9400000000005,49,80523.16,20,12,0.93,utilities,1
8568.45,32,68095.05,14,9,29.63,utilities,1
14173.650000000001,29,55844.68,21,9,15.87,electronics,0
21651.69,38,59423.98,13,23,14.4,grocery,0
51792.33,45,54128.81,11,12,3.83,utilities,0
10387.77,31,19438.55,18,9,18.94,entertainment,0
14834.369999999999,30,22197.94,11,11,9.41,electronics,0
35073.63,49,22138.93,20,5,44.96,electronics,1
34016.729999999996,19,280393.3,13,17,25.71,utilities,0
36859.8,29,27080.7,23,16,1.54,grocery,0
15798.51,43,54422.55,14,11,14.18,entertainment,0
21211.079999999998,50,64735.83,28,13,4.07,electronics,1
3021.7200000000003,27,38066.74,12,15,13.02,utilities,1
22361.52,35,42842.84,11,13,20.27,electronics,0
9267.84,18,35306.36,13,9,6.03,travel,0
9259.23,29,85184.79,18,11,3.43,grocery,0
18530.88,18,19714.88,14,11,8.44,travel,1
17649.0,27,80490.89,14,10,49.15,travel,1
17708.07,29,68853.43,15,11,9.37,utilities,0
13120.74,22,36745.47,28,4,109.82,grocery,1
14418.57,44,113132.38,21,15,10.95,grocery,0
20161.59,46,35633.73,25,3,110.73,electronics,1
27744.120000000003,54,110988.86,14,19,1.47,grocery,1
8609.7,41,83726.77,13,11,17.92,travel,1
10386.69,31,28370.73,8,13,20.24,utilities,0
18846.72,40,223542.53,15,16,3.95,entertainment,1
4931.91,42,68193.78,13,10,13.56,utilities,1
12360.36,31,28694.47,16,21,18.51,grocery,0
20942.4,32,100431.28,9,15,33.06,entertainment,0
7905.66,27,30290.21,14,12,18.64,utilities,0
9287.76,46,31016.38,13,19,29.83,grocery,0
10816.53,30,34100.42,10,11,6.05,travel,1
5471.1,31,36478.39,14,3,27.78,utilities,0
37559.850000000006,31,96519.21,21,13,28.51,electronics,0
75171.45000000001,44,66566.75,13,16,15.35,utilities,0
4373.49,52,38238.62,13,16,3.74,electronics,0
8548.05,32,137121.4,14,10,1.62,travel,0
3225.33,54,105563.34,13,10,15.54,utilities,1
14978.849999999999,29,66566.17,10,14,10.65,utilities,0
32817.33,44,42404.49,12,11,15.97,utilities,0
25415.760000000002,29,96528.59,15,15,2.66,travel,0
34772.28,32,36389.58,16,10,15.23,travel,1
8945.91,18,135626.37,11,18,2.56,utilities,0
36504.57,27,97897.21,25,11,3.23,electronics,0
5140.7699999999995,27,48433.85,13,13,6.59,grocery,0
8735.49,28,34089.47,19,18,12.42,grocery,0
60000.56999999999,29,23047.85,20,10,34.81,electronics,0
22335.69,27,64539.87,13,22,27.53,utilities,0
16036.14,22,36159.92,13,15,26.29,grocery,0
22614.63,31,101834.45,12,8,3.28,entertainment,0
40922.88,21,146286.17,17,9,17.57,travel,0
5936.76,30,44819.25,14,13,16.52,travel,0
14650.349999999999,42,57143.88,13,11,2.09,entertainment,0
35876.58,43,45994.41,13,14,31.48,entertainment,0
21384.72,26,152649.99,9,11,1.83,utilities,1
8069.13,31,112885.44,9,15,7.26,travel,0
28574.97,31,89614.01,20,9,16.23,entertainment,1
33696.3,42,24351.85,14,13,11.89,utilities,1
4292.1900000000005,35,66801.09,13,18,16.57,grocery,0
13391.189999999999,32,64193.73,10,13,2.88,travel,0
28184.25,21,29334.16,27,4,120.48,travel,1
12741.21,18,74294.24,15,10,1.33,entertainment,0
5831.07,59,89231.7,13,20,0.0,entertainment,0
28010.129999999997,40,71167.49,20,13,12.1,utilities,1
3742.7699999999995,23,52141.5,15,13,4.48,entertainment,0
100886.51999999999,33,50333.69,17,19,29.18,electronics,0
8861.52,46,61130.02,17,18,3.81,electronics,0
8779.86,40,61775.76,13,11,1.74,electronics,0
3528.57,25,161361.99,13,14,2.65,travel,1
18712.68,37,52126.13,19,22,13.82,utilities,0
12253.74,19,42826.97,13,11,11.22,travel,1
7556.25,35,72769.85,11,13,30.74,grocery,1
35450.22,19,42136.05,14,14,19.25,entertainment,1
5516.85,29,105013.19,10,19,28.06,grocery,0
22921.02,51,144370.34,11,13,26.2,entertainment,0
7215.900000000001,18,64408.21,20,18,0.0,electronics,0
9844.349999999999,22,53211.99,22,12,17.96,electronics,1
19419.510000000002,45,80835.36,15,10,15.91,entertainment,0
25475.850000000002,27,79714.92,18,10,19.2,travel,1
22271.07,39,127849.53,18,15,28.03,electronics,0
14668.050000000001,30,108491.05,13,11,2.19,utilities,0
15106.380000000001,31,99023.27,19,12,10.04,travel,0
15248.34,56,48023.39,6,13,15.68,entertainment,0
10567.05,48,71384.83,13,15,29.84,grocery,0
17340.9,28,87917.41,13,12,9.69,travel,1
14847.300000000001,39,145170.83,13,18,12.14,utilities,0
29925.57,46,60578.63,13,10,14.47,travel,1
22330.89,28,139244.12,13,16,24.53,entertainment,0
5211.51,41,55511.67,12,10,15.56,travel,0
16360.5,27,101288.62,12,12,2.19,entertainment,1
104908.70999999999,21,131108.49,39,3,102.05,travel,1
11419.92,48,115172.07,15,14,1.85,utilities,0
25235.58,19,101575.84,40,5,129.28,electronics,1
6486.93,35,85355.84,18,14,0.86,grocery,0
15119.099999999999,23,50586.19,10,12,2.68,travel,0
40573.92,37,136746.09,22,9,19.53,electronics,1
14585.699999999999,22,30223.71,13,13,0.64,travel,0
12189.39,29,33839.54,12,12,21.06,grocery,1
24414.300000000003,32,81731.94,14,15,10.61,utilities,0
7584.18,27,62865.22,13,8,27.9,travel,1
6555.12,30,81629.52,30,15,13.09,electronics,1
4156.049999999999,29,50162.43,13,13,8.15,electronics,0
7106.07,29,196700.01,12,11,8.34,utilities,0
3915.0299999999997,28,42558.6,22,15,29.5,grocery,1
5863.11,25,187545.29,14,10,8.56,utilities,0
21422.07,30,29065.86,24,9,18.58,electronics,1
5728.83,38,100058.95,22,10,23.88,entertainment,0
20793.78,24,45187.85,12,12,8.39,travel,0
21065.79,32,48174.22,13,11,5.49,travel,0
28518.239999999998,32,44853.51,13,16,20.31,travel,0
51220.770000000004,30,73898.05,13,15,4.1,travel,0
36621.36,26,85111.26,13,8,29.64,travel,0
55008.149999999994,21,37181.55,24,10,16.14,grocery,1
78103.11,48,31044.04,20,13,14.88,grocery,1
11589.51,20,37377.4,13,13,1.72,grocery,1
4016.43,53,37695.49,20,12,23.9,grocery,0
8317.23,21,45927.29,20,15,2.54,grocery,0
12282.869999999999,26,24661.46,13,12,30.63,electronics,1
11804.22,46,80795.82,18,14,18.66,utilities,0
38682.96,41,62161.76,29,13,30.17,travel,1
13927.829999999998,35,46926.93,12,14,7.51,entertainment,0
4814.61,33,49939.93,14,10,20.31,grocery,0
16763.04,25,68628.47,18,15,8.33,travel,0
62595.87,23,55719.6,36,1,19.87,grocery,1
9194.01,29,94875.88,13,7,12.96,electronics,1
5499.78,39,9125.97,23,12,3.43,electronics,0
17542.800000000003,37,118909.61,20,13,20.29,electronics,1
12446.91,30,77237.79,28,20,17.15,electronics,1
92704.04999999999,36,59120.78,34,2,57.77,electronics,1
15688.439999999999,46,32010.9,14,9,6.43,entertainment,0
7598.25,18,81477.68,13,12,32.28,grocery,1
4798.11,49,30484.16,14,21,13.38,grocery,0
4344.8099999999995,18,69403.66,15,16,7.19,grocery,1
15612.119999999999,32,54322.07,10,16,28.88,utilities,1
5588.04,31,26086.33,20,9,14.26,electronics,0
41048.28,29,78684.38,13,17,21.7,travel,1
5590.65,41,116534.5,18,14,1.83,utilities,1
19999.59,19,98664.67,13,15,0.22,entertainment,0
9091.349999999999,34,123078.26,18,13,8.09,utilities,0
14957.79,34,136977.02,13,20,16.45,travel,1
8311.74,39,79404.84,13,14,1.22,travel,0
4780.71,52,41892.91,17,18,13.84,grocery,0
24302.1,28,69416.47,12,11,3.47,travel,0
19968.63,18,20399.85,16,11,3.06,electronics,1
3123.51,32,37565.78,20,15,20.55,grocery,0
4748.22,38,146418.18,18,15,15.13,entertainment,1
6588.450000000001,19,32565.35,12,19,0.99,utilities,1
12729.24,19,54603.82,13,14,2.79,travel,0
23819.64,51,52199.49,13,19,2.06,utilities,0
22046.04,23,104266.84,28,9,30.0,travel,0
8614.41,30,75794.49,18,13,15.15,travel,0
18533.97,24,31711.28,20,11,10.32,travel,0
29559.090000000004,43,73222.98,28,14,129.12,grocery,1
29047.199999999997,29,49196.49,16,16,8.87,electronics,1
11144.73,26,81395.46,13,15,1.82,utilities,0
12614.130000000001,25,66885.17,21,13,13.52,entertainment,0
8835.24,35,103173.28,19,14,6.25,utilities,1
7722.27,22,107413.14,14,16,3.97,entertainment,0
5703.03,32,12961.3,17,19,13.94,grocery,1
9905.400000000001,48,88853.38,16,18,15.65,utilities,0
10444.2,27,154713.12,21,16,27.9,grocery,0
11386.56,23,199684.74,13,19,0.27,travel,1
62994.240000000005,32,34751.52,30,2,35.91,travel,1
9344.64,21,90288.07,11,13,0.0,travel,0
35621.67,20,126157.82,13,13,1.8,entertainment,1
22798.23,40,53047.52,35,0,110.58,grocery,1
6580.289999999999,33,71118.92,20,12,22.49,entertainment,1
19202.25,45,78815.41,12,12,2.56,travel,0
5799.51,20,55801.66,16,21,6.9,utilities,0
19816.199999999997,33,115005.81,13,18,6.71,grocery,0
5083.4400000000005,53,44262.48,13,10,2.21,electronics,0
6833.789999999999,24,73845.99,13,11,15.62,utilities,1
14596.14,39,29604.66,14,13,20.42,grocery,0
12950.52,40,30605.88,14,11,18.84,entertainment,0
14570.97,34,50288.73,15,19,2.28,utilities,0
11446.710000000001,19,67506.7,13,16,11.34,travel,0
28467.75,30,24095.49,21,8,7.28,travel,0
16506.48,25,49675.27,17,12,33.4,entertainment,0
12108.3,18,92373.32,12,14,21.85,entertainment,0
7346.13,25,35907.07,13,15,9.23,utilities,0
12345.900000000001,49,41420.31,9,14,14.44,electronics,0
20533.35,22,151493.22,17,8,1.66,travel,0
22387.949999999997,21,40478.45,13,16,8.53,grocery,0
18770.79,22,32278.52,23,11,10.23,travel,0
14551.71,38,68009.74,15,14,2.89,travel,0
14699.939999999999,31,60627.46,12,12,26.95,travel,0
31126.739999999998,23,37234.22,22,4,28.21,electronics,1
27474.510000000002,19,44268.79,18,18,9.91,entertainment,1
5925.66,41,43575.88,11,10,4.7,entertainment,0
20557.23,36,58190.29,24,5,89.25,grocery,1
9916.23,21,59356.36,13,13,11.44,electronics,0
12827.880000000001,19,207221.26,11,11,6.86,electronics,1
7544.52,21,249442.69,14,10,3.34,grocery,0
22376.19,50,46431.27,14,13,22.86,grocery,0
6608.1900000000005,39,46432.54,13,10,7.71,electronics,0
2491.2,50,100412.23,19,11,18.09,utilities,1
10596.36,28,133563.07,11,15,12.72,entertainment,1
5358.9,35,116868.29,20,18,2.9,electronics,0
18558.75,22,28091.24,36,2,95.09,grocery,1
32662.199999999997,56,32270.32,14,18,33.65,grocery,0
29568.899999999998,33,52149.57,19,7,0.26,entertainment,1
16899.239999999998,45,41517.42,10,14,10.27,utilities,0
14400.119999999999,44,20911.17,18,16,4.18,grocery,1
9721.619999999999,21,42324.02,13,15,3.22,travel,0
2944.4700000000003,25,30432.27,13,14,3.2,travel,1
12309.900000000001,25,42946.4,9,13,22.46,grocery,0
7526.3099999999995,29,63925.27,13,13,6.33,electronics,0
14896.29,25,26309.44,34,3,17.94,grocery,1
3378.0,23,71825.91,18,11,2.91,utilities,0
37257.659999999996,25,28845.56,14,9,17.96,entertainment,1
16240.02,19,44913.51,13,14,29.42,entertainment,1
9401.880000000001,18,83436.52,13,15,2.71,electronics,0
19963.38,25,27888.84,14,17,8.47,utilities,0
22793.16,26,75735.98,14,23,6.98,grocery,0
6529.530000000001,40,39784.77,13,15,2.28,utilities,0
33091.979999999996,18,131940.17,13,10,14.18,utilities,1
14363.61,54,75401.03,8,8,27.74,utilities,1
16730.07,37,97646.27,13,12,9.74,entertainment,0
66500.85,26,61102.32,12,18,14.89,travel,0
4525.950000000001,32,34263.6,16,12,15.18,electronics,1
11167.26,28,84982.45,13,14,4.11,utilities,0
11136.960000000001,25,122437.38,16,12,25.89,entertainment,1
24012.93,45,78715.99,12,15,2.07,travel,0
17870.16,34,28614.48,14,14,20.45,grocery,0
13900.77,46,63667.73,11,16,22.25,grocery,0
14736.689999999999,20,35231.85,25,2,125.07,travel,1
28289.879999999997,21,75236.22,14,10,15.62,utilities,0
8169.599999999999,30,29703.53,14,12,1.99,entertainment,1
8306.49,29,22121.81,16,15,6.79,entertainment,1
8628.45,31,107973.03,14,17,14.83,entertainment,1
4357.32,25,54549.46,16,19,8.66,grocery,1
35810.79,18,26397.74,13,13,2.79,travel,0
21996.9,31,72096.61,14,10,4.68,entertainment,0
9425.97,29,56074.89,13,2,14.16,travel,0
8067.0599999999995,45,118937.69,12,10,19.74,travel,1
7594.17,49,180550.21,13,15,10.8,grocery,1
35380.17,23,47470.21,25,0,21.57,electronics,1
9859.710000000001,30,36986.35,16,17,9.49,utilities,1
8292.06,28,58459.51,21,9,7.44,travel,0
17492.79,27,48585.09,12,21,2.59,utilities,0
3752.94,48,67306.53,13,20,0.0,utilities,0
7313.099999999999,26,63402.59,13,8,3.54,entertainment,0
8713.98,41,84920.93,14,13,11.78,travel,0
18338.489999999998,19,70573.62,21,8,14.77,electronics,0
4325.07,49,35684.56,12,14,14.36,grocery,0
7442.039999999999,19,64266.91,12,7,23.12,entertainment,0
22094.82,18,38166.86,29,2,120.14,electronics,1
21871.86,28,36140.8,14,13,10.04,utilities,0
7884.719999999999,35,110753.11,18,14,3.19,entertainment,0
6995.9400000000005,34,59358.25,13,13,4.7,entertainment,0
12876.689999999999,48,99080.94,14,13,10.78,utilities,0
16617.329999999998,37,70493.5,17,19,28.17,electronics,0
50972.13,34,112036.1,12,12,10.47,entertainment,0
12088.619999999999,54,143674.98,12,13,1.05,electronics,0
11680.11,48,75833.49,18,11,15.81,entertainment,1
8322.66,27,14645.53,13,14,11.31,travel,1
6158.37,36,55484.36,21,14,24.75,grocery,1
14157.060000000001,27,212329.42,11,13,2.51,electronics,1
11619.03,20,68951.43,16,11,15.71,travel,0
17368.739999999998,47,76895.53,13,13,9.27,entertainment,1
18758.82,18,20966.52,27,2,73.26,travel,1
2544.81,33,77588.96,13,16,9.01,grocery,0
4382.700000000001,20,44862.66,11,9,4.99,travel,1
35297.520000000004,39,49016.09,21,12,17.44,electronics,0
28815.18,18,40932.98,18,14,21.34,utilities,0
9465.24,29,56169.21,12,15,14.92,grocery,0
42916.770000000004,22,26600.85,16,18,39.27,electronics,0
11883.57,39,51490.42,7,1,27.11,travel,1
11694.75,41,129352.31,14,15,17.63,utilities,0
38122.26,27,68056.08,14,15,24.26,grocery,0
9178.41,28,48406.26,13,16,14.57,utilities,0
14449.619999999999,47,94093.69,12,14,7.15,utilities,0
12971.880000000001,48,68663.78,12,17,4.23,utilities,0
39407.28,22,81286.02,9,5,9.31,travel,1
24398.85,38,19542.5,13,12,1.13,grocery,0
32959.53,44,43660.64,13,18,0.49,utilities,1
85571.85,23,115093.2,35,12,15.94,electronics,1
10295.039999999999,43,47788.69,13,20,6.27,grocery,0
18802.77,25,37514.78,21,14,2.79,electronics,0
17455.47,31,69724.39,24,15,16.47,travel,0
12370.079999999998,35,60129.45,19,15,26.64,grocery,1
8471.369999999999,31,56978.29,13,12,22.37,entertainment,0
28104.149999999998,28,94745.48,19,9,14.98,utilities,0
10362.03,25,44715.81,12,11,2.62,entertainment,0
7305.6900000000005,46,29254.13,13,10,7.17,utilities,0
20028.93,26,69795.37,24,9,20.11,electronics,1
41597.79,40,66386.4,8,14,4.5,travel,0
33465.81,35,37136.99,10,14,0.0,electronics,1
28726.92,45,71057.05,13,9,29.81,entertainment,0
17070.6,42,22851.43,37,0,154.95,electronics,1
9321.0,31,56389.88,13,17,24.67,utilities,1
6568.26,45,86190.73,9,22,12.01,electronics,0
7290.960000000001,33,31565.6,14,20,14.25,grocery,0
6294.900000000001,27,68414.37,14,12,14.72,utilities,1
8603.28,18,32148.86,18,15,19.75,entertainment,0
21407.04,19,86879.78,26,11,17.38,travel,1
9381.45,37,29195.86,14,14,4.23,entertainment,0
5897.5199999999995,26,62164.54,11,15,16.64,travel,0
36327.899999999994,29,181323.0,13,15,3.59,electronics,0
5589.78,37,58897.15,13,9,18.2,electronics,0
14080.650000000001,31,33112.17,14,8,3.96,entertainment,0
5349.450000000001,40,57260.39,14,15,1.65,grocery,1
5037.84,65,36306.46,14,10,10.8,grocery,1
9286.77,24,84831.68,12,16,12.19,entertainment,0
11826.51,52,51353.85,12,10,10.27,utilities,1
40638.51,23,33427.22,26,7,103.95,electronics,1
38755.5,37,35056.61,15,20,16.31,entertainment,0
14728.98,29,42081.9,24,20,15.36,grocery,0
47928.840000000004,35,38813.28,35,2,130.0,electronics,1
42320.61,18,33212.24,33,5,88.55,electronics,1
53583.03,41,69789.55,24,2,102.28,electronics,1
32530.77,18,27754.15,15,20,18.93,entertainment,0
44071.8,18,38761.75,20,13,32.71,travel,1
19025.88,28,34976.23,12,8,12.54,travel,0
14887.650000000001,31,92073.14,11,20,11.62,entertainment,1
30799.260000000002,26,77185.76,14,10,28.05,utilities,1
7303.83,38,104210.78,14,14,4.57,utilities,0
10714.68,24,117294.45,14,11,16.91,utilities,1
16806.57,41,66022.06,18,17,2.17,electronics,0
14460.48,31,23831.72,10,17,1.97,travel,1
37727.04,37,88551.84,25,18,4.0,electronics,1
19332.84,25,41585.45,12,9,18.0,grocery,0
33434.97,18,197734.87,13,16,10.95,travel,1
10657.349999999999,30,57430.15,12,17,3.23,electronics,0
6494.25,22,27576.71,14,15,10.14,utilities,1
20611.050000000003,26,38982.74,19,10,4.07,electronics,0
6123.63,32,56149.63,18,11,26.07,utilities,1
21470.07,19,47959.59,14,14,30.99,utilities,0
24457.829999999998,55,43083.83,17,8,6.02,travel,0
87999.51,46,122887.89,11,12,16.46,travel,1
16826.28,18,36162.27,33,13,10.28,electronics,0
17665.44,30,28261.23,14,12,20.03,entertainment,1
26948.879999999997,58,29769.61,13,15,3.93,grocery,0
24272.16,34,25346.6,15,11,17.37,grocery,1
6358.23,31,90112.99,18,8,3.44,entertainment,1
7347.900000000001,29,37210.62,13,10,10.9,electronics,1
2944.68,18,63458.42,12,10,26.38,entertainment,0
15785.64,41,128876.67,9,10,21.63,electronics,0
38436.81,31,22256.61,27,3,98.09,travel,1
13816.170000000002,36,43697.56,18,17,5.61,electronics,1
22787.73,29,47659.69,14,6,87.65,grocery,1
9933.24,33,89315.6,12,13,17.39,travel,0
10029.39,39,207965.37,17,14,9.12,travel,0
7482.27,24,52109.67,14,14,3.97,entertainment,0
6799.77,48,147901.66,18,23,17.19,grocery,1
23954.579999999998,42,46423.54,13,12,22.69,travel,0
7969.08,32,137559.63,11,10,2.38,electronics,1
18061.53,18,31095.38,23,20,62.99,electronics,1
10845.18,51,79041.21,19,15,3.91,utilities,0
12633.21,36,62407.45,15,15,21.52,utilities,0
20222.16,29,51131.11,15,10,28.1,travel,0
12837.420000000002,26,54377.25,14,15,2.62,travel,0
14352.72,27,127435.9,21,12,17.12,travel,0
33581.04,39,30644.46,14,9,12.14,electronics,0
8688.06,18,46675.85,11,13,16.89,entertainment,0
24875.340000000004,29,61041.68,14,18,12.87,utilities,0
10839.210000000001,18,70091.46,13,12,2.66,travel,0
42713.76,48,48799.11,19,14,16.9,grocery,1
14506.650000000001,56,65028.71,14,15,7.24,entertainment,1
9547.74,34,69050.57,15,16,16.16,utilities,0
12580.86,34,55560.91,12,13,25.26,entertainment,1
3380.01,25,95759.91,11,14,17.56,grocery,1
13666.829999999998,47,68355.59,13,14,16.14,utilities,0
20293.079999999998,39,75674.77,17,14,16.12,electronics,0
19492.62,50,35422.78,12,14,2.61,travel,0
36903.42,38,40030.64,10,10,33.97,electronics,0
8016.150000000001,19,70058.59,13,15,20.37,electronics,0
14991.21,38,73318.87,15,11,2.93,travel,0
8243.849999999999,23,64941.31,35,12,20.37,electronics,0
29120.73,34,83696.33,14,12,6.1,utilities,1
4254.2699999999995,19,81464.43,14,9,21.37,utilities,0
42304.53,19,45575.84,27,8,47.12,electronics,1
23139.0,32,35766.31,12,20,17.84,grocery,1
4789.950000000001,28,78180.98,13,18,13.74,utilities,1
30052.409999999996,20,71763.67,14,11,15.29,travel,0
42998.13,44,69261.67,37,2,15.88,grocery,1
21311.13,23,88286.72,10,18,7.99,travel,0
7446.150000000001,42,38077.77,14,9,3.89,travel,1
11717.73,22,72069.78,16,17,17.38,travel,0
40397.25,18,35403.84,25,2,111.78,grocery,1
13874.97,26,27552.13,36,14,29.88,grocery,1
7823.37,35,94775.86,15,11,3.67,utilities,1
16104.150000000001,45,26333.89,36,5,27.05,travel,1
10747.89,25,163871.91,18,13,17.73,grocery,1
16796.73,23,42672.07,18,14,20.91,electronics,0
9650.28,29,97327.2,16,11,18.71,travel,0
16652.88,43,89472.84,16,14,11.67,grocery,0
19811.4,33,40330.45,13,13,0.0,electronics,1
6653.849999999999,44,74410.23,14,10,15.17,utilities,0
6033.66,24,29103.46,19,18,31.61,electronics,1
5367.450000000001,18,93095.15,15,14,18.09,utilities,0
4759.5599999999995,40,75437.56,14,20,34.09,grocery,1
37705.89,36,148378.04,20,11,12.91,electronics,1
10830.84,26,106253.87,21,21,2.43,electronics,0
15724.079999999998,39,75976.83,18,13,5.68,travel,1
43009.350000000006,18,34401.68,20,11,7.88,travel,1
64113.54,42,126538.55,13,13,17.74,entertainment,0
10812.869999999999,36,71476.32,23,8,4.03,electronics,0
12110.28,26,88929.79,20,11,12.14,electronics,0
6409.92,24,85809.45,13,16,1.39,electronics,0
22486.68,37,181325.0,18,23,9.29,utilities,0
18045.54,23,68644.24,13,10,3.75,grocery,0
27531.899999999998,26,21040.97,14,13,13.34,utilities,0
21396.329999999998,18,66619.37,15,12,7.17,electronics,1
19833.239999999998,23,58663.13,13,14,2.04,travel,0
44045.76,49,23507.73,22,13,16.81,electronics,1
47403.659999999996,40,83617.75,14,12,15.09,utilities,0
26553.72,18,71785.04,21,17,38.39,utilities,1
21490.59,42,58995.14,15,18,21.15,entertainment,0
9986.52,31,60298.26,15,15,15.15,grocery,0
11488.349999999999,47,60752.24,11,12,4.76,utilities,0
23975.579999999998,22,36103.09,13,13,6.3,travel,0
13336.829999999998,24,45604.0,10,7,13.99,grocery,0
6547.92,23,35889.66,10,9,8.89,electronics,0
14559.449999999999,25,162921.91,28,17,2.44,electronics,0
13672.77,23,112014.09,25,9,15.0,travel,1
14558.550000000001,40,32983.03,11,16,0.74,travel,1
14865.96,28,127940.22,18,15,7.04,electronics,1
8840.73,22,41126.93,18,9,24.96,travel,1
13626.51,20,59440.83,14,23,41.6,utilities,0
43377.75,40,42872.2,32,16,31.28,travel,1
7212.75,32,250742.25,13,11,26.53,utilities,0
10021.47,29,64176.91,12,10,19.8,entertainment,0
64387.86,28,31236.5,29,2,102.45,electronics,1
26948.25,18,32119.53,28,1,61.7,travel,1
22973.19,18,72770.6,14,10,13.06,utilities,0
3480.42,30,148773.3,18,15,7.0,utilities,0
13116.09,18,110895.71,13,13,16.06,entertainment,1
14992.11,46,85005.2,10,23,12.72,utilities,0
21215.699999999997,36,30566.25,12,9,15.13,entertainment,1
12116.49,26,42873.9,15,14,4.17,utilities,0
30814.11,50,19260.56,16,19,23.4,electronics,1
9336.869999999999,36,90427.13,19,12,3.4,entertainment,0
19967.79,24,40868.77,13,16,20.81,travel,1
13506.329999999998,23,65889.21,14,19,9.17,electronics,0
24235.29,49,27127.81,14,22,17.68,utilities,1
24660.510000000002,42,111378.65,18,12,4.94,electronics,0
17847.06,19,188796.15,15,12,13.73,utilities,0
9329.25,33,86244.53,13,14,10.81,travel,0
8674.95,30,165287.1,14,10,0.62,grocery,1
9592.14,33,54402.86,19,11,15.38,grocery,1
6731.43,34,106096.06,13,18,13.46,electronics,1
36705.149999999994,37,70073.36,13,10,9.83,travel,1
38584.05,50,33987.9,16,16,0.0,electronics,0
6214.26,18,75870.81,10,14,15.39,travel,0
12422.76,37,67414.01,14,17,3.61,entertainment,0
8036.25,26,79767.79,14,14,0.04,electronics,0
5983.9800000000005,26,120685.03,14,18,2.92,utilities,0
32392.47,23,36758.04,13,15,1.31,grocery,0
41391.06,18,61257.55,28,3,39.34,grocery,1
6028.53,43,23980.62,13,13,0.95,grocery,0
34020.090000000004,32,81336.62,29,20,29.84,utilities,1
5719.29,30,80204.2,13,21,12.83,utilities,1
25737.899999999998,55,174190.7,11,16,2.51,electronics,0
9616.2,29,72078.26,14,15,1.77,travel,0
17081.670000000002,19,36428.11,15,14,13.26,utilities,1
19046.04,24,29010.03,11,17,11.56,grocery,1
11406.960000000001,30,43542.48,20,11,9.47,travel,1
30908.340000000004,31,71340.43,19,13,16.65,grocery,1
23644.14,18,26716.55,23,8,38.18,grocery,1
12746.699999999999,39,70424.83,14,15,10.88,electronics,1
5902.14,25,107166.55,13,12,4.18,entertainment,1
17760.12,48,85435.21,16,11,13.75,utilities,1
50525.399999999994,41,98365.69,15,15,14.91,travel,0
7988.700000000001,23,183548.36,12,16,11.1,electronics,0
14797.199999999999,33,46678.49,18,18,14.74,grocery,1
5332.65,24,53832.33,17,16,34.19,grocery,0
5143.08,26,88084.63,24,18,6.8,electronics,0
16803.989999999998,30,48553.09,13,10,1.8,grocery,0
25497.69,26,43541.32,21,12,21.11,grocery,0
21842.579999999998,33,44699.78,12,13,15.23,travel,0
29780.64,24,41619.65,10,5,23.09,entertainment,1
26097.48,48,56362.19,13,15,6.41,grocery,0
29634.81,18,20339.04,11,18,1.07,electronics,1
35105.909999999996,18,142205.54,18,10,14.32,travel,0
12262.92,33,77854.51,16,11,2.7,travel,0
14473.47,51,75411.37,13,16,6.65,electronics,0
30028.14,21,19080.18,28,7,84.74,travel,1
22484.52,24,96024.45,13,9,12.8,utilities,0
5597.46,25,26134.42,14,12,1.61,electronics,0
30111.93,35,98837.38,25,2,83.84,grocery,1
13603.02,45,86014.7,16,13,28.22,entertainment,1
8808.78,36,37087.07,13,14,13.69,utilities,1
79431.69,28,58498.38,24,4,31.18,electronics,1
32329.47,24,59899.77,23,2,38.86,electronics,1
9930.03,33,46109.37,12,19,0.44,grocery,1
4938.42,31,51661.67,13,15,6.45,grocery,1
11882.82,28,144555.79,14,18,8.82,utilities,0
20185.32,27,26110.84,17,20,3.2,utilities,0
8300.67,18,52900.27,10,9,11.72,electronics,0
11642.43,32,33557.91,19,12,3.68,electronics,0
6952.41,35,112831.29,16,13,19.89,grocery,1
10296.03,21,79164.49,14,19,15.59,entertainment,1
7944.87,30,54740.48,9,14,34.99,entertainment,1
2252.34,30,44580.6,13,15,0.0,electronics,0
9157.95,27,92705.77,16,12,17.65,utilities,0
11692.349999999999,19,61558.4,16,13,27.18,travel,1
19965.66,24,64686.77,9,14,1.88,entertainment,1
4265.7300000000005,20,168636.6,14,17,4.03,grocery,1
11465.039999999999,52,100416.36,14,17,4.63,electronics,1
11705.82,34,87857.88,13,12,0.59,electronics,0
24599.73,49,72915.13,16,18,5.57,electronics,0
7688.549999999999,25,88443.59,13,18,10.93,utilities,0
44584.590000000004,30,74397.06,14,14,3.75,travel,0
23361.66,29,38600.94,11,11,20.08,utilities,1
5441.1900000000005,18,48019.0,17,8,11.0,utilities,0
26699.100000000002,45,81277.98,13,13,3.73,grocery,0
11654.22,42,25672.81,13,16,1.36,entertainment,0
9454.32,25,193962.3,18,14,0.85,utilities,0
12569.01,33,47692.06,13,12,3.69,travel,0
19654.23,31,46666.36,18,13,9.76,grocery,0
16499.46,30,57096.44,12,18,8.23,utilities,0
10171.650000000001,55,35741.81,14,14,3.03,utilities,0
31022.19,33,38461.71,12,10,14.31,travel,1
19623.510000000002,36,63047.23,21,4,21.5,travel,1
20269.829999999998,24,48317.8,13,16,7.29,entertainment,1
29970.57,27,212310.02,13,11,30.48,travel,1
6651.51,34,62821.26,18,9,17.15,entertainment,1
14582.46,21,62180.03,23,5,87.95,travel,1
10766.49,48,124552.29,12,10,8.91,travel,1
44928.090000000004,45,51952.76,13,19,11.75,entertainment,1
12226.17,26,33132.43,14,10,4.52,entertainment,1
18369.239999999998,64,86422.38,12,10,20.02,travel,0
11836.86,30,30075.5,11,14,40.2,entertainment,1
41669.22,18,55898.09,23,9,16.75,travel,1
18031.71,19,54857.75,22,9,8.19,travel,1
12116.099999999999,46,36771.69,19,20,7.63,electronics,0
9075.69,29,105809.78,13,11,15.03,travel,0
37213.56,47,57595.8,21,15,16.45,utilities,0
36745.020000000004,27,96555.38,11,10,30.1,electronics,0
107815.11000000002,44,57814.36,25,5,106.1,grocery,1
9994.08,21,68489.7,13,11,8.38,travel,0
38645.61,29,41605.44,20,17,8.16,entertainment,1
3948.93,26,141676.19,12,12,16.63,grocery,0
26824.53,18,98058.57,34,3,55.01,grocery,1
13064.91,39,82986.66,10,19,15.85,entertainment,1
16127.61,46,37113.07,14,15,27.1,entertainment,1
89258.58,37,36460.87,22,7,3.37,travel,1
10681.44,22,59547.44,12,17,5.21,electronics,0
12088.05,20,39274.6,14,11,3.59,electronics,0
14642.16,27,10801.47,10,17,33.02,grocery,0
9994.92,35,58608.6,13,12,0.74,utilities,0
25527.93,39,21927.29,19,21,7.56,utilities,0
10368.99,33,47604.9,14,10,12.73,utilities,1
7831.349999999999,39,76756.4,20,11,4.04,travel,0
10976.94,30,176706.25,13,9,0.0,grocery,1
12334.47,34,54348.88,11,11,4.11,travel,0
17284.170000000002,29,65757.63,13,13,27.88,travel,0
9938.31,31,78538.42,14,13,32.24,electronics,0
17091.72,36,44764.68,13,22,19.94,entertainment,0
38468.01,40,90226.57,14,14,17.31,electronics,0
14791.380000000001,31,80052.08,11,18,4.78,entertainment,0
8709.630000000001,49,44829.02,19,10,3.79,grocery,0
25071.300000000003,38,36833.94,33,19,21.36,electronics,1
16704.27,34,33659.89,23,2,9.72,travel,1
6996.93,18,35125.24,18,11,2.69,travel,0
4265.9400000000005,30,71126.49,13,10,2.83,electronics,0
39866.520000000004,25,31860.43,11,9,2.65,travel,0
34111.92,29,19710.82,33,1,31.64,travel,1
5145.57,32,43957.39,13,13,19.68,electronics,0
6669.6900000000005,39,50123.56,14,10,8.29,utilities,0
2227.71,46,139983.75,21,17,12.26,grocery,0
11583.27,33,91202.17,21,11,18.96,travel,1
19765.949999999997,32,34698.22,27,12,115.0,grocery,1
11356.11,44,43853.81,13,8,2.37,travel,0
4690.799999999999,45,196531.88,14,17,3.5,travel,0
4621.65,20,34251.49,10,11,3.99,grocery,0
13232.46,33,108494.85,14,17,3.04,entertainment,1
10769.94,24,40017.9,14,13,16.8,grocery,0
9385.5,28,70340.54,14,21,1.9,travel,0
5618.16,28,57109.85,19,15,12.11,electronics,0
13343.16,25,27855.66,13,11,1.91,entertainment,1
9125.97,45,238546.05,17,22,24.65,grocery,1
39738.54,31,23473.54,23,1,16.0,travel,1
21779.61,49,37627.1,14,15,29.41,utilities,1
16056.99,32,16022.62,13,13,6.2,travel,0
19503.78,30,35169.81,30,16,45.4,travel,1
8878.619999999999,41,62477.57,14,16,2.65,electronics,0
29838.57,48,163465.2,14,11,19.92,utilities,0
7975.17,27,85939.55,13,8,7.41,utilities,0
15339.39,33,79007.3,18,17,15.1,electronics,0
6169.650000000001,53,144545.85,14,14,3.77,grocery,0
27706.47,39,115515.69,17,15,6.6,travel,0
7971.48,19,72499.41,14,16,29.82,grocery,1
5781.6900000000005,27,26765.36,18,9,25.51,grocery,1
14681.64,44,66735.78,18,16,4.09,electronics,0
7590.36,18,223445.26,11,13,17.8,utilities,1
8584.92,39,42531.22,14,14,13.42,utilities,0
7642.469999999999,53,37339.14,19,12,15.2,grocery,0
7492.17,23,304509.27,14,15,15.89,utilities,0
5274.18,29,58941.06,14,15,2.98,grocery,1
21917.4,46,25430.12,35,14,23.62,electronics,1
8434.23,45,89598.11,14,15,18.44,entertainment,0
8751.150000000001,25,75063.82,11,3,2.53,utilities,0
5014.7699999999995,34,109702.11,10,16,2.82,grocery,0
9081.99,22,55637.34,11,10,11.02,travel,0
23897.1,31,179231.2,10,7,2.69,entertainment,0
9551.789999999999,29,115666.08,14,15,1.02,entertainment,1
23853.81,45,255746.73,10,15,7.18,utilities,0
14494.829999999998,28,46895.09,11,16,2.38,travel,1
15023.369999999999,19,35641.14,11,19,18.21,entertainment,0
38112.149999999994,18,44395.35,13,16,11.63,utilities,0
21851.07,27,57125.53,14,17,7.21,electronics,1
8653.02,51,44367.47,13,15,8.21,utilities,0
7161.84,18,69742.54,13,12,2.98,travel,1
11598.09,35,90970.4,13,13,4.27,grocery,1
48973.649999999994,28,90634.43,7,13,7.38,entertainment,0
10571.849999999999,34,122418.14,11,8,14.21,entertainment,1
11986.53,33,63964.16,20,18,13.83,utilities,0
9967.380000000001,25,44633.29,13,10,1.26,electronics,0
12248.099999999999,34,96372.59,14,7,9.49,entertainment,0
6749.88,30,62091.06,15,9,12.98,travel,0
29113.53,18,92400.32,14,14,12.99,electronics,1
74599.23,23,62424.19,18,8,6.89,electronics,0
10571.789999999999,38,48369.2,11,12,18.27,electronics,1
24180.0,20,116477.29,16,14,16.67,entertainment,0
19928.489999999998,19,61016.44,13,19,33.35,electronics,1
11654.22,27,75898.46,13,12,13.52,utilities,1
8688.210000000001,39,27326.84,11,18,15.14,utilities,1
21257.85,20,126457.05,28,16,31.07,electronics,1
7309.710000000001,25,166009.35,13,13,2.94,entertainment,1
6508.530000000001,33,50131.52,14,13,24.32,travel,0
13870.5,22,56476.71,11,11,1.42,travel,0
14003.07,22,76152.58,23,10,19.17,electronics,0
28015.29,26,19650.0,20,16,3.31,grocery,1
35714.58,39,54883.24,23,1,26.61,electronics,1
21578.82,44,93249.08,10,16,2.95,utilities,0
11217.869999999999,25,29454.9,18,14,5.84,electronics,1
5082.9,28,39519.79,14,16,2.24,grocery,0
16375.349999999999,18,61611.68,22,9,6.47,travel,1
9131.55,31,166521.03,12,15,29.85,grocery,0
13100.550000000001,19,77472.73,12,21,0.71,electronics,0
6168.48,26,92497.69,14,12,15.64,utilities,0
26227.11,30,30305.05,18,15,15.17,travel,0
8353.68,28,24030.1,14,16,2.86,grocery,0
29825.07,25,48079.43,18,14,9.08,utilities,1
10465.92,33,43994.98,19,8,0.51,travel,1
14924.28,18,74412.13,15,13,28.6,entertainment,0
5805.93,28,25712.3,15,19,27.25,grocery,0
10511.460000000001,24,50002.16,15,17,18.1,utilities,1
10241.22,18,70396.03,12,9,9.9,grocery,0
24091.920000000002,27,27796.67,14,22,22.33,travel,1
22822.38,45,81016.32,14,21,9.28,grocery,0
25551.33,25,30799.24,25,14,121.52,electronics,1
13416.869999999999,23,183820.73,14,9,20.3,utilities,1
10652.130000000001,18,55687.92,13,12,2.15,utilities,0
2351.31,22,86399.6,10,14,12.41,grocery,0
18574.41,34,49262.45,22,2,13.93,electronics,1
12202.53,23,27353.16,14,10,15.17,utilities,0
28985.22,34,41926.34,30,3,135.1,electronics,1
14872.89,29,22531.23,23,21,10.2,electronics,0
3245.88,23,88769.36,15,13,13.69,electronics,1
11049.24,52,77344.4,11,11,13.76,electronics,0
5007.93,27,69715.15,14,16,14.06,grocery,0
5095.68,33,34109.45,14,14,2.64,electronics,0
13047.03,39,138088.89,14,15,7.18,electronics,1
20843.31,23,30642.84,27,1,35.6,grocery,1
19000.079999999998,42,53405.37,27,16,5.76,travel,0
12529.5,36,20472.85,11,17,16.66,utilities,1
19826.88,32,90898.41,13,8,2.15,electronics,0
7937.1900000000005,33,67197.08,14,13,19.67,utilities,0
7878.539999999999,30,41047.33,20,7,7.43,entertainment,1
20311.260000000002,33,54701.5,19,12,8.81,entertainment,0
17539.170000000002,22,147555.8,13,15,7.92,travel,1
13057.800000000001,27,101081.17,17,11,23.95,utilities,1
23456.88,22,61168.13,14,15,15.27,grocery,0
9319.59,19,97247.93,13,12,8.61,entertainment,0
17934.12,19,177486.07,11,15,11.32,electronics,0
7539.0599999999995,25,53769.05,14,9,2.16,grocery,0
9064.68,20,73535.95,13,10,6.27,entertainment,1
6782.07,47,84450.07,19,13,5.45,electronics,0
38144.64,18,29603.84,26,4,47.06,electronics,1
5818.65,32,338983.8,14,10,9.89,utilities,1
7599.8099999999995,28,101085.44,15,6,5.25,entertainment,0
9602.22,36,38730.77,13,18,19.2,utilities,1
27893.28,28,136521.38,13,8,14.92,entertainment,0
38762.520000000004,30,67062.32,22,17,1.79,grocery,1
13925.939999999999,38,62443.81,20,22,5.78,grocery,0
31431.42,19,33783.21,18,12,14.95,utilities,0
23053.77,27,171380.31,12,14,3.66,travel,0
23994.329999999998,37,67611.83,13,17,0.45,electronics,0
21570.93,35,105473.69,31,17,7.31,electronics,0
44032.89,24,33021.68,20,6,75.21,travel,1
28698.600000000002,35,119452.17,13,12,3.3,entertainment,0
4243.799999999999,28,57527.61,14,19,7.9,utilities,0
7325.58,40,89106.25,14,12,14.91,electronics,0
12077.25,47,57463.05,8,11,1.37,travel,0
9100.26,33,42808.94,17,14,0.95,entertainment,1
59339.79,50,35032.37,26,3,17.5,electronics,1
22545.329999999998,37,49557.54,14,15,18.55,entertainment,1
26579.46,29,65889.0,13,12,19.83,electronics,0
21206.1,34,215141.78,10,11,35.74,entertainment,1
15788.07,27,49555.56,12,15,13.79,utilities,0
6284.460000000001,52,22726.02,11,13,10.9,entertainment,0
16110.54,19,102121.05,14,16,6.15,utilities,1
28814.52,22,49005.14,12,7,26.84,electronics,1
10383.48,35,50880.17,8,10,22.31,travel,0
20479.89,24,72346.18,21,2,40.42,electronics,1
15014.849999999999,21,67965.12,30,8,30.11,electronics,1
11509.68,51,37006.94,17,18,9.54,electronics,0
18211.77,18,132727.72,20,12,33.87,travel,0
22180.71,46,42111.07,35,4,17.45,electronics,1
23107.86,32,82639.46,9,17,5.41,entertainment,0
7131.0,31,74690.05,11,10,25.67,travel,0
14513.91,30,71018.45,15,18,7.94,grocery,1
11707.380000000001,26,33166.67,28,15,26.21,grocery,0
32683.71,43,56820.98,22,6,8.0,travel,1
17752.32,46,131489.1,13,16,18.38,entertainment,0
12110.07,23,32759.89,14,0,23.93,utilities,1
16282.29,18,69176.8,25,11,29.25,electronics,1
19506.12,25,77738.56,22,5,117.5,travel,1
6692.280000000001,34,44147.21,12,20,17.77,grocery,0
6139.74,19,95809.3,15,16,3.59,entertainment,0
10087.5,39,139769.27,19,18,18.84,travel,1
12344.46,26,126640.23,16,15,19.48,utilities,0
31364.340000000004,20,109630.18,14,12,13.84,entertainment,0
14405.189999999999,32,60807.36,20,10,16.22,travel,0
17230.739999999998,35,18890.57,14,8,2.17,electronics,0
46013.850000000006,26,25945.24,18,13,21.96,travel,0
6103.2300000000005,59,15531.06,14,12,12.46,utilities,0
13458.48,45,85063.71,12,18,1.23,electronics,0
13522.11,36,37099.95,14,15,14.92,utilities,0
18030.69,42,34131.2,13,12,19.89,electronics,0
18480.84,42,64880.74,20,8,17.91,electronics,1
8544.900000000001,24,39206.14,13,10,1.05,utilities,1
31588.56,28,103711.06,8,14,12.36,entertainment,0
25228.83,20,137518.67,12,13,23.39,utilities,1
9383.369999999999,42,136716.73,14,8,15.13,utilities,1
68275.44,36,90944.26,20,10,2.74,travel,1
14148.0,29,48538.49,21,16,0.03,electronics,1
18934.32,27,159624.83,13,14,9.82,electronics,0
14927.76,45,55656.3,13,17,4.06,travel,0
23198.04,28,73375.63,17,11,19.13,entertainment,1
17976.420000000002,31,79259.79,13,12,12.97,travel,1
11362.289999999999,32,30591.29,29,7,26.55,electronics,1
28794.33,21,51812.35,30,15,3.95,travel,0
59031.509999999995,18,85520.21,15,16,3.56,travel,1
21393.63,21,96762.43,27,19,0.8,electronics,0
10508.73,18,106832.67,11,12,14.33,travel,1
6812.039999999999,41,100705.41,14,11,2.18,electronics,0
34752.090000000004,19,77383.22,25,11,15.67,electronics,1
9771.39,24,52438.03,7,14,1.41,travel,0
28537.739999999998,25,58414.12,13,14,14.23,grocery,0
7353.33,50,39696.7,14,8,16.09,entertainment,0
6848.789999999999,27,51037.42,13,13,17.77,utilities,0
21204.15,22,31939.41,13,11,7.79,travel,1
17063.550000000003,26,83398.99,17,14,11.9,travel,0
14998.829999999998,53,88705.92,10,13,8.83,electronics,0
10334.880000000001,18,93787.82,14,16,2.25,utilities,1
6791.43,48,57951.38,18,11,3.44,utilities,0
33538.32,19,62018.49,18,18,17.5,utilities,1
8004.66,32,102054.36,14,13,8.8,grocery,1
23355.03,57,46125.47,20,13,7.55,entertainment,1
28018.98,33,46054.11,33,9,1.27,electronics,0
37945.71,33,36731.5,20,15,1.96,travel,0
4609.59,26,41626.57,13,12,2.08,utilities,0
19358.94,28,157108.34,20,11,11.28,utilities,0
9062.369999999999,37,76222.18,26,9,19.64,electronics,1
22880.43,49,75504.32,10,12,1.24,travel,0
3057.9900000000002,35,200633.82,12,12,25.53,utilities,1
32848.020000000004,31,156088.32,28,10,26.23,electronics,0
44231.7,34,122020.18,29,4,88.87,grocery,1
7344.51,35,30382.25,12,12,15.69,travel,0
12974.04,30,223512.42,10,16,5.51,travel,1
13800.599999999999,33,57269.81,20,17,7.58,travel,1
25658.43,27,82587.52,19,6,5.2,utilities,0
12155.52,30,37374.87,18,11,19.23,entertainment,1
2714.55,29,45325.72,13,11,27.57,grocery,0
20145.18,34,55959.14,13,12,26.94,entertainment,0
8739.630000000001,24,86864.66,13,23,15.15,utilities,1
28500.33,18,124560.89,21,9,7.97,utilities,0
8424.45,25,44120.71,13,18,8.44,entertainment,0
5618.9400000000005,46,204616.55,15,11,9.72,travel,0
36126.57,43,31517.55,25,17,8.74,electronics,1
31738.739999999998,19,32501.7,20,5,91.6,grocery,1
88754.37,18,100933.75,27,2,43.71,grocery,1
14868.57,22,163606.86,10,11,21.86,utilities,0
5726.700000000001,23,41348.28,21,9,13.86,electronics,0
7309.4400000000005,26,121567.89,13,20,0.24,electronics,0
16195.23,25,47109.93,13,16,14.69,entertainment,0
19188.75,30,43500.94,17,10,119.17,electronics,1
7698.66,24,102261.98,13,12,17.46,utilities,0
10038.09,40,51124.97,9,12,5.46,travel,1
6919.349999999999,25,67088.21,13,8,7.75,entertainment,0
23558.13,40,69924.16,18,14,14.62,utilities,0
9009.630000000001,30,63368.16,23,16,1.07,electronics,0
18130.41,19,311915.59,12,12,16.84,electronics,0
8532.0,32,45284.37,10,15,7.4,travel,1
8213.01,32,146270.8,13,9,13.85,entertainment,0
7644.33,31,80305.24,14,12,1.67,grocery,0
5654.85,51,316488.45,14,9,1.54,utilities,0
34641.3,33,73795.1,12,9,10.43,entertainment,1
30376.14,30,159761.0,14,12,20.15,travel,1
18153.81,32,40459.85,14,12,3.71,travel,0
19488.87,23,64598.89,15,14,12.03,utilities,1
64090.59,29,26990.85,22,5,19.94,electronics,1
32543.489999999998,27,45771.44,12,14,23.06,travel,0
16614.39,30,36443.01,22,1,47.67,electronics,1
10662.81,23,121762.07,14,17,7.48,entertainment,0
5849.61,31,81210.77,12,19,1.89,utilities,0
29273.010000000002,34,23578.07,14,8,17.73,travel,0
10983.84,24,71149.91,13,10,3.32,travel,0
47086.89,29,77874.96,19,13,16.72,travel,1
7850.52,22,31815.6,10,13,10.73,entertainment,0
15620.400000000001,32,58874.12,9,20,31.04,travel,0
28810.53,31,230163.97,18,17,9.02,utilities,0
16543.53,23,84920.23,9,14,6.0,utilities,0
8893.92,25,61809.01,12,16,14.2,entertainment,1
5866.049999999999,19,79649.16,15,14,9.48,utilities,0
6116.97,46,28970.63,10,17,1.28,utilities,0
13550.64,21,67171.34,18,8,10.61,utilities,0
12332.79,24,71797.12,13,12,3.72,utilities,0
34420.5,49,71293.26,21,11,30.27,utilities,0
6009.2699999999995,32,86383.12,16,8,4.65,electronics,0
5048.34,18,18310.24,12,10,9.48,utilities,0
12019.08,27,65980.91,21,20,12.05,utilities,1
9443.099999999999,35,99441.79,14,13,3.22,utilities,0
10765.41,33,29013.24,14,14,3.56,entertainment,0
46748.76,30,21437.48,13,12,4.11,travel,0
17389.11,47,57143.05,23,16,3.89,utilities,1
16349.880000000001,19,63744.39,14,13,11.94,electronics,0
3450.18,47,213688.72,15,15,15.2,utilities,0
16466.82,29,49660.72,20,10,18.68,travel,0
18947.31,18,208654.98,16,12,35.71,entertainment,0
7528.77,28,136196.97,15,12,14.68,grocery,0
24239.07,25,101076.28,14,12,4.04,utilities,0
7959.450000000001,33,81537.6,7,19,5.95,electronics,0
7461.780000000001,20,78350.42,12,17,8.57,travel,1
8677.44,30,74344.9,18,12,11.93,grocery,1
5802.6,22,106288.73,13,20,13.29,grocery,1
22425.69,35,20167.62,11,15,5.12,entertainment,0
2648.13,25,35326.07,14,11,24.12,electronics,1
11423.789999999999,37,93886.51,13,12,4.23,electronics,0
6205.650000000001,51,91424.19,13,13,16.6,grocery,0
43061.520000000004,22,70943.38,34,12,74.38,electronics,1
6458.460000000001,30,40594.51,20,14,10.7,grocery,1
10377.39,23,106528.2,11,12,10.86,utilities,0
15850.11,19,30793.74,21,16,2.1,electronics,1
5486.37,18,71011.05,13,17,22.87,travel,0
15140.91,22,98289.32,14,14,3.77,travel,0
8181.18,18,37286.05,13,12,2.65,electronics,0
6806.219999999999,48,65711.11,18,8,18.09,utilities,0
25741.949999999997,19,25706.35,21,8,9.24,electronics,0
12401.43,32,30988.33,18,17,15.36,travel,0
9149.16,34,76533.59,16,18,13.52,entertainment,0
8123.07,19,69727.66,14,15,22.06,entertainment,1
28012.11,21,35781.69,26,2,21.36,electronics,1
13549.71,42,27167.13,20,14,2.63,utilities,1
31302.0,25,52868.41,11,16,39.44,utilities,0
12520.619999999999,48,59975.38,10,11,15.08,entertainment,0
15528.78,38,139689.8,20,10,6.55,travel,1
21876.81,20,113671.34,15,10,26.66,entertainment,0
11946.27,19,95629.65,19,11,1.45,entertainment,0
41442.3,18,125064.68,13,3,0.85,electronics,0
5800.5599999999995,30,31887.66,12,10,3.35,grocery,0
7986.33,51,240595.23,14,15,7.57,utilities,0
14992.170000000002,52,61040.32,11,18,26.99,grocery,1
14040.18,45,76636.63,11,7,16.47,entertainment,0
5943.15,48,130612.48,18,14,2.07,travel,1
6812.1900000000005,26,29484.89,21,14,1.15,utilities,0
8648.97,18,191370.45,12,11,19.55,electronics,0
10682.22,23,130419.09,13,15,5.65,travel,0
4455.24,35,133021.75,13,12,1.96,utilities,0
5510.1900000000005,30,44874.27,20,9,30.08,travel,0
5435.88,27,95217.3,14,10,23.51,entertainment,0
24448.800000000003,31,105626.77,28,19,23.43,entertainment,0
35295.21,45,72086.9,14,12,19.36,electronics,0
8453.28,32,42873.47,16,17,32.02,utilities,0
13919.550000000001,24,46259.73,14,13,3.2,electronics,0
8025.18,25,48651.76,15,13,6.93,grocery,0
25879.29,20,63903.6,10,20,20.44,entertainment,0
6119.64,29,142225.02,18,16,2.75,electronics,0
21720.75,28,33465.05,22,0,19.06,travel,1
20827.71,21,57128.73,15,13,8.45,travel,0
3940.0499999999997,51,95612.38,14,10,9.76,utilities,1
18687.15,32,63890.46,15,12,13.77,utilities,1
6691.11,43,42422.92,30,4,27.05,electronics,1
31948.92,18,70630.09,23,11,20.56,travel,1
6487.41,30,25904.59,12,11,2.28,entertainment,1
29689.44,35,38261.43,27,7,47.22,travel,1
31162.32,28,82435.66,17,17,10.22,electronics,0
14714.82,27,106881.93,14,22,15.95,utilities,0
4902.96,26,183660.28,17,16,15.29,grocery,1
16159.98,33,132895.36,16,12,1.35,entertainment,0
27381.300000000003,41,86155.31,13,19,3.34,entertainment,0
21602.85,42,83720.41,8,12,8.98,travel,0
8980.95,46,70455.01,13,22,2.9,utilities,0
26245.199999999997,39,31511.59,26,2,105.47,electronics,1
9551.22,29,128373.28,20,10,1.95,electronics,1
27042.78,25,72061.34,14,13,12.41,utilities,0
8368.2,18,128631.94,17,14,6.92,travel,0
16379.73,23,95759.7,14,15,22.0,travel,1
12918.900000000001,21,30335.94,14,14,22.1,travel,1
6921.39,29,79776.42,11,13,2.01,electronics,0
10668.51,44,68840.53,14,14,17.31,utilities,0
22637.34,44,46042.16,13,13,2.39,entertainment,0
36582.600000000006,33,159589.23,17,19,4.28,entertainment,0
12848.04,47,24139.94,12,12,26.26,entertainment,1
51375.96,24,45227.11,21,8,28.62,travel,0
38071.14,23,86591.68,15,15,18.8,utilities,1
6348.299999999999,50,52599.37,17,13,5.93,grocery,1
24096.48,26,71327.38,14,11,22.33,grocery,0
10586.099999999999,30,45161.1,18,14,1.27,entertainment,0
9111.39,37,39264.0,19,9,10.55,travel,0
28878.870000000003,43,92507.5,14,14,17.28,entertainment,1
19006.89,29,136977.42,27,10,35.76,electronics,1
11144.31,42,77962.4,10,12,16.18,entertainment,0
23260.35,42,176885.82,14,9,8.44,electronics,0
47906.28,22,88808.27,18,17,1.58,travel,1
5394.0599999999995,34,69866.1,13,15,9.7,entertainment,0
26836.17,28,132382.89,13,16,27.34,entertainment,0
20070.449999999997,31,185647.46,22,10,18.94,travel,0
23514.27,48,141969.46,13,16,15.51,utilities,0
9439.44,28,20043.65,15,13,10.59,grocery,0
10785.75,33,61794.91,14,23,9.44,utilities,0
12863.01,48,29201.44,17,10,3.69,entertainment,0
32290.5,40,28510.79,20,10,5.61,travel,1
20944.079999999998,38,69038.46,38,4,24.1,grocery,1
19172.07,35,135622.29,9,12,17.79,electronics,1
9772.83,47,70198.91,9,13,25.99,utilities,0
28541.340000000004,48,179218.38,11,14,1.46,utilities,0
32811.659999999996,31,112652.16,21,13,5.8,travel,0
27659.399999999998,18,72155.51,12,13,2.2,electronics,0
8366.7,36,65988.74,20,10,29.95,electronics,0
10710.66,42,162780.79,11,16,7.58,entertainment,0
10676.55,46,28620.79,6,14,12.26,grocery,1
27731.64,42,17342.19,25,3,135.56,electronics,1
11897.22,44,112044.33,8,13,12.38,travel,0
47141.49,19,145149.46,11,13,2.81,entertainment,0
15468.599999999999,40,47891.06,15,15,10.85,travel,0
10879.47,28,41165.08,15,14,1.36,utilities,1
31864.11,32,45190.08,18,13,22.76,electronics,0
9201.93,20,143103.16,16,7,1.86,electronics,0
11110.05,31,48383.42,10,11,11.59,electronics,0
10898.22,37,67129.19,15,17,17.97,grocery,1
18412.35,44,58360.09,20,12,10.91,travel,1
10250.64,18,175951.86,14,17,14.71,utilities,0
4782.75,22,78641.94,11,20,2.46,utilities,0
29872.590000000004,18,205702.93,13,13,12.45,travel,0
8663.31,30,81956.39,14,12,8.54,entertainment,0
7030.26,31,110998.81,12,15,5.75,electronics,1
8552.039999999999,26,97677.0,16,15,2.96,electronics,0
49412.64,40,86827.35,13,11,6.84,electronics,0
3880.83,29,67260.84,14,15,2.94,grocery,0
21821.37,27,51323.98,25,12,11.68,travel,0
7220.25,37,82819.28,14,9,1.67,utilities,0
14174.07,23,72592.05,13,18,2.77,electronics,1
24128.1,23,41537.78,11,8,8.77,entertainment,0
7717.38,30,74882.74,9,21,5.7,electronics,0
35602.47,25,18833.76,13,17,7.86,electronics,0
17734.260000000002,37,39571.85,14,16,5.37,grocery,0
20766.75,18,157633.74,21,15,22.43,travel,1
10931.49,42,50654.28,13,8,0.0,travel,0
11349.33,38,308054.06,18,14,2.63,travel,1
10410.42,21,91347.31,13,11,11.67,utilities,0
41940.12,32,26296.63,24,0,40.92,grocery,1
24605.909999999996,29,49302.53,14,10,4.44,travel,1
37209.63,46,114634.56,11,13,3.03,electronics,0
101063.01,41,59310.82,31,3,118.08,electronics,1
40683.03,54,69449.46,16,15,16.06,utilities,1
15812.880000000001,19,69610.6,10,8,58.62,electronics,0
6259.4400000000005,30,34101.42,14,15,16.58,grocery,0
14509.23,25,49206.47,16,10,9.93,utilities,0
6631.32,20,37579.47,10,15,1.18,utilities,1
30213.989999999998,29,32260.37,25,10,9.61,travel,0
8275.44,18,81436.59,14,8,4.98,utilities,1
15197.91,34,49857.4,20,16,3.81,travel,0
12968.64,27,71776.12,12,13,19.02,utilities,0
17444.64,44,113286.62,13,11,4.72,travel,0
7550.43,47,96315.04,14,18,3.14,utilities,1
44925.87,20,99139.48,26,18,19.96,travel,0
13327.23,34,40753.37,17,14,0.97,travel,0
9723.210000000001,41,49808.75,13,13,6.22,electronics,0
8494.2,36,178020.49,14,13,8.75,utilities,0
3790.7699999999995,34,180893.2,14,17,2.09,grocery,0
7964.400000000001,21,86233.79,17,11,14.07,electronics,0
40506.36,34,20861.65,11,10,26.69,travel,1
10646.460000000001,29,28482.74,14,11,3.84,entertainment,0
28871.129999999997,24,63290.12,13,12,19.23,entertainment,1
8930.55,24,38507.94,17,16,20.89,electronics,1
57577.83,44,49032.94,19,16,12.53,electronics,1
21436.29,25,33206.41,20,13,15.61,travel,1
31177.199999999997,29,72370.48,14,13,11.82,electronics,0
17293.53,42,25754.18,19,14,3.41,travel,0
5919.0,18,35854.34,16,15,28.47,grocery,0
19873.44,30,212341.06,12,17,16.01,electronics,0
11157.960000000001,32,66212.26,12,11,12.02,utilities,1
8975.28,24,29520.38,18,15,2.54,grocery,1
4405.83,19,129096.15,10,10,1.94,entertainment,0
38954.94,21,13567.58,18,15,26.82,travel,1
16182.24,38,86545.66,24,6,98.59,grocery,1
5593.08,30,32985.93,18,14,4.59,utilities,0
26852.489999999998,25,83684.46,28,13,24.73,electronics,1
8471.58,20,143368.17,14,13,18.38,travel,1
9577.74,28,39098.93,13,14,9.56,utilities,0
12311.43,43,18802.61,27,6,45.24,grocery,1
26331.300000000003,37,47804.5,14,18,17.19,electronics,0
15078.060000000001,46,18988.62,13,17,6.81,entertainment,1
36755.67,30,54783.97,18,13,0.0,electronics,1
23580.18,25,67601.67,18,14,3.45,electronics,0
15698.699999999999,45,35568.07,24,11,37.67,electronics,1
54277.71,46,25748.42,15,14,2.42,travel,0
35891.25,36,83293.99,14,12,6.0,entertainment,0
11249.16,42,103872.96,11,11,2.73,entertainment,0
17828.31,35,127931.82,23,12,14.34,grocery,0
33840.93,44,48566.29,19,13,8.3,entertainment,0
32876.7,41,51201.89,13,9,18.07,utilities,1
6132.450000000001,41,72326.96,11,15,8.83,utilities,0
20326.65,27,73030.63,11,12,19.52,electronics,0
8968.83,33,50238.25,14,13,2.67,utilities,0
20282.550000000003,56,54942.3,14,15,4.75,utilities,1
9953.73,30,37626.76,14,17,9.53,grocery,0
18618.54,33,102019.05,15,10,1.74,travel,0
40583.31,34,42760.36,29,5,15.21,travel,1
6255.030000000001,24,46468.68,14,12,3.26,grocery,0
4522.08,28,51256.01,14,17,3.69,utilities,0
19006.29,27,36461.95,14,12,3.21,utilities,0
18795.21,23,42545.07,18,13,1.67,utilities,1
13500.51,26,109032.3,15,9,10.79,utilities,0
8976.03,19,23637.35,10,16,14.61,electronics,0
14387.46,26,47757.55,14,7,8.19,entertainment,0
33784.56,31,175161.86,10,13,10.68,electronics,1
7729.62,19,86122.74,11,16,19.14,utilities,0
3453.1499999999996,22,35119.83,19,15,30.31,grocery,0
15952.86,18,37342.81,11,8,18.98,travel,1
28764.600000000002,22,31566.23,14,18,24.96,travel,0
24443.04,21,54304.0,13,14,30.45,entertainment,0
5254.47,25,117062.05,15,13,3.26,utilities,1
4445.82,25,116797.92,14,10,1.74,grocery,1
7841.64,32,78844.98,16,11,27.77,utilities,0
11032.26,30,98735.52,10,12,1.43,travel,0
13851.66,33,78390.19,18,8,20.17,entertainment,0
7251.09,22,96411.71,17,10,9.43,electronics,0
10787.55,34,107899.12,13,10,19.89,travel,1
8895.66,29,124229.69,19,7,37.77,travel,0
22802.25,18,23320.71,20,13,8.64,travel,0
13367.849999999999,32,35024.86,18,15,3.07,utilities,0
8352.599999999999,35,77122.6,12,9,15.93,electronics,0
9618.93,21,112893.59,11,15,8.17,utilities,0
6575.37,18,202695.83,17,14,2.59,utilities,1
6173.58,52,48832.23,16,14,2.83,utilities,0
52844.81999999999,42,89709.52,12,9,16.79,electronics,0
31331.43,25,65203.19,14,12,3.64,travel,1
5864.04,27,86271.4,13,16,13.48,electronics,0
11948.52,25,141003.79,16,9,13.66,utilities,1
20335.02,25,42934.59,13,17,23.84,electronics,1
5841.33,18,46946.63,15,22,15.98,utilities,0
8141.37,24,76795.69,12,14,9.38,grocery,1
8941.650000000001,28,48772.15,12,21,24.58,travel,0
7460.34,28,65242.81,17,13,20.07,grocery,0
12363.21,23,78765.39,24,8,32.68,electronics,0
25659.989999999998,21,152492.53,13,6,35.44,travel,1
6867.42,32,52980.36,22,8,33.52,electronics,0
9257.099999999999,25,70005.47,13,11,3.2,entertainment,0
6787.5,24,71640.23,14,15,12.79,electronics,1
8486.099999999999,43,82469.75,14,13,3.31,utilities,0
40635.96,18,71562.65,30,9,16.22,electronics,1
21201.27,24,31468.74,21,13,18.08,utilities,0
26869.590000000004,42,24214.11,24,10,24.9,electronics,0
6736.650000000001,37,47367.49,12,13,2.97,grocery,1
46040.01,40,107799.6,26,8,23.23,grocery,1
78869.19,23,26380.03,19,17,16.74,travel,0
4932.75,30,90309.06,14,19,2.59,utilities,0
3933.12,36,240270.65,15,10,8.41,grocery,0
40044.57,30,47708.81,12,12,13.81,entertainment,0
21014.550000000003,43,37519.51,13,11,0.58,travel,0
13404.51,47,60646.84,14,14,7.16,entertainment,0
10340.25,19,66000.66,18,11,2.39,entertainment,1
13134.119999999999,23,91599.81,12,18,3.06,travel,0
7733.64,31,35535.7,11,13,3.49,travel,0
16055.46,30,33078.73,20,10,6.64,travel,0
12200.16,27,139734.01,14,14,3.15,electronics,0
13139.01,19,46987.95,13,16,4.27,entertainment,0
25279.590000000004,33,77798.72,13,23,26.09,utilities,0
15705.99,29,332096.7,12,7,0.6,electronics,0
20991.9,33,41381.23,18,12,4.19,entertainment,0
52048.229999999996,36,38443.1,34,2,12.96,electronics,1
8805.3,18,50429.28,14,14,2.41,grocery,0
10890.72,34,63711.82,18,14,14.89,electronics,1
8037.24,19,69188.11,14,13,10.22,utilities,1
8818.289999999999,29,54714.72,16,18,16.61,entertainment,1
18743.1,28,143404.39,18,10,1.14,travel,1
4615.35,45,75573.66,13,20,12.4,grocery,1
10715.94,30,72190.81,13,15,18.59,entertainment,0
26361.48,27,44605.35,14,10,0.66,utilities,0
4672.83,51,83159.21,15,10,2.54,electronics,0
9880.380000000001,21,18660.67,21,11,15.72,travel,0
27805.590000000004,43,36226.43,14,16,26.14,electronics,0
14437.98,35,36008.1,10,14,2.69,grocery,1
20212.38,35,435114.32,13,10,8.8,utilities,0
20417.010000000002,21,113204.82,14,16,3.54,utilities,0
5254.65,34,213681.73,12,15,12.39,electronics,1
95568.84,22,34611.72,17,16,34.49,travel,0
63943.38,22,101538.33,29,0,77.32,travel,1
6671.039999999999,36,37063.65,10,13,2.03,electronics,1
32781.57,21,191221.16,11,10,1.46,entertainment,0
6635.91,31,40170.87,13,13,16.12,grocery,1
8207.099999999999,20,58010.82,12,15,12.08,grocery,0
14504.28,47,70647.46,14,13,3.55,electronics,0
10345.86,23,59046.35,13,21,8.27,entertainment,0
8508.0,22,36987.23,11,13,11.27,electronics,0
20429.73,20,172168.81,12,13,15.06,utilities,1
50971.14,19,74158.93,11,14,34.95,travel,0
35221.47,30,69078.09,14,16,17.92,utilities,0
6616.349999999999,26,59654.55,12,11,3.68,entertainment,1
26853.149999999998,29,57924.71,13,14,2.54,electronics,0
16108.829999999998,39,32459.76,15,12,2.63,utilities,0
5943.4800000000005,18,54315.86,14,11,17.08,utilities,0
14318.79,32,34353.06,13,18,3.74,grocery,0
30245.22,26,40270.2,19,12,13.81,travel,0
10803.06,26,82083.67,12,14,13.91,travel,0
7748.219999999999,48,64365.83,10,14,3.93,utilities,0
18190.71,41,29166.37,12,15,2.8,travel,1
8455.380000000001,33,233440.91,19,16,4.17,travel,1
12145.77,18,85236.28,10,9,15.19,entertainment,0
16854.96,34,323840.4,14,6,20.95,entertainment,1
24924.870000000003,30,84442.33,17,12,20.63,utilities,1
78352.86,34,59679.81,26,1,56.5,electronics,1
56147.46,18,27579.86,28,2,103.9,travel,1
6128.34,32,90641.06,20,14,11.91,utilities,1
13648.41,18,111318.5,13,10,1.58,electronics,1
16105.439999999999,33,35096.16,13,14,10.25,electronics,0
10899.99,18,90621.99,13,12,0.71,utilities,0
14042.76,31,51299.94,22,12,30.29,travel,0
9519.84,30,48903.15,14,23,7.96,grocery,1
35134.29,46,232359.71,32,19,29.53,electronics,0
7552.17,32,41966.23,14,12,5.89,entertainment,0
8040.93,32,97634.83,14,10,13.97,utilities,0
18890.52,37,64976.53,11,8,9.05,entertainment,1
17571.54,31,44429.89,13,14,6.52,entertainment,1
75227.70000000001,22,36245.15,28,4,103.14,electronics,1
8697.75,48,149458.43,11,11,3.5,utilities,0
11666.789999999999,40,44716.08,13,11,2.32,entertainment,0
26232.21,44,165214.88,14,11,17.93,utilities,0
13691.16,37,59556.87,16,11,15.54,travel,1
30481.68,43,87443.08,14,12,22.13,travel,0
10271.28,38,34773.77,14,13,12.78,electronics,1
23327.07,18,64522.54,14,13,17.44,utilities,0
30347.58,34,42336.23,13,8,2.89,utilities,1
39133.89,36,57725.71,11,13,8.33,utilities,0
16615.739999999998,25,33367.62,13,21,6.42,grocery,0
15528.060000000001,35,50622.91,13,12,8.78,travel,0
6977.43,18,19910.51,22,19,28.2,entertainment,1
37874.01,42,65688.57,22,13,17.28,electronics,0
6654.63,27,121990.92,13,15,17.33,electronics,1
55421.81999999999,23,59426.57,14,14,8.87,grocery,0
11577.630000000001,29,76473.6,18,20,14.42,utilities,1
18752.1,25,35519.1,20,10,2.05,electronics,1
15437.91,22,69941.42,12,13,9.32,travel,1
26130.96,18,43170.21,26,4,19.06,travel,1
15222.630000000001,47,24126.3,14,12,3.66,electronics,0
7657.74,30,28523.06,11,14,13.76,utilities,0
8257.23,52,43311.31,36,14,0.04,grocery,0
24049.86,25,37869.71,14,9,7.81,entertainment,0
3370.6499999999996,41,82741.87,14,12,7.0,grocery,0
39043.68,28,195611.27,10,18,23.9,utilities,1
14855.46,24,112842.06,18,12,24.88,electronics,1
9346.5,30,43730.48,14,17,2.81,utilities,1
27301.68,31,70736.54,13,12,12.23,utilities,0
12095.43,31,138853.16,13,17,17.54,entertainment,0
7895.64,40,35840.98,11,11,15.29,travel,0
7418.789999999999,43,60595.95,12,17,3.6,utilities,0
8689.41,22,82834.43,14,12,2.48,utilities,0
23627.760000000002,18,62614.9,13,14,3.36,electronics,1
27422.79,31,89417.88,36,0,88.34,grocery,1
20391.329999999998,41,74627.93,24,10,28.61,electronics,1
6973.86,33,42632.14,21,20,4.62,grocery,1
61724.759999999995,44,37390.48,13,10,2.43,entertainment,1
45364.38,23,32094.51,25,17,8.54,electronics,1
9780.18,28,52307.14,17,11,1.41,grocery,0
30545.52,23,19858.95,24,1,53.74,electronics,1
22714.829999999998,26,53740.9,13,12,30.26,travel,1
17183.550000000003,32,79523.35,20,12,15.21,utilities,0
6597.12,25,35568.67,19,15,5.69,grocery,1
8244.960000000001,37,74893.14,13,14,2.25,travel,1
21585.48,44,83466.21,12,13,14.93,travel,0
11033.67,51,29451.76,27,11,28.23,electronics,1
6044.9400000000005,23,204565.13,13,17,7.61,electronics,1
6060.75,49,77292.22,13,18,6.3,entertainment,0
50990.759999999995,30,46438.22,18,12,22.58,travel,1
7977.0599999999995,27,55562.03,13,16,2.8,utilities,0
13691.64,21,103958.71,12,15,27.72,entertainment,0
11175.06,48,40029.3,21,18,24.21,electronics,1
8506.89,66,74051.79,14,7,3.07,entertainment,1
6547.200000000001,29,81343.2,18,14,3.3,utilities,0
32678.73,51,32255.76,12,12,5.94,utilities,0
6580.799999999999,26,54612.8,14,11,16.31,utilities,1
29160.870000000003,41,21199.32,19,20,0.4,grocery,0
9833.099999999999,23,34714.86,23,13,1.74,utilities,1
14061.03,29,48319.51,17,22,8.41,grocery,1
12865.5,28,69141.34,14,16,9.79,grocery,0
38199.12,38,108232.53,12,10,25.82,entertainment,0
36628.8,29,37607.58,13,18,1.67,entertainment,0
23212.079999999998,47,26387.1,14,21,15.78,utilities,1
3366.1499999999996,24,144883.73,17,11,21.34,electronics,0
11935.23,29,37044.37,15,20,20.82,utilities,0
13576.98,22,64459.67,17,9,20.26,entertainment,1
22914.69,32,235136.36,13,15,2.66,entertainment,0
20642.699999999997,30,56698.3,21,17,15.61,utilities,0
11494.11,31,26819.91,22,17,3.93,grocery,0
7716.42,49,42208.88,13,8,25.26,utilities,0
24995.370000000003,28,40071.64,18,14,5.69,entertainment,0
15501.329999999998,28,92242.63,20,8,2.07,entertainment,0
33632.7,44,29016.28,38,16,5.51,electronics,1
57908.729999999996,41,54100.15,28,1,104.32,electronics,1
7521.75,20,165217.7,15,11,2.7,entertainment,0
8005.83,29,97512.29,22,15,4.67,entertainment,0
15989.400000000001,18,36492.82,37,4,92.33,electronics,1
23065.800000000003,20,66972.08,20,13,37.29,entertainment,0
8365.11,23,43157.41,14,11,0.33,grocery,0
28757.46,45,70572.29,14,19,3.01,travel,0
15119.670000000002,18,64885.63,13,11,3.51,electronics,0
10496.58,25,28779.46,12,15,11.65,utilities,1
9341.28,27,59691.03,13,13,7.39,utilities,0
4876.41,23,67940.08,15,20,13.08,utilities,0
10683.36,29,80375.14,13,15,18.7,grocery,1
7035.450000000001,36,47421.72,14,11,16.3,utilities,0
7295.16,32,90351.3,13,13,12.08,electronics,0
6254.43,21,59780.66,14,12,28.49,travel,0
7653.150000000001,30,39135.35,13,11,0.2,entertainment,1
17552.52,28,18112.34,16,12,3.81,utilities,1
19610.19,25,46493.24,13,12,9.2,grocery,1
10613.25,45,84605.03,13,11,30.29,entertainment,0
6886.469999999999,44,42046.05,14,10,2.56,utilities,0
22810.800000000003,44,31541.94,21,6,8.33,travel,1
22849.47,23,79159.34,22,3,3.06,travel,1
23215.65,34,44248.86,19,22,8.61,utilities,0
44897.909999999996,49,48752.31,12,12,12.52,utilities,0
19724.19,25,105920.85,14,20,1.68,grocery,0
8242.89,26,30601.0,13,10,14.64,utilities,0
33900.99,34,81950.65,19,12,30.31,entertainment,0
25490.19,21,27732.99,11,20,9.04,electronics,0
23630.46,49,43542.76,14,14,14.64,entertainment,0
13966.560000000001,29,100920.82,20,16,16.32,electronics,1
6174.63,43,41779.87,13,12,33.32,entertainment,0
22849.11,26,62574.39,15,20,16.99,utilities,0
19143.75,33,36751.86,19,15,11.52,grocery,1
4916.4,37,26757.43,14,10,1.62,utilities,0
11170.98,33,30122.68,14,14,7.09,grocery,0
8824.59,44,70093.84,14,15,10.09,utilities,0
28137.239999999998,42,46210.2,20,12,16.32,utilities,1
3062.43,18,121213.13,15,18,21.93,entertainment,0
23355.66,30,21773.15,12,21,18.94,grocery,0
80659.74,33,54665.03,13,18,9.13,entertainment,0
33121.590000000004,22,88379.44,13,9,29.08,travel,1
18241.14,22,36444.72,24,18,9.89,travel,1
6333.210000000001,28,26470.78,29,21,3.05,travel,0
15391.619999999999,18,86688.49,20,22,7.62,travel,1
26731.260000000002,30,55029.35,18,21,7.28,grocery,1
22335.63,29,69209.66,26,3,23.6,electronics,1
3193.38,37,76161.83,13,17,1.07,grocery,1
10842.599999999999,25,77666.13,13,14,17.24,utilities,0
7924.38,18,28184.62,20,11,1.26,electronics,0
7743.57,29,69359.25,12,12,9.19,utilities,0
7551.09,27,63804.79,20,14,26.84,entertainment,0
17919.69,26,148260.72,23,20,12.63,electronics,1
9564.210000000001,23,61009.99,12,8,13.71,utilities,1
21553.44,47,42936.02,14,19,12.25,grocery,0
11015.82,50,81144.84,15,21,8.6,electronics,0
6317.13,28,27587.9,14,16,25.62,entertainment,0
8213.67,31,188865.81,15,11,3.0,electronics,1
7641.87,26,26957.83,12,14,25.69,grocery,0
7603.200000000001,34,216973.01,20,16,27.04,entertainment,0
18311.4,24,32977.85,28,0,71.42,grocery,1
5468.64,19,53482.56,11,13,29.55,utilities,1
8889.630000000001,29,21912.74,10,13,30.52,utilities,1
19390.59,18,136417.15,14,13,19.44,utilities,1
22796.670000000002,23,60614.62,11,9,19.28,travel,1
14724.54,39,53851.26,18,13,20.07,utilities,1
60063.0,24,28504.18,25,2,118.43,electronics,1
4331.97,25,87739.68,12,23,16.95,utilities,0
9699.3,46,69159.37,17,13,22.66,grocery,0
9487.83,18,33993.65,12,14,11.57,utilities,1
10422.599999999999,42,42197.74,20,13,3.06,grocery,0
3215.5199999999995,19,46476.63,14,16,33.23,grocery,0
23217.87,25,89759.07,14,15,7.96,travel,1
6959.400000000001,40,97539.88,13,16,9.42,utilities,0
36918.81,35,43082.1,17,15,0.55,electronics,0
6307.86,23,39787.54,19,15,5.74,travel,0
19881.510000000002,45,238995.01,20,22,8.45,utilities,1
26917.11,35,59985.79,13,11,10.58,entertainment,0
38851.350000000006,19,47401.2,33,14,25.01,travel,1
18012.96,26,25464.85,14,14,15.4,utilities,0
52733.16,22,41564.48,27,11,0.84,electronics,0
9447.48,39,49233.99,19,16,1.98,utilities,0
12850.11,18,48975.93,15,13,7.87,grocery,0
13466.91,44,159554.9,11,12,8.01,electronics,0
6492.99,29,27941.37,13,11,1.72,electronics,0
14769.810000000001,38,55713.91,20,17,11.61,entertainment,0
3027.81,46,146378.14,13,14,25.74,utilities,0
20207.91,18,126070.62,13,13,9.05,grocery,1
14658.24,29,58642.74,13,19,13.57,utilities,0
12491.61,22,147183.3,13,9,2.03,travel,1
12004.17,41,49580.73,11,13,9.45,electronics,1
15957.420000000002,25,55118.44,14,15,14.34,grocery,1
23631.78,29,127430.25,20,11,12.65,grocery,1
46350.75,24,67208.6,13,11,9.33,utilities,0
35727.75,23,56604.1,14,11,15.67,utilities,0
19075.98,31,114012.94,14,19,20.2,utilities,1
7441.799999999999,32,129710.96,13,9,26.11,electronics,0
26080.44,25,41648.85,14,13,4.52,grocery,0
5623.59,47,39564.32,13,12,4.35,utilities,0
27937.68,44,86769.9,13,22,1.45,electronics,1
15394.71,28,66902.13,17,16,1.66,grocery,0
54649.44,18,93146.0,26,4,107.1,travel,1
6871.59,42,47044.71,14,21,16.29,grocery,1
5374.68,36,35599.89,11,11,5.1,utilities,1
14508.27,28,49728.39,21,14,25.18,electronics,0
34733.82,34,84036.84,14,14,16.97,electronics,1
8468.58,27,126065.51,10,13,17.7,entertainment,0
57164.16,24,29290.77,29,6,103.8,grocery,1
10227.72,56,98907.47,17,8,7.75,entertainment,0
6975.299999999999,30,38438.48,18,16,5.21,grocery,1
6903.87,22,46697.45,10,21,0.43,entertainment,1
7256.9400000000005,33,106076.91,14,20,15.26,grocery,1
34929.57,54,48565.76,14,7,5.86,grocery,0
16773.449999999997,51,109980.04,18,14,17.05,entertainment,0
27836.550000000003,33,151309.59,14,17,18.11,utilities,0
67273.35,30,14032.66,14,8,7.93,grocery,0
61047.09,27,83055.1,27,1,88.63,electronics,1
24372.87,22,64376.85,35,5,78.64,travel,1
6514.68,34,23843.42,12,13,4.7,entertainment,0
8550.69,31,42431.05,20,13,0.3,utilities,0
52944.72,27,25197.05,14,14,5.92,entertainment,0
23839.32,20,63416.95,29,9,138.47,electronics,1
9669.93,33,85939.96,14,10,3.17,utilities,0
17292.39,19,51920.76,13,15,7.83,grocery,0
8984.43,23,83860.57,14,14,11.29,entertainment,0
18283.89,24,48468.23,9,20,29.93,travel,0
8661.09,33,68272.4,13,13,1.46,electronics,1
24884.879999999997,38,78439.87,18,19,16.26,electronics,0
6580.5,31,55304.89,14,9,29.15,entertainment,1
15913.14,26,143606.6,18,14,3.23,grocery,0
10850.34,48,82763.41,20,10,2.48,utilities,0
5141.22,20,60642.89,8,18,20.67,entertainment,0
5194.71,27,319221.78,16,7,26.09,entertainment,0
16203.93,27,90965.86,20,6,21.31,grocery,1
13988.670000000002,24,20916.64,11,10,6.58,electronics,0
22023.510000000002,33,93330.96,20,13,9.23,utilities,1
33577.38,20,60548.23,13,12,17.81,electronics,0
13337.099999999999,32,42316.92,13,11,3.02,travel,0
26646.090000000004,25,147190.58,14,18,19.21,utilities,0
9330.57,35,84491.37,14,10,18.01,entertainment,1
29876.07,55,58654.73,15,12,27.37,entertainment,0
9558.51,34,48281.21,12,10,9.99,grocery,0
15500.46,27,22954.41,14,12,8.89,utilities,0
106920.06,27,55326.39,12,14,11.7,utilities,1
8367.27,30,39552.6,10,20,0.0,utilities,1
10222.289999999999,35,66954.41,13,10,18.33,electronics,0
20592.57,48,40067.35,12,12,13.81,travel,0
23834.760000000002,43,48396.93,14,13,7.17,grocery,1
24651.629999999997,23,94520.78,18,17,34.83,electronics,0
28033.86,21,69218.75,31,11,3.74,travel,1
4147.89,29,69265.96,12,14,9.38,grocery,0
5324.43,46,175448.66,11,16,1.95,electronics,0
10654.32,33,87335.01,21,16,22.63,utilities,0
5103.66,34,44779.34,15,17,7.44,grocery,0
7478.58,30,93651.73,11,17,5.84,grocery,0
23666.97,22,120086.27,10,16,1.69,electronics,0
8237.58,34,84965.73,14,15,7.93,electronics,1
58900.92,49,283909.73,11,18,19.47,travel,1
5047.08,40,82727.84,14,13,3.01,electronics,1
9063.66,31,40163.13,21,11,1.7,electronics,0
12433.14,44,68331.68,13,13,3.92,entertainment,1
7976.49,18,36702.59,14,14,20.29,electronics,0
27140.43,28,128599.49,10,11,23.57,travel,0
3281.04,33,61459.65,14,14,3.32,grocery,0
8721.869999999999,29,28298.39,12,13,5.39,utilities,0
10340.880000000001,38,109359.27,11,12,7.0,entertainment,0
7838.43,28,34178.01,14,15,0.8,electronics,0
7028.460000000001,29,44816.9,18,14,10.79,electronics,1
24014.73,19,130238.28,13,13,26.87,entertainment,0
60486.78,31,47912.68,23,18,17.46,travel,1
35287.92,29,97478.42,14,14,5.94,grocery,0
41985.45,19,35386.69,15,13,9.85,entertainment,0
57235.56,28,36870.21,29,3,4.87,electronics,1
11178.3,31,62969.81,14,13,0.4,grocery,0
15906.060000000001,21,53033.39,28,15,9.07,travel,0
20226.15,39,75948.01,14,18,1.92,entertainment,1
8207.31,31,49555.83,22,10,16.23,grocery,1
25718.79,38,96217.46,15,21,14.31,grocery,0
34681.08,32,45269.63,17,8,25.25,electronics,1
8489.52,31,51016.93,12,10,2.95,grocery,0
2844.7200000000003,38,228906.85,18,15,11.39,grocery,0
2691.2400000000002,18,17159.65,13,11,2.87,travel,1
10170.03,33,337327.48,13,10,21.19,electronics,1
28244.550000000003,25,158388.71,9,18,17.25,grocery,1
7045.26,21,62568.69,16,15,24.0,utilities,1
21504.09,26,71422.9,35,1,53.18,electronics,1
22062.12,18,62827.29,27,1,74.99,electronics,1
28172.879999999997,18,34127.36,11,11,33.43,travel,0
9433.11,29,101837.98,18,11,7.28,electronics,1
57586.08,43,210786.19,12,15,7.99,entertainment,0
14714.130000000001,26,113848.37,12,16,4.06,utilities,0
9369.210000000001,36,77519.57,13,12,6.3,electronics,1
18398.489999999998,37,72230.16,14,12,3.21,utilities,0
13527.03,25,65021.63,15,11,4.12,utilities,0
8085.150000000001,28,42480.77,15,14,12.12,utilities,0
46488.36,34,52768.19,12,18,30.62,entertainment,1
10669.59,27,90423.19,12,9,18.33,electronics,0
3638.5199999999995,18,47903.31,14,13,4.76,entertainment,0
43095.81,21,49929.23,14,13,8.34,utilities,0
13997.550000000001,25,42475.29,11,11,0.61,utilities,0
14336.369999999999,31,64409.77,11,18,12.2,travel,0
9324.48,31,67482.47,14,13,13.09,entertainment,0
6550.89,20,114100.78,22,17,7.23,utilities,1
12504.24,41,93647.06,16,14,8.57,utilities,0
15519.96,24,124237.93,21,19,7.18,travel,1
5150.61,24,32849.68,14,14,9.93,utilities,0
36715.32,22,55520.77,28,0,10.12,electronics,1
12827.64,38,34597.53,13,16,23.53,electronics,1
15580.89,40,65612.62,13,10,4.16,travel,0
5989.59,29,90851.77,17,22,6.72,travel,0
9779.97,23,64863.87,14,11,21.67,entertainment,0
8683.349999999999,47,133039.57,13,15,1.7,utilities,0
6882.0599999999995,34,75719.95,14,6,16.27,entertainment,1
20150.670000000002,32,64768.58,8,12,13.2,travel,0
9008.82,33,78078.58,16,16,15.19,grocery,1
16434.21,29,177184.07,13,14,6.44,entertainment,0
9032.94,37,46940.03,21,13,18.86,travel,0
26510.699999999997,50,210819.1,12,11,25.83,entertainment,0
26770.08,46,63106.71,21,14,15.75,grocery,0
20826.0,25,52805.59,9,11,2.62,grocery,1
10104.150000000001,41,70775.27,21,12,5.81,grocery,0
18854.85,34,75952.73,22,8,0.95,utilities,0
8579.67,44,97557.63,16,13,0.58,entertainment,1
19281.420000000002,26,120750.92,25,9,11.85,electronics,1
27628.44,39,58084.83,24,15,34.65,electronics,0
50376.81,18,70166.77,29,1,110.12,travel,1
6042.0599999999995,18,32012.67,19,13,2.81,travel,0
12086.58,28,60947.25,15,9,11.56,travel,0
13662.329999999998,33,61064.52,14,15,9.71,electronics,1
5804.9400000000005,26,95797.61,15,17,2.95,grocery,0
6259.14,27,73220.33,17,12,20.18,grocery,0
4849.9800000000005,24,114632.07,18,13,1.58,utilities,0
23834.4,33,94504.19,12,12,12.89,travel,0
16716.87,44,39297.22,12,16,14.64,utilities,1
12946.89,32,77286.65,21,13,9.15,entertainment,0
13825.619999999999,38,43753.92,30,9,3.11,travel,0
8775.960000000001,23,21254.17,14,14,14.61,electronics,0
18270.03,59,34402.46,13,16,20.79,utilities,0
45967.770000000004,32,27534.35,13,13,2.22,utilities,0
19539.48,21,55391.79,11,13,3.82,entertainment,1
3039.1499999999996,40,70261.64,12,19,6.73,grocery,1
12119.82,44,71086.87,13,16,8.41,electronics,1
7609.11,42,73078.09,15,15,27.64,utilities,0
15220.86,18,37689.28,14,16,10.45,grocery,0
3831.51,32,58349.98,21,16,20.82,grocery,0
32890.08,20,44687.03,20,15,18.35,utilities,0
36026.01,18,33472.48,14,12,2.51,entertainment,0
13416.420000000002,24,58272.0,19,8,24.9,electronics,0
5271.54,30,65165.52,18,14,32.38,electronics,0
7219.98,49,31329.14,18,16,3.87,entertainment,0
11600.22,48,28996.71,18,12,8.42,travel,0
12950.61,18,176466.49,13,11,2.48,travel,1
10121.19,28,151428.09,14,11,1.44,electronics,0
34677.840000000004,25,42999.63,13,7,6.87,entertainment,1
9293.22,27,133037.0,15,16,21.61,grocery,0
25616.19,20,148839.26,33,0,68.86,grocery,1
7225.23,41,72733.33,12,19,0.99,electronics,0
20524.65,23,53690.62,11,11,2.89,utilities,0
6919.41,22,46253.6,11,8,1.72,travel,0
32671.86,35,101603.2,25,10,11.46,electronics,0
20296.23,26,51646.34,17,12,2.75,travel,0
7675.62,25,38984.99,22,18,10.84,electronics,0
32024.159999999996,23,57376.15,13,10,4.64,travel,0
3581.25,19,54448.87,14,11,16.5,grocery,1
18833.79,40,38706.94,16,16,11.81,electronics,1
5777.49,26,43724.18,13,11,29.28,electronics,0
19118.82,20,91421.9,13,8,2.96,entertainment,1
24792.300000000003,29,76291.56,15,11,15.35,utilities,0
27431.64,27,83149.51,14,18,27.29,travel,1
16539.0,29,40844.58,11,14,29.22,travel,0
14887.23,33,46472.82,10,12,2.92,utilities,1
28512.899999999998,30,129791.28,15,11,17.58,travel,1
33138.99,32,50260.84,33,8,27.04,grocery,1
15351.449999999999,50,100112.24,17,13,8.77,entertainment,1
10380.51,28,65777.86,11,11,15.08,electronics,1
8020.98,30,88017.44,14,14,3.05,utilities,0
22486.44,52,10812.96,18,13,33.9,grocery,0
12499.439999999999,23,36151.85,20,8,22.65,electronics,0
12376.829999999998,41,36553.38,13,11,8.65,travel,1
8731.59,32,106530.32,20,11,8.28,entertainment,0
6745.349999999999,46,56427.06,14,12,12.46,entertainment,0
49570.770000000004,38,32742.82,36,2,61.56,electronics,1
26095.5,37,21388.85,26,1,34.91,electronics,1
31527.300000000003,31,108573.75,13,11,0.78,entertainment,0
10911.93,25,106841.36,19,16,25.96,utilities,1
33106.11,31,36308.0,32,8,12.96,grocery,1
24940.11,27,79828.39,10,19,28.57,electronics,1
13761.810000000001,45,60108.31,18,14,15.82,electronics,0
10087.380000000001,34,117846.78,13,9,14.49,utilities,0
10398.81,18,288409.22,12,16,0.0,grocery,0
28068.18,31,31184.3,13,13,26.67,entertainment,1
13457.73,24,24422.72,14,11,22.29,grocery,0
10889.67,18,35595.35,21,15,14.41,grocery,0
43487.7,34,70313.96,10,11,12.02,utilities,1
21275.4,27,34748.63,15,12,4.12,travel,0
11693.039999999999,24,152736.07,22,2,33.42,electronics,1
7460.37,26,59975.77,13,11,2.81,utilities,0
11408.099999999999,30,95796.32,16,13,14.52,utilities,1
7533.63,42,37585.55,15,12,18.4,grocery,0
2505.45,46,45329.81,7,23,3.2,utilities,1
41081.01,41,42626.74,13,11,10.48,utilities,0
9319.74,45,85592.62,15,12,1.22,travel,0
12247.619999999999,18,106395.58,14,12,30.42,utilities,1
12565.41,28,112425.84,12,16,2.58,grocery,0
7745.789999999999,47,96248.76,11,12,30.22,utilities,0
12875.52,49,141538.09,16,13,23.94,travel,0
12902.01,48,61221.64,16,12,2.11,grocery,0
14376.03,37,60129.55,12,14,13.39,electronics,0
10792.08,32,47734.57,14,14,5.34,utilities,0
35028.24,27,64248.82,16,14,29.46,utilities,0
13624.68,53,197297.39,16,14,7.83,electronics,0
32661.48,31,53824.84,12,11,10.88,electronics,1
20090.13,31,57253.92,15,16,9.9,grocery,1
59261.04,33,220817.13,11,14,3.12,utilities,0
78235.65,32,30218.41,21,15,28.48,electronics,0
22951.5,34,113426.71,19,9,10.65,entertainment,0
13465.11,29,28278.26,18,15,2.24,grocery,0
35211.39,42,14254.35,22,3,146.53,electronics,1
16201.86,32,48620.24,9,21,19.97,entertainment,0
14202.96,30,129084.93,13,11,36.47,travel,0
31276.77,28,42717.36,14,10,4.55,utilities,0
3206.16,53,116089.15,14,10,7.94,grocery,0
15324.0,23,56789.18,18,10,27.23,travel,0
19249.199999999997,27,77258.51,13,13,7.93,entertainment,0
18506.97,25,254510.8,12,11,7.46,travel,0
4711.59,35,38928.74,18,14,12.5,utilities,1
21774.6,38,48910.26,22,17,14.0,travel,0
16950.93,56,44384.14,13,7,11.95,entertainment,0
88239.93000000001,29,45677.81,13,15,9.92,travel,1
34332.21,24,125900.94,36,2,70.97,electronics,1
4932.63,27,89219.96,15,8,34.72,entertainment,1
11512.05,25,110428.92,13,14,6.94,electronics,0
16337.82,30,157721.47,11,13,15.24,electronics,1
14104.050000000001,40,61949.45,18,12,17.02,electronics,0
15282.630000000001,18,73674.46,14,12,9.39,electronics,0
38454.54,19,31945.24,15,7,12.19,entertainment,1
23802.239999999998,20,17952.69,25,3,109.82,travel,1
10384.5,27,61464.33,9,10,3.59,entertainment,0
16710.54,21,44367.98,27,1,90.41,grocery,1
15996.51,45,33119.17,26,14,8.45,electronics,0
45477.51,28,35167.12,12,8,28.83,entertainment,0
8093.82,38,81843.44,13,11,6.19,electronics,0
7285.799999999999,18,26321.99,13,14,3.09,entertainment,0
11842.77,24,118548.5,11,14,16.89,utilities,1
5456.43,21,20147.68,20,15,10.31,travel,0
7048.92,33,28275.9,13,14,9.84,utilities,0
6186.63,41,100268.9,14,9,0.7,grocery,0
7513.38,30,124070.91,8,9,2.96,travel,0
8754.93,30,36811.3,14,14,15.44,electronics,0
20803.47,31,29686.36,15,14,32.03,travel,0
17222.82,29,67533.1,21,7,8.31,electronics,1
5635.049999999999,18,124746.25,17,12,4.98,travel,0
11915.7,27,23313.94,13,9,7.49,entertainment,0
7752.48,33,66680.78,14,22,1.1,utilities,0
24607.47,29,85009.16,23,9,5.04,travel,0
11261.099999999999,29,174254.69,14,18,18.88,electronics,0
8980.47,26,25364.82,15,12,2.89,grocery,0
63657.06,23,59193.57,21,17,58.42,travel,1
8809.710000000001,20,36085.81,13,13,15.95,utilities,0
55555.979999999996,50,32134.61,27,9,23.09,grocery,1
7537.710000000001,45,56020.43,14,13,20.13,electronics,0
30241.11,33,81161.1,19,11,3.51,utilities,0
14893.47,23,59269.94,16,21,14.53,utilities,1
11087.34,42,149030.69,12,13,2.75,electronics,0
8428.83,37,90113.1,9,15,0.0,electronics,1
10241.34,23,36778.43,15,10,20.71,utilities,0
18819.18,28,40756.36,14,12,9.36,utilities,0
21817.44,33,47976.05,13,10,10.14,travel,0
23738.52,18,93527.68,18,14,13.52,travel,1
12542.25,20,63485.65,11,18,17.85,utilities,0
5669.64,22,62088.84,9,9,1.88,utilities,1
5039.85,33,50900.34,19,16,15.37,utilities,0
2230.5299999999997,42,131510.71,17,13,38.05,grocery,0
7350.27,52,51146.2,13,17,3.45,grocery,0
8693.94,39,116971.2,13,15,1.04,grocery,1
6329.61,35,30309.69,16,10,9.46,entertainment,0
50377.020000000004,56,80951.21,18,16,21.83,entertainment,0
6555.719999999999,37,46439.81,11,14,21.98,entertainment,1
26234.129999999997,18,27788.48,35,4,23.26,grocery,1
16746.06,32,40334.63,18,8,3.38,entertainment,0
16295.28,18,111656.29,13,13,14.46,utilities,1
47325.87,38,62699.71,12,13,4.48,entertainment,0
31919.159999999996,24,192730.6,19,16,14.02,utilities,0
57070.11,27,102657.5,26,1,110.61,electronics,1
7010.49,43,65142.28,13,11,3.2,grocery,1
12684.630000000001,46,192016.67,16,8,9.53,utilities,1
6582.93,44,117482.03,10,12,1.91,travel,0
24869.489999999998,35,86209.56,13,21,6.51,grocery,1
6878.16,31,131108.97,14,10,7.89,utilities,0
5442.21,22,45074.63,17,11,3.08,electronics,0
10417.77,29,42091.92,12,15,3.58,travel,0
16398.84,25,41117.84,13,16,2.33,travel,1
6378.66,23,197438.91,15,12,22.14,electronics,0
4119.75,37,72651.04,12,13,6.96,grocery,0
9989.07,32,27504.0,13,10,0.96,entertainment,0
11109.72,39,48002.8,19,12,8.7,grocery,1
31330.89,35,82074.25,14,10,26.11,electronics,0
4157.34,33,59742.64,22,14,10.11,grocery,0
23052.449999999997,49,65861.69,20,11,14.65,utilities,1
6159.75,30,85257.55,21,14,19.09,utilities,1
7970.88,23,55826.71,18,12,7.47,electronics,1
24018.57,46,62742.91,19,12,33.42,electronics,0
18997.56,27,26039.51,18,12,6.87,utilities,0
21352.38,43,9125.97,32,3,83.48,grocery,1
89400.93000000001,29,85884.2,24,4,18.86,electronics,1
11737.26,26,171321.71,14,11,13.11,electronics,0
11634.27,22,56807.12,18,17,0.1,grocery,0
27153.06,30,47016.03,29,13,11.46,electronics,0
23083.32,22,63051.13,13,11,19.22,travel,0
8185.650000000001,46,132095.94,11,13,3.63,entertainment,1
45189.45,21,41496.82,13,14,5.32,utilities,0
5057.76,36,29524.76,14,13,2.2,grocery,0
9357.24,25,43841.36,11,16,24.58,grocery,1
25284.899999999998,18,67299.73,29,0,19.03,electronics,1
4935.96,25,106024.11,18,10,17.54,utilities,0
15609.0,31,59747.35,21,18,14.73,electronics,1
4615.08,36,89532.18,13,15,24.67,grocery,1
42377.520000000004,65,69440.49,7,11,1.23,entertainment,0
22139.46,28,65888.69,19,10,7.1,travel,0
23932.53,35,83283.53,13,10,17.82,entertainment,1
16048.650000000001,23,26856.95,25,6,14.54,travel,1
9015.45,34,77964.36,15,17,30.89,utilities,0
16342.349999999999,28,66123.98,23,2,25.49,grocery,1
7373.01,40,57939.83,13,16,2.26,travel,0
8545.2,50,66680.54,14,14,14.36,entertainment,0
28839.39,20,149162.23,10,16,11.94,entertainment,1
9447.24,33,218346.39,13,12,15.4,utilities,1
14046.810000000001,25,74408.56,12,9,6.25,travel,0
31212.840000000004,19,44528.87,20,1,12.53,travel,1
6701.460000000001,24,14352.0,14,12,8.95,utilities,0
14981.34,24,117150.93,15,17,17.18,utilities,0
17497.170000000002,25,94694.06,14,15,16.23,entertainment,0
7076.52,29,46183.46,19,13,1.11,grocery,0
10743.539999999999,24,39204.93,11,18,2.47,travel,0
7862.52,28,116826.93,13,14,36.49,entertainment,0
9821.94,29,52230.01,21,16,12.93,travel,0
13400.400000000001,21,31304.27,20,16,7.54,utilities,0
7919.849999999999,29,99076.9,14,14,24.23,utilities,0
10815.66,19,216017.1,12,14,4.06,utilities,0
11850.06,18,26686.09,14,9,17.67,entertainment,0
6995.400000000001,28,46712.74,13,10,3.14,grocery,0
6477.900000000001,27,25302.44,18,14,11.59,utilities,0
8135.3099999999995,31,159241.51,14,15,15.2,utilities,0
7874.82,35,74970.26,11,11,6.88,electronics,0
8638.32,31,48535.57,20,17,27.05,electronics,0
30306.72,30,64351.13,26,3,123.08,grocery,1
6045.450000000001,49,73031.49,18,11,30.0,travel,1
5998.5,47,110417.14,14,15,12.32,grocery,0
21404.13,26,143668.59,11,10,18.03,entertainment,0
20661.09,47,34652.66,36,2,127.9,travel,1
27140.340000000004,50,74642.49,13,16,3.09,entertainment,0
10744.56,26,30915.73,16,18,4.25,electronics,1
11817.18,44,56538.79,20,15,21.28,travel,0
19272.27,18,33988.95,14,15,2.12,travel,1
8771.73,33,74369.28,14,14,8.68,grocery,1
13686.060000000001,41,81235.53,14,17,16.16,electronics,1
11957.369999999999,43,59825.42,13,21,0.78,grocery,1
25708.379999999997,35,108909.05,13,12,2.37,entertainment,0
2330.4900000000002,31,64891.0,18,18,7.37,grocery,0
23317.65,30,31686.85,20,8,15.33,electronics,0
24476.37,33,97547.82,23,6,4.61,grocery,1
16934.37,29,45969.51,15,11,16.02,utilities,1
28017.120000000003,28,74867.87,19,12,18.76,electronics,0
39739.590000000004,50,146276.47,28,9,46.1,grocery,1
8541.0,28,61875.66,18,9,3.1,utilities,0
7225.74,22,47380.06,19,10,17.55,grocery,0
45786.06,56,43789.25,20,16,6.4,electronics,0
16676.25,42,48412.62,14,12,5.86,entertainment,1
17196.84,28,32163.45,22,8,35.54,travel,0
10535.07,29,69428.46,10,13,12.74,utilities,1
2086.23,28,107283.45,14,14,17.51,grocery,1
8124.599999999999,18,37565.34,18,22,12.14,electronics,1
25045.350000000002,44,56144.55,15,11,19.67,entertainment,0
13194.78,36,104201.81,11,12,7.14,electronics,0
33420.57,54,51951.12,12,7,9.91,electronics,1
11712.24,29,63669.31,21,15,1.95,travel,0
8814.51,47,54910.58,13,16,30.78,electronics,0
24672.659999999996,18,58813.91,15,17,5.05,entertainment,0
26866.739999999998,24,41009.27,18,13,10.02,travel,1
13637.91,21,88488.43,12,10,15.18,entertainment,1
35818.8,31,94471.25,14,19,17.1,utilities,0
7395.42,39,41379.26,12,17,34.74,electronics,0
22281.54,26,61439.88,11,17,10.79,utilities,1
20685.39,32,75143.19,14,13,0.0,grocery,1
10160.22,46,16068.2,31,15,59.02,travel,1
11114.34,33,47596.47,26,0,11.76,travel,1
17799.21,46,73271.71,10,18,10.4,utilities,1
15791.28,38,70766.62,31,7,69.77,electronics,1
8933.07,47,38614.34,11,11,2.62,electronics,0
10747.14,55,82837.17,12,13,3.93,utilities,0
5823.96,26,85289.71,18,16,17.33,grocery,0
17369.31,29,38032.88,13,14,21.54,electronics,0
30953.699999999997,18,39328.01,11,20,4.06,utilities,0
2476.14,38,34205.04,14,16,15.95,grocery,0
20709.9,33,63769.87,14,11,13.63,grocery,0
12314.099999999999,28,110252.09,17,8,28.89,entertainment,0
3612.93,21,84073.6,18,8,5.13,utilities,1
15173.880000000001,23,187705.13,16,13,14.47,travel,1
9181.86,39,281580.11,14,18,8.26,travel,0
7233.12,24,48297.3,12,13,3.74,entertainment,1
25663.739999999998,34,51494.84,13,21,8.56,electronics,1
2519.25,30,66045.26,21,14,12.13,grocery,0
25488.989999999998,23,110104.88,24,22,16.6,utilities,1
59745.75,33,95222.79,22,0,10.76,travel,1
19905.09,26,80791.84,14,11,15.33,utilities,0
11038.02,25,63554.56,11,14,5.68,utilities,0
22442.91,24,73592.06,29,1,131.1,electronics,1
7907.91,27,26703.81,23,16,29.29,grocery,0
23420.82,22,128274.01,12,22,1.68,utilities,0
14216.43,33,21779.63,13,10,5.56,grocery,1
21153.75,25,92471.31,18,11,0.87,utilities,0
48755.82,24,69500.3,33,0,81.2,grocery,1
84055.29000000001,24,110739.13,20,5,32.76,electronics,1
22596.0,47,56196.6,15,10,3.43,travel,0
31908.449999999997,62,88305.32,30,19,20.57,utilities,1
28752.36,47,72309.66,30,0,18.07,travel,1
11359.5,47,64757.49,15,14,18.51,grocery,0
9842.91,52,90107.21,13,16,20.9,electronics,0
9612.57,23,22466.37,11,10,25.99,travel,0
8655.630000000001,25,205469.82,13,15,2.78,electronics,0
5932.65,25,40216.45,17,10,19.33,utilities,0
19720.41,30,58828.58,27,2,5.71,electronics,1
17114.46,33,48217.67,13,9,1.75,entertainment,0
9976.23,53,57837.44,13,15,29.44,travel,0
4899.36,30,90734.42,17,10,6.75,electronics,0
11269.98,35,106065.5,15,16,3.72,entertainment,0
22347.96,24,39101.53,11,13,17.08,entertainment,0
10378.08,31,47000.41,14,9,7.9,entertainment,0
4728.54,47,44411.15,14,21,4.67,utilities,1
9891.36,29,54589.97,10,13,2.22,utilities,0
24561.93,18,61600.6,16,16,12.48,grocery,0
38131.95,56,209129.21,13,15,9.55,entertainment,1
35278.229999999996,40,71380.78,18,11,28.09,entertainment,0
27458.850000000002,31,82842.2,15,12,2.28,electronics,1
23771.4,52,73015.31,11,12,5.83,utilities,0
20108.28,26,47274.52,9,15,20.48,utilities,0
23778.36,42,71744.8,19,15,6.55,grocery,1
7200.719999999999,27,43625.8,14,16,4.98,grocery,0
19762.56,32,69001.17,17,10,21.07,electronics,0
26125.98,47,22787.02,18,12,8.14,electronics,0
39641.07,40,103949.77,14,14,9.7,utilities,0
12573.869999999999,34,31024.38,9,16,1.51,grocery,0
9121.59,28,44470.14,12,12,27.08,grocery,0
15236.64,46,28936.92,12,17,25.87,grocery,1
12887.64,21,36867.2,18,11,14.08,entertainment,0
16223.64,18,27517.41,28,8,78.7,electronics,1
19202.82,41,29976.46,20,2,82.79,grocery,1
11044.619999999999,28,43638.18,13,13,3.5,electronics,0
13082.310000000001,24,86816.9,12,13,3.6,travel,0
9943.47,47,70247.76,14,13,20.96,grocery,1
16947.27,28,42208.52,20,15,8.67,entertainment,0
17193.66,30,50186.35,28,3,20.09,travel,1
32491.44,23,145147.57,14,14,3.06,electronics,1
7446.0,25,39197.93,11,16,26.83,entertainment,0
39275.399999999994,24,30980.88,39,11,127.93,electronics,1
9493.650000000001,51,116699.42,15,20,1.49,utilities,0
5181.6900000000005,31,64407.51,11,14,1.39,electronics,0
15324.18,26,161811.48,13,16,25.52,grocery,0
6141.63,39,55768.37,13,11,5.85,utilities,1
15898.47,35,145117.68,18,16,2.11,grocery,1
24872.489999999998,36,19921.07,10,19,4.68,travel,1
7368.450000000001,18,86449.75,13,12,3.23,utilities,0
11642.099999999999,37,54755.11,19,14,14.24,travel,1
20332.65,32,56476.66,11,10,19.03,entertainment,0
28720.47,24,28958.05,16,23,30.75,utilities,0
24084.09,37,52143.67,12,10,1.58,entertainment,1
3786.09,30,75816.09,14,16,4.11,utilities,1
20827.29,64,62793.52,14,12,1.63,utilities,1
15798.78,21,18411.32,25,5,13.75,travel,1
15442.349999999999,19,58999.22,9,9,9.75,travel,1
80883.54000000001,31,77199.34,12,14,35.44,travel,1
30788.07,35,100279.19,16,13,19.08,travel,0
18998.43,40,64517.08,14,11,23.26,electronics,1
14376.810000000001,39,224598.72,17,12,0.68,utilities,1
6519.6900000000005,29,34642.87,13,12,11.09,utilities,0
41812.409999999996,20,55799.8,13,13,27.5,entertainment,0
9182.25,30,72999.36,14,12,12.48,travel,1
18748.56,31,168540.43,14,10,2.23,travel,0
19249.41,28,100687.61,24,7,11.18,travel,0
13290.39,41,26186.34,11,20,15.98,grocery,0
79546.31999999999,23,50246.76,28,2,22.83,electronics,1
8982.66,30,162378.27,13,20,2.84,grocery,0
18623.670000000002,32,49070.62,15,14,16.43,grocery,0
17268.239999999998,50,81284.17,13,9,0.8,electronics,0
17417.13,30,61342.32,12,9,8.74,entertainment,1
6978.150000000001,42,63287.79,11,17,21.52,utilities,0
57375.69,19,46840.62,13,11,23.27,electronics,0
11885.31,22,175434.79,13,16,5.83,utilities,1
6260.969999999999,25,93215.1,12,12,10.0,travel,0
35918.19,35,141869.46,14,9,7.06,entertainment,0
6411.960000000001,24,69317.97,14,15,0.86,utilities,0
17037.57,22,29316.3,17,12,32.46,travel,1
4795.049999999999,52,49950.45,15,17,11.74,utilities,1
14845.5,41,36115.8,14,10,18.07,electronics,0
8691.33,38,64067.73,8,20,37.4,electronics,1
12559.71,31,45987.66,28,13,5.42,travel,1
11257.380000000001,22,137457.39,14,22,6.4,travel,0
7415.25,61,71374.96,11,9,5.69,electronics,0
23142.449999999997,23,42072.25,16,20,2.95,electronics,0
37964.100000000006,24,60162.99,22,2,85.26,travel,1
11806.11,33,34673.77,11,13,20.21,utilities,0
11253.72,24,38582.91,13,13,5.4,electronics,0
14698.170000000002,52,24229.03,20,15,21.05,grocery,0
7424.01,26,33739.91,14,13,2.97,electronics,1
116382.57,18,31680.23,28,13,3.13,travel,1
34025.61,21,58285.64,13,17,23.0,travel,0
5132.58,32,80916.81,15,17,8.35,utilities,0
6651.09,23,34230.66,18,11,23.66,electronics,1
11755.710000000001,29,163649.96,14,16,18.17,utilities,1
19003.98,35,58800.3,14,10,19.7,electronics,1
46579.590000000004,25,79076.5,15,8,18.59,travel,0
23993.61,36,27420.3,9,18,20.74,travel,1
6579.539999999999,36,56527.97,12,13,22.97,travel,1
8823.72,38,71254.89,17,20,17.36,utilities,0
31906.29,24,48960.16,7,7,32.2,electronics,1
10016.19,29,45869.52,18,13,1.91,electronics,0
23334.300000000003,21,75766.12,26,13,28.15,travel,1
20370.989999999998,22,82307.4,27,10,88.23,travel,1
9543.18,35,45560.41,17,9,5.71,electronics,1
8586.150000000001,18,83429.88,16,15,11.01,grocery,1
15544.86,51,36987.89,27,2,15.69,electronics,1
13822.77,18,74119.61,16,12,2.9,travel,0
19483.5,40,49652.96,32,7,24.2,travel,1
40077.93,45,48040.45,10,18,2.18,grocery,0
10980.75,26,32674.02,12,13,16.88,grocery,0
17059.949999999997,54,113843.0,14,18,35.8,entertainment,1
6130.59,39,19091.24,12,16,18.04,grocery,0
19336.59,44,62860.16,16,12,19.53,electronics,0
13055.07,24,68799.32,15,13,11.06,utilities,1
52028.94,18,25259.2,35,3,24.34,travel,1
84069.69,23,69203.51,25,6,20.09,entertainment,0
3875.19,35,41570.69,18,12,1.89,travel,1
11470.47,51,37026.66,14,9,11.2,travel,1
14945.97,27,57448.03,13,18,11.17,grocery,0
10589.64,32,62477.36,18,14,15.45,utilities,0
39665.94,47,54809.64,14,13,26.14,travel,0
23662.98,45,105711.88,19,12,21.34,electronics,0
13706.22,28,38016.17,14,16,13.9,entertainment,0
12693.48,30,48033.31,13,15,2.2,entertainment,0
11998.8,53,59170.35,13,20,12.91,grocery,0
28904.159999999996,19,251112.89,14,11,29.05,utilities,0
3235.38,35,22636.86,13,10,21.69,grocery,0
8298.960000000001,27,73551.59,18,18,6.43,entertainment,0
5113.38,51,39285.44,24,21,8.74,entertainment,0
8849.76,25,63083.01,14,21,1.76,grocery,1
11635.02,53,72586.76,18,12,1.87,utilities,0
11820.42,26,64978.89,15,16,13.63,grocery,1
17960.4,44,51548.62,9,10,15.51,travel,0
17761.739999999998,24,179928.89,13,9,6.23,electronics,0
30254.25,24,43800.52,27,0,123.02,electronics,1
7258.049999999999,27,62002.0,12,14,28.25,electronics,0
6103.9800000000005,20,55773.45,15,19,1.6,grocery,0
6338.58,34,31159.21,11,14,2.5,entertainment,0
12288.449999999999,36,73438.46,14,14,22.24,electronics,1
13421.880000000001,35,38777.23,12,21,9.59,entertainment,0
25655.79,51,144933.77,12,9,25.9,entertainment,0
8287.95,44,61642.96,18,8,8.07,entertainment,0
9185.34,25,141975.0,20,10,14.41,travel,0
14826.39,33,45724.85,20,11,7.32,grocery,0
5518.7699999999995,32,67646.75,13,15,0.81,electronics,1
9132.39,24,184524.77,10,10,11.59,travel,0
6621.12,19,119394.77,14,18,11.95,travel,0
11365.32,22,44746.13,12,13,14.65,electronics,0
29835.75,40,94572.36,19,11,11.21,utilities,0
15630.689999999999,20,170720.45,11,13,3.08,travel,0
6716.789999999999,24,150082.89,11,13,13.03,electronics,0
6190.92,34,85918.14,13,14,33.11,grocery,0
5758.08,28,50515.37,12,11,7.35,utilities,0
19311.9,21,77410.78,18,15,26.41,travel,0
30162.149999999998,25,96707.36,14,13,29.79,entertainment,0
12811.41,33,212568.25,21,16,2.25,utilities,1
8977.47,31,37336.71,14,16,2.59,grocery,1
18800.4,23,155891.33,18,19,16.85,electronics,0
41816.94,30,76994.09,32,2,105.7,grocery,1
11149.650000000001,30,30021.75,9,14,4.65,entertainment,0
16998.06,35,18999.85,11,8,7.69,entertainment,0
7851.63,28,33504.23,13,11,2.88,electronics,1
7721.9400000000005,26,81724.66,14,16,7.93,entertainment,0
3549.66,18,49267.88,13,12,13.93,utilities,0
33514.770000000004,50,82372.01,13,11,2.35,utilities,0
8139.33,23,161887.8,14,21,3.63,travel,0
31894.23,22,124560.47,16,13,3.17,travel,0
11741.52,32,115865.64,23,15,2.76,utilities,0
27911.46,42,133546.77,13,15,17.54,electronics,1
41012.07,49,32366.67,14,21,0.43,electronics,1
28781.850000000002,35,36448.6,23,1,27.42,electronics,1
11141.43,30,136842.46,17,12,7.21,grocery,1
26831.04,54,81767.99,25,12,67.54,electronics,1
17608.11,19,61963.81,30,1,50.9,grocery,1
33035.28,27,50326.14,13,15,25.56,travel,1
20154.81,27,79187.63,14,18,3.17,travel,1
33607.47,32,41055.72,15,7,3.28,entertainment,1
5603.76,40,95851.84,9,13,2.87,utilities,1
26372.43,24,121448.31,13,15,15.3,grocery,0
4254.39,27,75039.25,13,23,6.02,electronics,0
6476.01,40,47062.4,13,19,2.29,electronics,0
15605.939999999999,37,78780.54,19,22,23.7,grocery,1
15429.51,25,52546.62,18,14,11.82,grocery,0
29451.21,30,54305.38,14,10,16.92,travel,0
21309.12,25,24012.5,18,20,27.59,electronics,0
5851.71,43,56265.3,14,15,0.77,electronics,0
17548.68,32,47710.41,15,14,20.73,travel,0
11369.82,25,80366.34,22,11,5.87,electronics,0
35368.17,26,26879.03,23,1,96.38,travel,1
43607.729999999996,34,12717.52,24,3,18.89,travel,1
12032.19,30,44719.86,20,11,4.38,grocery,1
4669.200000000001,20,106155.65,19,12,6.06,travel,1
22292.73,31,66150.3,13,13,8.08,travel,1
21306.63,25,49867.37,14,16,19.14,utilities,0
53595.63,29,56290.27,28,3,111.11,electronics,1
39015.57,47,176963.62,18,14,9.2,entertainment,1
16920.329999999998,20,15223.07,14,10,4.43,grocery,0
54164.04,24,79684.35,20,10,5.99,electronics,0
14251.349999999999,32,88587.64,21,18,11.09,utilities,0
4418.16,53,25551.96,14,16,29.23,grocery,0
11988.69,31,21904.61,14,11,0.71,electronics,1
22212.57,32,40827.22,7,12,2.39,entertainment,1
19345.35,30,111505.71,25,4,96.57,electronics,1
16095.54,18,54076.94,18,13,4.76,travel,0
17250.03,25,56932.31,20,13,34.37,entertainment,0
4319.7300000000005,39,179646.61,15,12,19.61,electronics,0
8911.59,49,139471.81,14,7,10.24,electronics,0
30733.199999999997,25,84073.82,12,14,16.96,travel,1
9112.23,29,67119.95,9,13,4.61,utilities,1
18690.03,36,83280.67,14,14,9.54,travel,0
8317.349999999999,31,25271.26,12,15,2.02,utilities,0
5624.1,23,74700.68,18,15,19.08,utilities,0
51713.850000000006,50,72037.89,15,11,31.43,entertainment,0
9962.16,27,18322.13,29,0,39.87,electronics,1
54056.67,33,83683.86,9,8,2.98,travel,0
14559.09,45,64950.65,14,15,7.11,electronics,0
14478.09,49,98648.27,11,15,1.87,travel,0
18706.77,31,28861.35,33,4,20.56,electronics,1
16815.57,31,31935.68,29,0,116.54,grocery,1
5909.37,46,46551.88,18,23,15.51,electronics,0
16296.27,46,55649.79,22,13,2.2,travel,0
16593.57,44,53116.57,25,14,13.9,electronics,0
72193.56,44,71375.77,34,0,117.03,electronics,1
4653.0,44,29934.32,14,19,15.21,grocery,0
20664.12,19,35639.1,14,16,3.45,utilities,1
16537.44,39,54517.2,14,9,3.76,electronics,0
14191.650000000001,26,69321.38,16,15,2.25,electronics,1
4335.84,32,37316.51,19,15,11.49,grocery,0
11106.99,47,38790.84,12,17,17.49,grocery,0
16742.010000000002,32,35279.43,21,10,5.82,entertainment,0
5325.18,26,71469.15,22,14,15.34,utilities,0
33369.03,42,94315.45,16,15,13.95,electronics,0
6055.68,26,23015.74,18,10,23.47,electronics,1
13308.27,27,58272.62,13,10,8.71,travel,1
10975.83,25,50994.75,14,12,15.0,grocery,1
57562.200000000004,18,58633.99,22,0,15.26,utilities,1
6003.21,39,137722.91,13,14,15.75,utilities,1
8661.84,24,136413.76,13,14,16.56,electronics,0
14660.76,39,93112.59,9,13,2.36,travel,0
32110.89,21,101238.63,12,12,4.18,travel,1
19353.96,25,36946.08,15,18,13.5,utilities,1
8234.58,33,75277.06,13,15,21.52,travel,0
11489.43,24,191506.94,16,14,12.84,utilities,0
30828.06,23,59594.09,13,18,5.06,grocery,0
18048.239999999998,30,27134.38,19,14,1.32,travel,1
18360.300000000003,53,55445.48,12,12,9.98,grocery,0
8519.34,20,42615.9,13,15,13.72,entertainment,0
28695.300000000003,26,72877.75,13,13,0.0,utilities,1
10996.47,41,54644.13,21,10,14.39,electronics,1
17016.48,45,69444.95,21,1,24.62,electronics,1
4162.11,32,58883.31,13,13,0.67,grocery,0
18567.66,30,63441.19,22,15,22.13,grocery,1
5310.8099999999995,32,42798.79,13,13,14.15,grocery,1
8623.289999999999,41,149614.42,13,10,7.59,utilities,0
13194.420000000002,32,36665.07,13,11,0.61,electronics,0
15217.98,40,98357.66,12,14,2.6,electronics,1
20044.5,18,42654.36,24,3,104.61,electronics,1
12164.55,28,264449.57,14,10,2.82,electronics,1
20198.550000000003,26,48927.72,25,10,1.72,travel,0
18870.12,24,130857.42,12,12,13.31,travel,0
58095.299999999996,30,83865.8,9,21,15.94,utilities,1
21510.63,21,41972.3,23,17,8.02,entertainment,1
17965.11,18,58059.37,13,23,5.91,electronics,0
28687.949999999997,37,28251.6,25,7,12.25,grocery,1
15961.74,50,61968.7,13,11,1.84,utilities,0
61716.69,46,84361.5,21,10,5.52,electronics,1
4703.43,22,72723.85,14,15,14.32,utilities,0
18514.050000000003,22,38178.51,35,4,60.2,grocery,1
5235.66,34,39794.15,16,11,15.77,grocery,1
31126.44,20,68390.11,29,12,46.17,electronics,1
15682.439999999999,32,81296.7,15,17,23.04,grocery,0
5489.76,24,102425.64,20,9,1.24,entertainment,1
15443.099999999999,58,42487.33,22,13,9.68,utilities,0
11877.03,34,76325.54,14,14,3.69,utilities,1
4677.51,29,25670.32,15,11,10.45,travel,1
16263.24,26,100009.24,14,11,22.16,entertainment,1
10528.349999999999,29,82547.53,14,14,15.53,utilities,0
17174.4,34,31260.16,13,12,4.1,utilities,0
17322.93,18,29613.69,8,9,3.09,travel,1
24153.66,50,62232.98,19,10,40.24,electronics,0
19035.239999999998,38,85745.19,22,20,5.13,electronics,1
13811.34,51,37665.2,11,11,35.75,entertainment,1
26193.93,25,58636.07,14,15,6.21,grocery,1
5166.6,35,58342.2,11,10,19.62,utilities,0
18899.25,29,26715.51,31,9,30.12,electronics,1
59340.06,24,61934.85,14,15,23.64,entertainment,1
39805.38,22,74069.75,27,1,103.41,travel,1
27458.94,20,36769.08,22,10,6.17,travel,0
34449.21,35,68764.63,18,16,16.85,electronics,1
20841.15,30,61467.43,13,8,16.99,entertainment,0
12923.04,25,67298.33,13,9,8.37,electronics,1
43914.39,52,33987.64,10,13,10.14,grocery,0
12948.48,31,31907.77,14,15,7.14,entertainment,0
7237.4400000000005,18,55365.07,13,20,16.19,electronics,1
22284.87,29,51661.48,13,17,14.19,utilities,0
6710.460000000001,20,24110.24,18,14,1.3,grocery,0
9837.869999999999,41,21093.43,13,16,9.48,travel,0
20620.739999999998,28,36073.49,18,17,20.65,grocery,0
8570.82,21,45279.05,21,19,2.91,travel,0
27099.81,25,68316.36,11,11,13.48,utilities,0
21236.13,23,90881.66,11,13,16.09,utilities,0
7298.73,26,70864.51,24,13,2.11,utilities,0
5573.97,21,144139.27,13,14,20.43,travel,1
76093.86,24,51486.54,33,0,61.53,electronics,1
15976.86,37,101455.52,14,21,9.26,utilities,0
27381.96,21,92435.36,17,16,31.13,grocery,0
16926.12,28,103155.3,21,14,16.31,grocery,1
34650.81,29,100257.44,13,15,16.73,utilities,1
6811.4400000000005,26,42377.44,12,10,22.52,travel,0
14012.04,39,37653.2,14,17,2.64,entertainment,1
11056.26,34,83606.94,15,14,20.6,entertainment,0
16903.29,33,58010.47,21,11,15.8,travel,1
29677.260000000002,32,75122.19,13,11,9.19,entertainment,0
18100.62,29,41157.94,15,13,21.8,grocery,0
11140.98,29,75932.85,8,13,3.08,entertainment,0
9985.23,58,41508.09,12,15,11.23,utilities,0
5371.86,45,36399.16,11,16,9.76,travel,0
8092.650000000001,29,69532.95,11,12,1.93,entertainment,0
22430.760000000002,26,51208.41,22,14,6.95,entertainment,0
10966.89,22,65362.94,13,13,4.16,utilities,0
84850.59,21,57068.9,25,3,27.69,grocery,1
51885.12,44,111872.71,20,9,14.81,electronics,0
19850.04,32,84081.6,13,12,0.23,entertainment,0
3563.9700000000003,18,72169.19,17,11,10.74,utilities,0
15354.420000000002,23,113970.07,13,17,0.98,electronics,0
3889.6499999999996,25,57739.49,13,15,14.88,utilities,0
88444.92,30,103528.11,32,6,107.87,electronics,1
20016.87,34,88001.81,17,10,18.41,travel,0
12219.81,20,27787.8,14,14,5.39,utilities,1
33834.899999999994,35,125919.9,15,15,1.78,utilities,0
8979.69,29,219446.57,20,17,8.82,utilities,0
17199.18,25,52654.27,13,13,6.78,entertainment,1
7320.42,31,89108.21,18,19,17.41,utilities,0
39263.850000000006,19,53199.65,12,5,17.43,entertainment,1
7811.9400000000005,33,22094.44,14,12,5.6,grocery,1
3153.7200000000003,35,104361.11,15,18,34.06,grocery,0
24674.31,31,103555.23,13,12,16.96,utilities,0
16621.98,49,37727.71,13,13,30.07,utilities,1
9561.36,49,99877.68,22,14,1.69,utilities,0
30229.02,25,53273.56,14,17,15.59,utilities,1
10266.66,30,34251.04,13,13,6.01,entertainment,1
26103.840000000004,49,56115.93,13,20,13.79,grocery,0
8004.99,28,165692.0,16,15,22.62,electronics,0
12789.420000000002,29,104899.39,13,16,2.88,grocery,1
12259.2,18,63413.43,18,10,23.95,electronics,0
7226.43,20,56413.01,22,8,10.38,utilities,0
21442.14,32,76265.46,15,14,5.31,grocery,0
10092.72,31,141333.51,11,18,18.3,grocery,0
22967.4,20,30136.56,19,3,52.81,travel,1
19691.16,19,90278.23,14,11,5.57,grocery,0
23979.75,20,46329.93,12,14,0.52,travel,0
6277.469999999999,33,97415.45,13,14,3.37,travel,0
7398.719999999999,18,53870.55,12,10,1.85,travel,0
8319.03,43,52012.4,22,10,7.59,entertainment,1
15184.349999999999,29,32635.06,14,14,24.8,entertainment,1
7027.530000000001,18,52963.73,11,8,7.65,entertainment,0
11725.77,37,55102.54,13,15,26.12,grocery,0
15811.98,49,43340.93,13,15,1.41,travel,0
28619.370000000003,34,52261.35,13,8,18.13,grocery,0
7567.14,51,44032.26,13,19,1.48,grocery,0
13063.89,34,101697.86,14,12,6.05,utilities,0
32309.129999999997,22,83620.66,12,12,4.31,utilities,0
9178.68,26,46540.56,14,14,11.14,utilities,1
8431.56,31,35044.08,16,15,3.93,grocery,0
28444.32,32,88155.07,14,13,10.73,utilities,1
8709.72,22,57226.2,15,14,36.16,travel,0
6737.25,26,85253.78,20,12,2.76,electronics,1
27123.33,37,53052.52,28,14,7.0,electronics,0
6623.61,30,56923.17,13,11,15.84,utilities,1
6897.87,41,66182.18,14,14,19.06,utilities,0
5933.91,42,173981.64,22,14,0.05,utilities,0
14781.03,33,45657.02,14,13,0.42,grocery,0
7025.52,55,73401.83,13,13,9.1,entertainment,0
12024.869999999999,18,41334.63,18,15,8.57,travel,0
11451.66,42,107497.97,11,10,22.93,electronics,0
13845.51,48,55889.92,19,15,28.1,electronics,0
14665.050000000001,33,104942.28,13,13,1.38,entertainment,0
15459.66,40,39155.9,19,16,1.55,grocery,1
18443.010000000002,23,35871.18,12,21,23.84,grocery,0
37479.479999999996,41,108025.92,8,13,9.88,entertainment,0
35601.78,34,270021.64,14,13,3.17,entertainment,0
57582.299999999996,31,79522.71,17,9,3.89,travel,0
41651.28,18,74510.0,13,23,15.54,utilities,1
25174.590000000004,18,54693.26,34,4,111.72,grocery,1
8147.25,35,114681.58,14,16,16.31,utilities,1
7333.92,31,75400.07,18,13,21.97,grocery,0
5125.62,27,65190.04,14,10,16.86,grocery,1
50716.83,25,170484.97,20,17,9.27,utilities,1
7874.789999999999,60,65096.24,21,16,27.87,utilities,0
84529.65,38,43893.23,27,6,11.49,travel,1
12932.849999999999,27,39513.61,21,12,6.68,electronics,1
15811.380000000001,39,63026.9,14,12,14.96,utilities,0
10079.58,25,82016.93,13,10,17.54,grocery,0
38883.72,42,46531.29,13,16,23.06,grocery,0
7186.5599999999995,36,96176.28,11,9,23.64,entertainment,1
33624.42,36,22743.31,23,10,112.39,travel,1
15882.36,35,39942.74,13,16,2.55,grocery,0
7439.49,34,83892.14,16,17,9.52,utilities,1
31230.36,45,256654.21,12,13,16.42,travel,1
10072.17,45,113975.97,14,17,11.72,travel,1
28440.090000000004,33,35219.19,18,14,1.28,electronics,1
24516.75,30,55236.76,21,19,12.64,grocery,1
12636.48,34,57368.58,12,23,27.83,grocery,0
10334.91,52,52615.63,20,18,30.67,grocery,0
24822.870000000003,49,118993.09,13,11,2.92,electronics,0
10196.73,48,77135.97,27,13,24.29,utilities,1
36841.56,36,141740.64,21,11,2.81,travel,1
18107.04,19,48956.0,17,12,2.77,travel,1
5550.450000000001,28,71338.73,14,17,1.38,utilities,0
12613.170000000002,27,99151.52,19,14,3.76,travel,1
16785.03,18,64864.32,11,18,0.16,electronics,1
7477.049999999999,32,68848.43,13,10,13.24,travel,0
14769.72,27,66773.1,13,10,12.19,utilities,0
18441.93,30,36929.11,14,10,2.04,entertainment,0
5468.9400000000005,44,48831.27,11,11,4.49,travel,1
53989.86,23,80231.81,22,1,17.99,grocery,1
20748.78,23,151577.01,11,13,8.74,travel,0
8600.01,29,94679.0,14,10,11.45,entertainment,1
14459.550000000001,28,80317.73,19,15,16.19,grocery,1
22127.61,27,91225.63,13,19,24.31,travel,0
35917.44,31,39406.44,34,6,79.7,grocery,1
20766.27,22,26788.75,18,13,14.43,electronics,1
11162.130000000001,42,19456.26,11,11,1.83,electronics,1
6682.98,18,61457.14,14,15,6.26,electronics,0
10998.599999999999,18,100739.56,12,10,8.21,utilities,1
57442.979999999996,28,27636.12,24,2,129.48,electronics,1
25464.629999999997,38,63245.87,17,12,2.96,utilities,0
7135.83,29,83059.32,20,8,7.41,travel,0
31814.760000000002,42,241700.1,21,10,2.87,travel,0
6580.89,31,45580.14,14,11,19.92,electronics,1
27353.129999999997,42,113163.5,13,15,14.06,travel,0
11323.23,31,35457.76,12,8,25.19,travel,1
5816.07,19,53720.91,15,15,3.1,grocery,1
20008.77,22,50132.44,13,9,14.39,travel,1
14211.300000000001,36,97206.67,14,15,9.03,electronics,1
9896.369999999999,41,209408.14,13,12,0.5,utilities,0
16902.54,46,49142.52,12,14,1.37,grocery,0
22097.61,25,64250.93,13,11,8.85,travel,0
5882.97,44,30539.53,13,14,3.61,travel,0
10691.400000000001,53,55941.74,18,9,19.48,utilities,0
21869.04,24,20494.83,33,12,13.52,electronics,1
95241.54000000001,45,45519.97,27,16,18.57,grocery,1
12005.16,29,69081.83,18,17,2.53,utilities,0
6296.82,36,45823.14,14,15,15.7,electronics,1
40837.44,37,33152.69,22,11,29.23,travel,0
12925.53,18,76405.12,17,10,2.58,travel,0
8060.16,32,29372.89,14,19,28.8,electronics,1
11325.06,56,54575.12,13,13,5.26,entertainment,0
19210.920000000002,28,41136.01,11,10,3.26,entertainment,1
16564.68,33,28158.14,14,15,16.59,utilities,0
9342.3,38,73275.85,18,18,1.87,utilities,0
40583.520000000004,30,26268.37,16,15,8.02,electronics,0
30161.67,46,38913.63,15,12,10.97,electronics,1
23428.11,50,49941.69,11,14,14.83,entertainment,1
13413.93,31,125521.24,11,16,18.82,grocery,0
5392.83,42,110543.28,13,22,20.27,grocery,0
14833.53,41,102035.43,20,10,7.18,entertainment,0
5093.9400000000005,52,73983.65,14,17,13.81,utilities,0
7158.84,28,34322.3,14,10,5.82,travel,1
21967.170000000002,26,130903.15,11,15,2.52,utilities,1
18193.02,39,49130.26,23,11,23.68,electronics,1
7941.39,18,58357.9,16,13,33.04,electronics,0
26277.39,27,111488.05,11,10,8.64,travel,1
7984.349999999999,37,72415.68,13,21,13.65,electronics,0
19709.94,33,72216.0,14,14,22.79,grocery,1
29438.04,49,70019.62,13,21,7.57,utilities,0
6684.539999999999,41,60903.81,12,9,15.37,travel,0
20223.96,25,132197.4,31,11,16.54,utilities,1
42425.13,24,143327.83,11,10,27.1,travel,0
24876.36,41,69978.51,20,21,12.28,travel,0
26172.78,24,93121.55,14,11,13.05,entertainment,0
5314.2300000000005,52,197833.04,14,18,2.7,grocery,0
18513.18,24,67959.2,23,9,18.82,travel,0
35078.61,59,24285.35,10,14,22.22,electronics,1
14303.579999999998,28,111417.07,14,11,1.05,entertainment,0
7004.58,25,59977.61,13,15,10.34,entertainment,0
6562.14,44,43830.67,11,15,5.97,travel,1
6384.42,20,137590.43,13,11,25.63,entertainment,0
8076.93,18,86380.93,15,12,12.45,grocery,0
35070.87,20,17125.12,28,2,125.75,electronics,1
14136.84,37,78618.15,20,13,15.68,electronics,0
7848.66,27,32310.91,11,13,9.35,utilities,0
10991.460000000001,29,30398.36,23,14,3.73,electronics,0
5887.29,28,90368.94,14,13,5.78,grocery,0
7460.37,30,37083.03,13,12,6.27,utilities,1
9406.92,34,36299.24,9,15,0.43,electronics,0
23237.1,25,23328.65,17,17,5.07,travel,1
25503.659999999996,22,67138.55,22,18,5.63,electronics,1
7327.89,25,75973.71,14,9,1.19,entertainment,1
20490.87,35,81660.43,14,13,18.91,utilities,1
5554.59,38,51625.43,15,15,2.22,utilities,0
9666.24,35,69886.02,15,17,9.57,utilities,1
26674.17,46,182496.96,11,14,1.31,travel,1
5950.5599999999995,45,368431.56,12,12,10.27,travel,1
15816.99,37,74441.45,12,13,11.2,entertainment,1
8358.48,46,70138.19,11,16,17.48,utilities,0
8541.75,19,52551.59,13,12,5.87,grocery,0
7454.280000000001,37,30249.59,20,11,9.97,entertainment,0
4774.41,27,35948.9,15,12,9.01,grocery,0
35043.78,23,42857.26,10,11,29.75,utilities,0
6990.12,40,36511.4,35,14,1.72,utilities,0
34554.45,22,80515.35,18,14,15.66,utilities,1
24925.739999999998,46,65893.29,12,15,1.55,entertainment,0
13179.24,40,154582.84,18,17,6.41,electronics,0
21263.4,23,62990.15,12,22,19.19,utilities,1
11468.369999999999,30,22180.3,22,21,128.02,electronics,0
14705.76,23,40281.58,13,16,10.48,electronics,1
15398.97,20,32239.15,15,12,8.68,utilities,1
21512.28,24,28486.39,24,4,61.68,travel,1
9389.58,40,260563.34,14,12,25.05,entertainment,0
31230.75,22,103846.93,10,14,14.27,travel,0
19210.41,39,122610.97,19,12,32.55,utilities,1
40517.67,31,131875.16,14,17,9.76,travel,1
31502.340000000004,27,63417.6,14,11,9.63,travel,0
25989.870000000003,38,116436.52,14,10,10.52,utilities,0
5439.87,34,53369.67,13,15,0.9,electronics,1
40014.24,26,48289.79,20,9,18.47,grocery,1
5555.4,30,29685.97,12,11,11.93,utilities,0
15478.619999999999,27,41903.57,13,15,2.67,utilities,1
15716.130000000001,44,139383.5,22,14,15.49,utilities,0
16186.53,24,78016.81,20,19,7.78,entertainment,1
5494.799999999999,34,63625.28,21,11,5.99,utilities,1
25237.68,29,77154.77,18,15,3.21,travel,0
7790.52,20,81769.57,12,15,30.09,electronics,0
5608.35,32,68901.26,12,15,13.58,entertainment,1
3885.63,31,82151.68,14,18,1.9,grocery,0
21170.579999999998,27,141689.54,18,13,1.45,grocery,0
17383.71,33,104781.5,10,22,7.81,grocery,0
11743.5,22,76283.75,13,11,18.29,travel,0
23096.28,22,55936.28,17,10,6.47,travel,0
63977.22,19,353162.43,13,8,3.95,entertainment,0
17373.449999999997,28,33996.38,10,14,9.94,electronics,0
30531.120000000003,45,228504.27,28,8,3.41,electronics,1
7511.43,53,30606.85,14,16,3.38,electronics,0
6572.16,22,113072.08,18,13,2.8,electronics,0
22063.199999999997,18,68482.61,15,22,23.99,entertainment,1
17751.03,30,40213.73,14,16,4.41,grocery,0
9111.81,21,38815.85,29,15,0.61,electronics,0
43785.51,52,40515.31,12,12,7.57,grocery,0
5369.7300000000005,31,61430.37,14,11,7.32,electronics,0
5883.39,31,73550.69,17,13,2.46,grocery,1
23729.64,22,94175.78,17,7,10.43,travel,0
9183.81,37,19467.15,10,23,20.85,travel,1
30755.52,28,138463.16,11,16,26.55,utilities,0
12685.77,28,21184.16,8,15,5.0,travel,1
12660.630000000001,24,246716.48,15,15,5.65,entertainment,0
6379.950000000001,28,44618.57,19,9,3.44,electronics,1
10129.89,18,168821.55,16,18,2.97,utilities,1
49946.97,33,33021.91,21,9,1.74,utilities,0
62177.100000000006,22,70418.27,13,17,19.81,electronics,1
14256.27,19,28643.01,17,13,27.64,travel,0
8142.299999999999,26,95731.46,14,16,2.98,entertainment,1
28458.0,21,40610.53,22,9,24.78,travel,0
17628.69,25,85293.22,13,4,16.86,grocery,1
5036.91,42,97411.66,14,13,6.47,entertainment,0
28227.33,45,41020.86,14,12,8.99,grocery,1
22943.04,49,80772.56,14,1,0.89,electronics,0
10452.66,42,171046.19,12,12,14.59,grocery,0
7461.87,32,45925.6,14,19,6.56,utilities,1
14255.28,39,27343.18,11,10,3.73,entertainment,0
19155.239999999998,24,75747.13,13,8,10.3,travel,0
5052.8099999999995,26,39960.48,14,14,3.26,entertainment,0
33665.729999999996,28,99291.36,11,11,30.29,entertainment,1
44290.44,41,31286.32,35,12,21.12,travel,1
9247.17,36,93218.68,12,16,12.5,entertainment,0
9816.78,34,30001.52,13,17,10.89,grocery,1
18904.23,47,77085.67,29,16,16.68,grocery,0
30521.760000000002,24,155788.5,13,14,2.63,entertainment,1
11387.880000000001,24,47560.24,13,18,0.74,electronics,0
5094.96,38,220852.47,13,17,29.11,utilities,0
10809.51,35,254668.74,14,13,11.23,entertainment,1
7043.67,34,62954.84,12,11,23.56,entertainment,1
4411.5599999999995,31,31407.64,15,11,9.98,grocery,0
20358.36,24,45943.78,13,18,33.46,travel,1
10872.03,37,70623.59,14,14,0.0,electronics,1
15851.579999999998,33,85651.8,17,11,2.16,electronics,0
10865.55,39,114918.4,16,13,17.47,utilities,0
16240.11,23,38785.16,26,0,5.51,utilities,1
8483.55,22,128523.98,14,13,1.53,travel,0
13075.800000000001,24,43777.39,18,15,7.26,travel,0
11472.42,32,266506.72,14,10,14.73,entertainment,0
11079.93,24,79432.86,11,17,10.6,utilities,0
18270.420000000002,39,54907.74,22,15,38.95,electronics,0
4720.41,28,37787.5,12,16,1.78,grocery,1
13096.949999999999,46,133353.29,14,10,10.6,entertainment,1
14072.28,19,41770.18,16,7,35.85,entertainment,1
11268.99,45,50022.85,34,10,7.44,grocery,1
21649.02,24,16572.93,18,14,0.67,grocery,0
16242.39,20,71209.12,15,11,16.01,entertainment,0
7287.39,20,66320.91,14,14,5.92,utilities,0
30251.340000000004,29,46358.74,13,13,34.77,electronics,0
7926.39,39,128562.54,13,21,2.96,entertainment,1
11819.97,31,43866.94,18,10,24.89,grocery,0
60906.42,38,42597.51,25,8,24.85,travel,1
18046.02,25,35589.33,20,8,11.15,utilities,0
52670.520000000004,19,108736.41,18,18,22.5,travel,0
10607.91,18,87999.25,9,11,1.06,electronics,0
8823.93,21,64527.31,20,16,23.79,electronics,1
30026.58,60,57730.56,18,16,0.7,travel,0
10724.7,18,67348.23,14,15,13.8,utilities,0
20423.670000000002,39,60470.48,20,15,25.34,utilities,1
34335.45,31,47586.59,16,14,11.99,travel,0
4131.2699999999995,39,37769.49,12,20,13.17,electronics,1
6827.01,33,55061.6,13,9,2.16,travel,1
4474.65,29,52518.68,15,11,7.48,utilities,0
30475.89,30,198109.08,12,22,5.79,travel,0
6462.93,20,90175.39,9,14,13.99,entertainment,0
62406.87,23,76602.51,14,17,8.7,entertainment,0
8135.73,31,36372.65,14,14,15.5,grocery,0
10412.31,21,84488.01,15,7,8.29,utilities,0
6412.86,28,56607.61,18,13,6.03,grocery,1
23476.5,22,53803.49,31,2,94.83,grocery,1
29509.199999999997,39,44039.29,12,14,2.07,electronics,0
37845.479999999996,52,52605.28,17,12,15.91,utilities,1
14575.47,33,79652.29,14,12,13.99,entertainment,0
8806.86,44,154505.37,19,11,9.98,travel,0
20768.16,26,84565.57,22,22,124.3,grocery,1
7660.98,46,81884.93,14,18,7.32,utilities,0
14966.52,32,51652.49,14,18,9.7,travel,1
10608.03,33,51149.55,13,15,12.77,electronics,0
4905.4800000000005,37,147873.25,11,14,2.85,grocery,0
5923.2300000000005,24,89410.7,17,16,31.37,utilities,0
9281.849999999999,45,100385.24,16,12,6.84,entertainment,0
12045.0,36,307557.06,13,12,15.86,utilities,1
20589.27,45,32837.11,13,12,25.65,electronics,1
25174.56,36,96246.15,21,6,14.03,electronics,1
16456.32,36,89391.86,14,10,2.4,travel,0
7569.63,30,201508.2,11,12,4.36,utilities,0
18059.010000000002,19,97575.79,14,18,2.56,utilities,0
12763.02,18,28856.41,26,0,6.06,travel,1
11588.73,41,57044.99,14,14,21.84,travel,1
27883.649999999998,36,107901.22,22,17,16.83,electronics,0
21771.06,31,111473.93,25,1,113.56,travel,1
19955.699999999997,41,68382.81,15,9,22.37,travel,0
9925.23,18,84106.81,13,11,3.54,travel,0
23116.920000000002,28,51746.15,13,15,19.03,grocery,0
5275.74,35,74493.29,14,10,10.98,electronics,0
5315.46,48,73436.16,13,11,21.2,entertainment,0
76511.25,47,44442.43,26,4,128.12,electronics,1
31389.659999999996,27,77950.28,13,21,10.29,utilities,0
13380.39,33,17157.24,18,13,16.22,grocery,0
25394.760000000002,46,226002.82,14,15,32.51,grocery,0
4462.92,30,27190.61,14,10,27.47,utilities,1
33388.74,30,42831.59,14,14,1.46,entertainment,0
14478.150000000001,30,48626.1,21,9,3.8,electronics,1
3679.3500000000004,48,49880.45,13,16,6.42,entertainment,0
9258.45,31,141799.86,14,14,3.52,grocery,1
45995.37,50,218984.2,13,17,24.05,entertainment,0
5079.0,31,40787.08,13,16,13.13,grocery,1
14724.99,43,161476.06,19,14,25.51,utilities,0
58382.64,18,36361.38,18,11,31.21,electronics,0
11044.289999999999,36,88538.66,18,13,31.04,travel,0
11004.33,26,69319.11,22,9,10.79,utilities,0
21900.9,26,146596.05,13,11,15.57,utilities,0
20683.62,43,63826.47,10,9,6.9,travel,1
25962.96,18,26303.12,18,15,6.0,entertainment,0
5709.75,33,49246.58,15,10,10.08,grocery,1
14941.199999999999,20,34691.7,13,11,2.91,utilities,0
44044.44,35,30747.96,14,13,4.44,grocery,0
6739.349999999999,26,64188.58,10,15,9.77,utilities,0
10600.44,39,125302.15,14,13,1.88,utilities,0
21238.02,47,200056.12,19,16,3.28,travel,1
4298.79,26,75565.03,15,14,25.51,utilities,1
11203.02,18,58545.78,15,11,20.72,electronics,1
52968.39,20,93321.31,14,11,14.42,travel,1
89492.1,42,102828.55,26,1,8.71,travel,1
6467.13,22,45101.32,14,15,18.19,utilities,1
17994.510000000002,44,88234.41,17,20,18.03,entertainment,0
8007.150000000001,32,41474.47,11,13,5.49,utilities,1
7843.23,28,78664.64,12,13,1.79,utilities,1
4861.0199999999995,41,35870.67,16,14,6.79,utilities,0
18412.32,35,57112.69,14,9,3.8,electronics,0
22080.9,58,66543.45,25,16,17.13,electronics,0
20563.949999999997,24,80982.86,22,21,7.16,travel,1
25729.379999999997,52,66164.44,15,14,8.47,grocery,0
30989.73,27,46045.19,11,12,16.45,electronics,0
21502.800000000003,32,85231.69,12,15,9.06,utilities,0
8033.549999999999,29,81772.08,18,17,11.02,grocery,0
11391.119999999999,30,56854.62,11,13,14.78,electronics,1
16826.61,33,42180.11,15,14,3.29,electronics,1
13270.050000000001,20,143722.82,11,16,3.95,grocery,1
14071.560000000001,37,67727.74,23,11,8.55,travel,0
13940.25,43,30267.83,14,11,3.14,entertainment,0
5961.09,32,43946.76,18,13,0.51,grocery,0
38633.159999999996,18,37875.27,11,16,1.85,electronics,0
50087.13,47,44422.13,13,11,17.95,utilities,1
28550.67,39,47520.32,13,7,31.75,travel,1
39185.31,31,46894.25,14,11,4.3,travel,0
5185.41,46,52009.71,21,18,12.24,grocery,0
6430.5,33,40162.51,19,14,2.31,utilities,0
13457.76,24,33120.72,18,9,1.57,electronics,0
10364.25,47,45584.97,10,12,3.25,utilities,1
7418.82,40,37826.32,13,12,0.73,electronics,0
5995.35,29,93781.5,14,13,13.5,utilities,1
15297.84,23,85182.5,15,14,6.52,entertainment,0
12289.920000000002,27,82277.63,13,18,14.43,travel,0
29829.57,20,72279.97,27,17,34.22,electronics,1
9883.23,35,61349.68,15,20,2.8,travel,0
7666.17,38,123354.74,13,16,4.3,entertainment,0
25652.46,33,40617.91,13,16,3.22,utilities,1
27303.42,47,22870.95,21,16,4.36,utilities,0
2830.5,32,40727.82,32,15,13.66,electronics,0
12479.25,24,62011.14,14,13,11.79,electronics,0
7030.530000000001,30,45618.1,19,9,22.16,entertainment,1
16012.77,18,116593.61,11,15,7.38,electronics,0
6032.58,47,73155.15,20,14,16.09,grocery,1
7401.719999999999,29,111824.87,13,16,1.5,grocery,0
49980.42,41,167181.11,23,13,11.97,travel,0
8536.86,18,43180.21,17,14,3.67,electronics,0
19694.94,27,96560.67,14,14,29.27,travel,0
12310.89,37,67082.08,9,16,9.49,electronics,0
8162.9400000000005,26,115534.27,16,13,17.85,electronics,0
40708.38,18,28560.6,14,12,17.22,utilities,1
31818.81,29,102156.4,28,18,30.65,utilities,0
21197.13,34,50931.98,15,14,27.93,grocery,1
20264.79,22,71739.15,10,19,11.78,electronics,1
7889.039999999999,25,287377.56,16,15,1.86,grocery,1
10233.45,39,108915.34,16,16,4.7,utilities,0
15843.420000000002,19,45167.6,17,10,1.02,travel,0
9278.58,48,106995.7,21,12,6.82,utilities,0
24785.850000000002,18,38748.92,11,12,11.26,electronics,1
25406.82,36,56338.23,12,16,3.15,electronics,0
8478.0,24,41404.69,10,11,13.21,entertainment,0
20362.65,24,76494.73,19,11,3.18,grocery,0
3539.16,32,73547.37,14,12,2.29,grocery,1
40750.26,43,64984.63,22,1,11.93,grocery,1
16132.98,37,24866.15,16,10,22.24,travel,1
50547.42,54,71458.16,21,0,125.65,grocery,1
6496.530000000001,41,85697.55,8,16,2.99,electronics,0
30313.77,47,126867.27,13,22,19.79,travel,1
44387.100000000006,30,24710.61,22,12,17.7,travel,1
9009.599999999999,27,104359.14,13,13,3.77,grocery,0
4823.58,28,138710.71,8,15,6.03,utilities,0
7886.460000000001,39,50743.02,13,9,3.35,electronics,0
11685.539999999999,18,111196.39,13,14,3.95,travel,0
7599.450000000001,50,26932.74,18,18,2.18,travel,0
11249.82,37,70944.49,13,8,2.68,travel,0
9023.58,55,32638.61,12,14,2.73,utilities,1
4987.47,22,44769.04,13,15,15.21,electronics,0
36115.62,47,92757.95,7,15,5.74,travel,0
5322.36,31,52873.22,16,14,11.05,grocery,0
4737.0599999999995,23,100686.15,19,12,0.72,entertainment,0
13147.26,45,71353.99,15,13,2.44,grocery,0
6525.51,41,68511.69,14,16,12.23,utilities,0
26933.550000000003,39,73477.29,12,16,14.95,utilities,0
24755.19,38,76910.54,13,15,2.63,travel,1
31719.149999999998,39,65909.5,15,16,13.23,travel,0
15810.869999999999,23,50539.19,15,15,13.23,travel,0
13420.41,43,33884.29,12,13,2.3,electronics,0
53171.91,22,73875.87,21,1,8.2,grocery,1
15911.22,25,17535.63,29,9,20.41,grocery,1
12992.099999999999,25,180405.62,14,18,19.14,grocery,0
40973.43,23,35148.2,10,8,4.33,travel,0
5630.01,19,84712.91,11,15,8.1,utilities,1
5820.78,24,90392.0,18,15,9.37,utilities,0
3806.82,61,37245.18,18,15,6.72,utilities,0
6874.289999999999,31,31939.44,18,14,1.28,utilities,0
17129.16,49,59114.58,13,13,19.12,travel,1
12482.97,35,105642.05,12,19,1.25,travel,0
2362.5,39,87312.45,13,13,25.62,grocery,0
9831.84,24,128730.05,10,13,16.31,utilities,0
15099.09,19,44913.48,19,12,0.95,travel,0
49594.83,23,65073.2,10,13,3.86,entertainment,0
5201.9400000000005,38,104192.5,18,15,5.26,electronics,1
13126.619999999999,31,140539.05,13,9,2.18,electronics,0
8081.82,35,35495.6,18,8,0.12,entertainment,0
5458.65,41,12406.37,9,15,10.38,electronics,1
14784.449999999999,30,54302.04,11,14,18.11,utilities,0
11311.02,22,71406.84,12,15,0.79,entertainment,0
51097.229999999996,22,111776.78,19,15,26.01,travel,0
8316.150000000001,32,169856.01,14,8,13.83,entertainment,0
6938.700000000001,50,94689.35,10,13,5.43,grocery,0
10460.07,24,60337.29,14,10,7.02,electronics,1
15881.52,29,129418.48,19,17,11.73,grocery,0
9532.17,18,39756.93,14,21,6.14,electronics,1
15413.699999999999,28,44534.97,13,15,16.63,utilities,0
8424.57,46,136340.09,14,14,12.9,entertainment,0
20278.079999999998,19,91159.29,27,2,71.28,travel,1
21198.36,28,59617.91,20,14,26.64,electronics,1
14088.54,26,127674.49,14,21,8.67,grocery,1
26374.86,33,88977.4,21,16,2.95,travel,1
5050.5,30,68769.63,11,17,13.77,electronics,0
7659.39,25,44226.45,7,11,35.96,travel,0
21143.550000000003,31,128902.91,20,16,18.45,electronics,0
65002.259999999995,22,79451.49,19,11,8.79,travel,1
16097.880000000001,23,66265.06,12,11,22.67,electronics,1
11546.460000000001,23,66226.96,23,13,16.72,utilities,0
4674.96,38,53112.8,18,13,14.65,grocery,1
6567.51,48,54203.13,19,11,1.55,electronics,1
11689.68,29,47180.19,14,20,12.29,grocery,1
34898.76,45,77387.44,13,10,23.15,utilities,0
29560.29,33,69211.92,14,16,3.21,utilities,0
23230.11,41,249364.75,14,11,12.29,utilities,1
13329.060000000001,36,49455.0,31,13,8.2,electronics,0
16964.550000000003,19,201446.05,12,11,26.54,utilities,0
12952.53,21,153736.32,23,9,1.62,travel,1
5023.29,33,39374.15,21,12,4.85,utilities,0
14816.73,19,127517.96,14,20,11.7,grocery,0
7527.900000000001,47,166286.05,14,12,26.14,travel,0
4380.51,46,44128.48,11,15,1.25,utilities,0
4857.21,18,44131.22,13,16,1.0,entertainment,0
20625.420000000002,43,195338.1,8,10,36.13,entertainment,0
17364.39,62,33024.94,15,13,9.6,utilities,1
24215.1,24,29412.59,22,2,121.66,travel,1
8643.99,39,27736.16,13,21,6.29,utilities,0
7005.539999999999,26,92865.0,13,15,7.9,utilities,0
40278.45,38,38914.27,12,14,5.59,electronics,0
25601.129999999997,45,257856.84,21,18,12.87,utilities,0
13866.18,48,65174.69,14,15,8.93,entertainment,1
21996.81,26,121251.27,15,16,3.74,travel,0
34130.25,28,85912.89,18,19,11.09,utilities,1
5865.18,43,81751.23,14,15,14.14,utilities,1
26557.800000000003,51,40187.1,15,12,16.1,grocery,0
13532.76,22,58625.72,12,18,33.28,travel,0
27182.489999999998,35,173451.88,13,11,1.22,utilities,1
8055.27,41,121249.11,12,18,3.18,utilities,0
22721.82,35,194140.59,14,18,2.67,utilities,0
6204.0599999999995,18,72098.32,21,16,0.53,travel,1
11437.2,50,81504.63,13,12,26.3,grocery,0
21577.02,18,47117.87,11,21,14.31,travel,1
7584.150000000001,36,121664.81,14,16,19.72,utilities,0
18790.199999999997,53,168618.69,13,14,12.81,grocery,0
9671.130000000001,36,157025.35,14,12,22.53,electronics,1
14496.630000000001,30,41325.07,15,18,2.11,grocery,0
15581.670000000002,18,53027.15,18,9,7.33,travel,0
12372.449999999999,46,23007.84,15,15,15.01,travel,0
19925.670000000002,22,27264.07,20,19,9.31,entertainment,0
22117.98,36,50987.35,14,11,2.64,entertainment,0
11471.64,27,119115.69,13,18,12.86,utilities,0
15588.72,22,55443.39,13,14,3.34,travel,1
10238.849999999999,56,45315.44,14,21,14.95,electronics,0
22248.06,43,554268.04,14,10,21.84,utilities,0
21720.15,24,41333.05,13,12,2.89,entertainment,1
17278.98,46,34027.23,26,3,30.56,electronics,1
8050.62,34,186950.21,14,18,14.01,entertainment,1
35557.08,45,36207.58,33,3,86.01,electronics,1
24092.94,21,40906.55,29,9,98.2,travel,1
10775.82,39,41846.64,14,14,7.9,electronics,0
9358.8,23,44749.0,16,10,31.02,electronics,0
25913.399999999998,24,299274.19,13,10,2.69,travel,0
31400.550000000003,46,40121.26,14,18,12.97,electronics,1
14806.74,18,66609.89,21,9,0.0,electronics,1
68964.24,20,156304.25,10,10,5.97,entertainment,0
13510.98,33,37949.19,20,13,26.3,electronics,1
30322.409999999996,21,86810.42,17,8,17.5,travel,1
8144.1900000000005,45,140911.21,13,15,25.27,electronics,1
21862.47,28,67058.31,12,13,26.0,grocery,0
3371.16,29,27275.19,15,11,6.86,grocery,0
57872.490000000005,32,56704.09,28,1,6.62,electronics,1
9837.75,25,60453.04,14,15,2.88,utilities,0
32219.28,22,83954.38,13,11,13.06,travel,1
22323.57,50,43888.36,17,15,1.88,travel,0
11307.99,27,79784.72,11,12,16.54,utilities,0
8247.960000000001,19,69347.34,18,22,10.72,electronics,0
51175.649999999994,23,47510.16,13,13,0.95,travel,0
19797.57,29,59845.86,11,18,21.43,electronics,0
12713.189999999999,40,59940.86,11,13,15.0,electronics,0
25787.79,43,88601.1,20,13,15.6,electronics,1
10493.91,26,57045.81,13,13,17.02,entertainment,1
22258.35,45,76412.73,16,13,1.27,electronics,1
17967.93,29,52073.28,13,8,22.17,electronics,1
11344.47,18,139412.37,20,11,16.47,travel,0
19370.07,36,103805.8,20,14,9.07,utilities,1
13524.57,26,55152.73,20,11,15.24,travel,1
9540.900000000001,43,50669.31,14,14,6.75,travel,0
16875.21,23,78997.69,14,14,9.75,utilities,0
7785.66,54,59715.03,12,13,28.49,electronics,0
9995.64,29,73282.59,16,12,21.74,entertainment,0
26075.909999999996,46,91984.21,13,12,2.85,utilities,0
5345.5199999999995,29,120450.99,14,15,10.35,grocery,1
16589.25,41,136549.34,26,11,13.63,electronics,1
21890.19,31,64392.31,13,17,32.64,travel,0
9277.32,43,222888.93,14,9,4.0,entertainment,1
8551.47,30,31935.22,11,17,1.46,entertainment,0
7579.349999999999,20,72822.45,13,17,1.2,travel,0
4459.5,18,46192.57,9,15,1.32,travel,0
15664.949999999999,30,59801.81,14,13,14.82,utilities,0
19690.44,26,54467.64,17,15,12.13,grocery,1
22542.78,36,184993.94,18,11,2.46,grocery,1
8441.25,23,23454.28,14,17,4.51,entertainment,1
6178.08,47,106914.4,20,12,11.97,electronics,1
7485.6900000000005,45,87606.51,14,9,6.62,entertainment,0
10451.55,26,189048.27,13,12,22.76,electronics,1
11557.349999999999,55,143039.87,24,19,7.5,electronics,1
8885.52,59,69598.45,10,11,4.13,entertainment,1
8816.099999999999,51,85058.64,13,22,22.98,utilities,0
29453.159999999996,25,72728.16,13,14,6.63,utilities,0
15236.550000000001,43,166837.14,14,14,0.21,electronics,0
26282.64,24,32535.41,25,5,13.68,electronics,1
12395.16,31,27126.16,21,21,2.29,electronics,1
11504.91,24,60725.98,14,14,2.93,electronics,0
6207.87,22,58801.32,11,11,26.55,electronics,1
9247.11,34,56363.22,14,15,0.33,travel,1
9035.400000000001,38,72312.97,14,17,35.14,utilities,1
11782.710000000001,27,40564.0,13,12,15.21,travel,1
16955.61,44,68494.15,31,0,28.12,electronics,1
7275.66,20,44127.75,12,10,7.35,electronics,0
20844.72,32,60536.63,11,16,7.79,grocery,0
13083.900000000001,23,36348.0,13,15,5.09,travel,1
3713.2200000000003,26,33475.87,13,15,21.92,utilities,0
57808.229999999996,18,39061.67,28,2,135.82,electronics,1
11897.49,18,76151.91,23,19,25.68,electronics,1
5859.0599999999995,51,39150.4,15,12,26.37,grocery,0
9694.98,32,49181.94,12,18,17.5,grocery,1
6925.74,32,24903.12,10,18,1.12,grocery,1
20121.81,45,38775.34,14,12,18.7,utilities,0
8155.86,23,75456.29,17,13,4.4,travel,1
59147.34,21,52400.74,25,9,47.14,electronics,1
12189.45,38,197364.6,14,15,5.28,utilities,0
11559.81,24,66058.2,18,11,25.63,travel,0
17380.11,32,143244.03,19,12,31.19,electronics,1
5252.85,30,41283.25,14,10,0.88,grocery,0
4537.74,30,51233.52,13,10,2.51,travel,0
17812.44,19,55013.2,19,13,0.0,electronics,0
16272.54,22,101905.82,20,10,32.61,travel,0
30884.73,28,27527.42,7,10,5.06,travel,1
30977.31,40,45014.2,10,13,33.01,travel,1
10440.72,25,37135.64,9,13,6.14,utilities,0
10915.650000000001,33,64736.47,16,11,17.13,entertainment,1
4885.65,37,23523.84,11,14,2.61,utilities,1
7940.07,28,67640.5,18,9,5.55,entertainment,0
19240.920000000002,33,68230.8,13,14,17.57,utilities,0
13249.68,27,63497.29,21,8,7.77,electronics,1
13746.060000000001,26,72480.42,14,11,12.1,entertainment,0
9550.08,33,46254.19,18,7,8.36,entertainment,1
17694.39,30,78267.92,11,11,5.14,travel,0
41761.590000000004,29,163197.45,10,12,14.25,travel,0
22340.4,34,55823.94,21,15,5.92,travel,1
8952.93,37,135432.94,18,15,1.86,utilities,0
27452.25,35,44177.08,21,8,32.18,travel,1
10631.43,53,60066.97,17,18,11.76,grocery,0
16277.82,23,151820.69,13,15,27.17,travel,1
10968.45,22,67376.57,11,12,0.0,electronics,1
33972.840000000004,29,80470.83,20,15,10.18,travel,0
41308.8,35,53703.88,12,12,26.71,entertainment,1
18239.699999999997,35,195515.42,12,12,17.22,electronics,0
9488.099999999999,51,128220.31,12,12,3.32,utilities,0
15456.810000000001,50,49339.93,15,7,26.69,entertainment,1
7399.98,31,70909.08,18,12,22.11,entertainment,0
31369.02,18,122260.69,13,9,26.89,travel,0
17876.489999999998,18,43278.09,20,11,79.61,travel,1
45130.229999999996,34,69249.95,10,10,31.91,entertainment,0
22921.199999999997,18,37908.69,14,16,18.34,utilities,0
20599.35,41,138178.15,20,15,4.21,electronics,1
22201.53,25,59442.1,11,14,4.3,entertainment,0
5569.0199999999995,36,81766.6,14,14,12.66,utilities,0
30580.29,48,24944.24,21,8,22.5,travel,0
40224.479999999996,26,101873.92,13,11,3.95,utilities,0
36910.649999999994,51,78562.47,15,12,2.52,grocery,0
7712.01,50,32858.23,23,15,12.07,grocery,1
11097.539999999999,44,20279.51,19,15,12.45,grocery,0
35468.19,29,43173.67,13,14,1.56,travel,0
8835.42,34,75206.06,20,12,36.55,entertainment,1
24056.19,23,145218.61,14,16,8.94,electronics,0
10233.69,59,49658.5,13,15,18.63,electronics,1
8735.94,56,76236.49,16,10,7.12,electronics,1
10758.09,22,83115.56,14,12,36.05,utilities,1
15649.77,44,129640.25,13,22,16.83,utilities,0
12686.400000000001,18,159034.23,14,16,12.12,utilities,0
6585.99,23,33765.55,16,16,6.58,electronics,0
4649.76,40,21146.28,19,14,27.28,grocery,0
16622.25,18,103616.79,16,22,7.24,utilities,0
6630.18,48,52323.75,13,14,10.55,utilities,0
30405.96,27,77107.26,13,12,19.66,electronics,1
7766.039999999999,45,86244.93,20,11,1.85,electronics,1
11637.72,21,48276.03,10,11,18.09,electronics,1
53490.990000000005,32,26564.77,30,2,16.03,grocery,1
9209.01,26,63606.15,13,12,3.48,grocery,0
16698.27,27,34739.44,29,3,21.2,entertainment,1
24844.89,49,72297.17,17,10,12.7,electronics,0
9521.55,45,61002.11,23,13,3.31,electronics,0
13867.32,19,43065.53,20,8,6.3,electronics,1
31869.449999999997,31,175789.23,24,11,19.73,electronics,0
18892.68,42,95875.38,11,11,16.0,entertainment,0
5141.3099999999995,28,24620.71,16,13,8.35,utilities,0
27811.32,45,88155.99,19,15,2.2,electronics,0
6159.450000000001,37,21206.88,31,5,25.05,electronics,1
58433.67,41,90184.75,24,11,12.39,travel,1
18856.59,32,35256.06,13,13,18.19,entertainment,0
3917.2799999999997,29,33876.03,14,10,2.71,utilities,0
6130.799999999999,39,67765.95,12,16,1.89,electronics,1
11385.69,30,25657.19,13,17,4.55,travel,0
5655.9,18,72134.42,16,12,10.13,utilities,1
10557.93,32,61779.08,11,14,17.06,travel,1
8775.869999999999,24,85100.25,11,16,3.29,travel,0
23393.31,40,83520.55,11,14,7.1,entertainment,1
21886.86,25,85812.42,13,14,5.54,entertainment,0
10483.53,50,217677.81,14,13,34.28,entertainment,0
12499.29,18,107289.84,18,17,18.9,utilities,0
14922.810000000001,23,220486.5,9,17,20.15,grocery,1
9526.650000000001,21,84243.18,21,13,21.39,electronics,0
28305.48,44,39237.02,13,14,3.44,travel,0
15388.079999999998,28,50923.9,15,13,3.37,utilities,0
67101.6,41,66594.41,9,17,29.96,entertainment,0
15580.650000000001,34,101241.17,13,10,13.29,electronics,1
17424.300000000003,21,54622.44,21,15,42.85,grocery,1
51136.950000000004,18,25779.0,10,14,0.9,travel,0
10619.61,18,68449.16,12,13,4.41,utilities,0
43344.72,32,67080.86,5,13,13.89,travel,0
7817.039999999999,42,31365.88,13,18,21.5,travel,0
8903.849999999999,25,140190.28,16,8,27.09,grocery,0
6460.98,32,13644.61,13,17,8.48,utilities,0
94992.95999999999,27,63977.86,12,12,2.36,travel,0
11965.56,50,35745.98,10,9,11.08,entertainment,0
9961.2,24,191576.16,15,14,23.96,grocery,0
3426.1499999999996,22,42717.56,20,7,8.61,utilities,0
6261.99,28,16127.94,13,19,28.89,grocery,0
23859.63,30,57110.89,21,16,1.4,entertainment,1
5531.88,44,28887.65,14,9,3.7,travel,0
7478.76,44,79945.23,19,14,10.66,utilities,0
10625.76,40,92068.82,10,20,6.7,travel,1
15123.96,38,139640.64,20,14,12.4,travel,0
6822.27,53,19321.71,11,13,2.66,grocery,1
13363.949999999999,35,82005.26,23,7,5.8,travel,1
11174.52,42,46922.18,13,13,14.63,grocery,0
9485.369999999999,24,60013.25,16,11,17.71,entertainment,0
9814.05,35,64053.56,14,13,16.19,travel,0
6140.88,18,148387.02,11,13,2.09,travel,0
10457.97,34,73084.68,14,18,2.63,utilities,1
8047.68,24,74692.42,15,15,21.4,utilities,1
7373.25,28,56482.26,11,11,7.96,travel,1
61306.86,41,175067.3,18,8,19.35,electronics,1
12076.68,52,41297.74,9,18,13.81,utilities,0
14475.03,31,25868.13,18,12,3.44,grocery,1
29538.69,23,65271.56,19,15,2.28,electronics,1
11224.53,25,54108.51,17,10,26.17,electronics,1
5512.74,25,32834.34,18,12,0.69,travel,0
10340.130000000001,35,64657.22,14,16,13.68,utilities,1
46257.0,37,32105.3,34,1,32.73,travel,1
7356.12,31,75560.08,16,16,27.62,utilities,1
5570.61,36,72383.2,16,11,22.36,electronics,1
13952.64,49,321234.12,11,13,12.94,grocery,1
6264.780000000001,52,93266.48,9,17,1.24,grocery,0
34178.13,28,35847.05,18,10,29.43,travel,1
54159.66,47,33192.03,16,14,1.63,electronics,0
26650.56,21,85158.73,20,13,10.12,grocery,0
7607.34,24,150430.08,11,18,6.2,electronics,0
25199.22,25,27415.83,11,14,2.1,electronics,0
22633.11,34,69096.8,13,19,2.29,utilities,0
8253.0,33,149966.12,13,13,26.5,entertainment,1
4319.07,18,74478.66,11,14,3.89,entertainment,0
8254.710000000001,31,46834.32,13,15,2.74,utilities,0
14212.23,26,114524.73,13,10,9.16,electronics,0
35677.89,39,56897.91,13,22,12.01,utilities,1
7822.32,29,109510.12,20,18,12.84,entertainment,1
11762.61,45,92729.94,14,13,5.07,utilities,1
8714.34,23,35656.05,12,13,5.26,utilities,0
21310.89,46,50923.19,12,13,14.11,entertainment,0
12322.920000000002,35,89812.43,11,9,1.88,entertainment,0
20622.78,23,63411.87,23,8,41.55,electronics,1
7690.59,33,143048.87,15,15,7.97,entertainment,0
5103.12,27,187751.27,14,18,29.68,travel,0
22363.170000000002,34,84939.29,16,16,22.4,utilities,1
9635.82,46,48517.25,13,12,10.94,grocery,0
19348.5,24,47685.88,12,12,2.38,electronics,1
8222.19,24,148894.85,11,11,12.8,travel,0
4302.63,35,28654.88,16,12,9.54,utilities,0
17599.050000000003,35,90181.19,11,15,11.24,entertainment,1
7386.299999999999,30,28655.37,13,12,13.75,utilities,0
8949.36,45,80864.8,15,12,19.93,utilities,1
11483.369999999999,53,23595.09,14,9,2.71,entertainment,0
27426.81,44,63120.58,27,9,16.1,electronics,1
5679.33,28,31962.13,16,15,27.78,utilities,1
78375.81,49,72239.89,11,15,10.19,entertainment,0
23818.44,34,38328.67,14,16,17.91,entertainment,0
6995.43,28,84295.59,13,17,3.46,entertainment,0
6887.039999999999,29,45097.34,22,10,10.29,grocery,1
5624.91,27,99921.76,15,13,0.7,grocery,1
21176.22,39,37380.89,14,15,11.76,grocery,0
23399.91,27,54405.6,26,6,36.91,electronics,1
38299.8,19,19462.25,12,15,36.81,entertainment,0
36290.76,20,131577.89,16,15,4.7,entertainment,1
31495.32,31,66539.07,14,12,14.75,grocery,1
17081.25,33,62804.88,11,14,25.74,electronics,1
17609.699999999997,25,154011.18,18,14,22.59,grocery,0
7840.89,24,198230.61,15,13,28.27,utilities,0
17017.29,31,149296.09,29,13,20.85,electronics,1
8032.38,40,83085.71,13,20,1.4,entertainment,1
13676.61,18,228800.81,13,11,12.16,entertainment,0
6150.75,33,20612.72,27,5,97.53,electronics,1
19435.050000000003,37,90886.39,19,12,29.31,travel,1
46352.07,29,73538.99,30,6,6.77,travel,1
50662.59,38,109696.64,11,15,7.18,electronics,0
7139.91,19,133979.24,14,15,14.03,electronics,0
5629.53,19,116365.43,17,21,3.51,utilities,1
7514.52,49,47153.1,13,10,15.54,entertainment,0
19105.77,27,112877.63,12,11,24.53,travel,0
30129.54,41,55965.12,15,15,0.81,travel,0
28864.56,30,76970.42,14,11,2.87,travel,1
7351.89,37,36757.77,13,13,12.08,entertainment,0
16213.650000000001,46,16698.51,18,18,13.65,utilities,0
39742.53,36,57849.64,10,14,10.99,entertainment,0
22702.38,48,42014.99,14,17,18.95,entertainment,1
26401.050000000003,24,46965.99,13,14,8.91,utilities,0
18429.66,47,35424.88,13,10,0.46,electronics,0
29579.64,23,54794.56,23,1,98.24,grocery,1
38788.74,25,180910.99,20,8,61.42,grocery,1
15088.71,28,120398.83,19,23,9.04,utilities,1
4487.61,19,35643.66,11,14,2.54,travel,0
8223.45,43,16354.69,13,17,17.08,utilities,0
6479.400000000001,33,43365.91,20,17,3.44,grocery,0
16758.48,36,18644.74,28,0,56.41,travel,1
13526.07,18,51767.09,14,12,3.85,entertainment,0
24503.760000000002,35,71193.11,29,14,9.44,utilities,0
12709.53,20,37255.39,17,13,8.75,electronics,0
17921.489999999998,25,52853.73,15,15,4.15,entertainment,0
44354.04,31,54301.17,16,7,24.31,entertainment,1
42381.21,19,56782.9,15,12,2.41,entertainment,0
16556.19,24,141212.11,14,17,5.98,grocery,0
6609.18,19,79287.49,11,20,18.92,utilities,1
18388.89,24,77329.43,23,20,18.07,electronics,0
25713.78,57,67114.58,12,15,2.31,utilities,0
17194.079999999998,37,61922.21,20,10,2.69,electronics,0
24791.61,22,33402.64,20,9,1.2,electronics,0
16444.079999999998,19,32376.84,20,10,3.63,travel,0
23497.32,42,105589.06,12,12,13.33,grocery,1
16802.28,20,85681.64,11,15,28.53,entertainment,0
8904.0,35,31074.77,21,10,1.41,electronics,0
12290.189999999999,34,102322.04,14,12,9.89,entertainment,0
46009.68,29,174215.12,16,13,17.47,grocery,1
25630.620000000003,20,32957.2,34,8,32.4,travel,1
9578.07,38,136836.48,13,17,14.95,utilities,1
60200.06999999999,57,24181.05,10,9,15.17,electronics,0
6279.33,44,212221.62,14,14,32.42,travel,1
6288.36,22,122585.65,14,13,31.04,utilities,1
25067.399999999998,46,190874.26,30,10,18.21,electronics,0
48873.840000000004,52,43718.41,13,13,32.35,entertainment,0
7494.99,33,67272.96,17,11,6.61,utilities,1
27462.42,25,75477.29,10,14,23.79,travel,0
19900.199999999997,28,22220.29,27,0,76.58,travel,1
16185.420000000002,21,32838.08,20,13,0.55,travel,0
11145.869999999999,28,33608.45,13,16,7.15,grocery,1
9724.23,53,71830.91,11,16,1.34,utilities,0
27047.850000000002,33,64035.93,10,13,13.7,travel,1
31928.699999999997,18,84201.8,14,16,7.29,electronics,0
14822.91,38,89528.3,10,13,20.91,electronics,0
9518.400000000001,19,78388.69,16,13,3.72,entertainment,1
37781.909999999996,31,81030.51,21,15,17.26,entertainment,0
25600.649999999998,20,48248.17,16,11,2.31,entertainment,0
28939.620000000003,51,14192.48,11,17,10.38,electronics,0
19648.32,23,60962.55,18,13,29.32,entertainment,0
23101.62,25,85923.15,27,22,9.91,utilities,1
26055.48,55,75508.39,10,11,26.48,utilities,1
3820.9500000000003,41,41808.23,18,17,3.69,electronics,1
5690.7300000000005,30,42305.55,21,8,12.39,utilities,1
8469.06,59,26373.92,21,10,7.28,utilities,0
7841.25,50,37354.29,13,15,29.23,utilities,1
16675.199999999997,31,47555.75,12,9,16.99,grocery,0
9422.039999999999,18,32060.81,15,15,13.93,travel,1
17651.670000000002,41,74857.09,21,13,22.89,entertainment,0
29158.590000000004,22,82201.21,10,15,1.65,entertainment,0
14794.86,25,49018.41,14,14,5.21,grocery,1
7189.4400000000005,39,86177.04,14,14,16.01,grocery,1
15965.43,33,35975.12,20,10,13.02,travel,0
5407.5599999999995,27,55580.1,13,16,18.46,grocery,0
8203.23,23,98331.26,14,13,7.54,grocery,0
7187.07,53,85315.59,22,12,11.49,grocery,1
11439.51,23,316018.88,14,14,3.14,entertainment,0
15847.41,27,189427.73,19,22,15.08,electronics,1
10348.86,59,67340.71,15,14,16.62,grocery,0
13546.11,29,53900.98,21,10,2.58,electronics,0
60570.36,18,69086.81,17,10,22.71,travel,0
21458.760000000002,46,42841.38,12,12,15.94,grocery,0
20589.66,29,94254.02,18,7,9.83,grocery,1
4094.91,44,121962.75,15,15,15.69,grocery,0
19900.71,29,90976.61,19,17,9.76,travel,0
17115.6,34,79175.33,23,11,8.42,entertainment,1
2555.88,35,117688.15,14,11,31.61,utilities,0
17205.84,32,63489.23,17,16,1.3,grocery,1
8671.56,42,96776.65,14,11,5.37,electronics,0
29392.11,19,140426.54,21,15,3.59,utilities,1
15359.25,44,50930.73,27,2,30.79,travel,1
22503.300000000003,24,48047.39,12,9,3.2,entertainment,1
17306.07,35,212281.35,17,12,14.89,grocery,0
8471.849999999999,24,35118.73,13,15,18.77,grocery,0
7261.86,33,118381.1,13,13,11.45,electronics,0
21090.78,26,221265.06,21,13,9.34,travel,0
6451.74,23,46795.0,11,10,11.19,grocery,1
10221.869999999999,28,31991.1,11,14,17.37,utilities,1
42364.649999999994,38,70861.65,14,10,1.61,entertainment,0
31320.42,50,75685.93,10,17,8.38,entertainment,0
74144.22,32,81069.04,24,3,114.48,grocery,1
7388.460000000001,42,43048.99,11,12,6.56,electronics,0
7836.75,37,149578.88,14,12,1.45,utilities,0
20516.07,39,24138.33,15,16,27.39,electronics,1
17154.12,29,26607.48,15,16,4.65,travel,0
8100.210000000001,30,55963.18,12,20,14.58,grocery,0
10773.75,25,77957.15,14,13,8.32,utilities,0
24022.739999999998,30,18724.41,17,12,7.97,electronics,1
27860.43,29,71269.23,10,14,27.14,travel,0
18387.03,52,44095.61,10,10,6.72,entertainment,0
16773.81,30,74037.78,13,16,11.62,electronics,0
5848.92,28,162155.01,18,15,2.63,grocery,0
22658.82,32,52452.72,14,16,9.02,travel,0
43956.81,37,40759.64,15,15,8.46,travel,0
24000.75,58,48303.49,18,11,19.75,travel,0
5953.59,24,33066.22,18,7,8.94,travel,0
73464.36,33,169153.3,18,15,3.53,entertainment,0
11527.8,18,78554.67,22,8,25.73,travel,0
4208.64,19,101619.61,13,13,2.53,entertainment,0
6922.62,26,80976.6,11,10,12.27,grocery,1
24141.78,33,69984.55,18,16,14.98,entertainment,0
16029.24,30,72099.74,14,16,21.59,grocery,1
2651.94,26,58955.07,14,14,2.41,entertainment,1
38336.28,38,51526.88,12,13,1.77,electronics,0
8112.36,27,52750.73,14,20,8.27,entertainment,0
8007.87,21,64950.09,17,15,15.41,travel,0
11043.51,29,26815.66,13,15,6.41,grocery,1
11299.77,22,113681.25,13,10,28.19,entertainment,1
26311.620000000003,42,32243.05,19,14,9.79,electronics,0
8347.23,46,85054.61,20,14,11.24,grocery,0
9662.19,38,98203.32,9,14,26.45,travel,1
5651.79,47,144982.48,11,13,26.43,entertainment,1
15174.150000000001,40,28972.55,14,23,18.37,grocery,1
41053.92,18,174010.81,12,16,28.87,grocery,0
21017.97,49,30313.8,22,7,4.77,grocery,1
26356.260000000002,24,89927.39,24,20,10.05,electronics,0
2513.91,44,72703.25,14,18,0.73,grocery,0
19760.31,31,72559.95,12,18,22.06,utilities,0
15797.01,19,27103.56,30,7,14.23,travel,1
29403.120000000003,19,125950.84,13,17,1.44,entertainment,1
7564.950000000001,19,31164.47,11,15,14.52,electronics,1
6845.82,27,94255.37,13,9,16.25,electronics,0
18993.96,49,40445.29,12,22,11.82,utilities,0
36874.229999999996,23,70080.55,11,15,9.62,entertainment,0
16874.34,28,24164.14,13,8,21.34,entertainment,0
15006.060000000001,22,69347.93,12,22,18.84,electronics,0
21243.15,31,23226.48,21,11,16.88,electronics,0
22774.11,39,51194.77,13,14,25.33,travel,1
6261.780000000001,29,26905.31,12,23,14.23,grocery,1
65876.16,25,170232.74,14,11,10.88,grocery,1
5202.21,50,93664.79,26,18,28.11,grocery,0
28019.760000000002,40,54560.59,38,1,43.41,grocery,1
44231.79,23,94202.33,14,19,1.71,entertainment,0
9720.0,26,103296.18,14,16,4.74,utilities,0
21856.35,18,17599.69,34,5,7.13,grocery,1
4826.46,34,39357.48,14,12,20.79,utilities,0
10880.25,31,157404.65,11,20,9.65,grocery,0
18504.27,50,63047.11,14,19,1.68,utilities,0
28983.300000000003,22,23855.87,10,16,17.87,travel,0
19545.21,38,50355.06,38,5,128.36,electronics,1
5150.25,23,178364.1,15,19,2.32,utilities,1
27772.379999999997,30,83542.88,14,15,3.33,entertainment,0
3097.17,23,111606.49,18,9,15.77,electronics,0
7951.5599999999995,35,28832.79,16,12,28.44,travel,0
5985.09,46,46429.74,19,11,22.4,electronics,1
7819.74,18,40586.28,14,10,11.35,grocery,0
15036.57,18,78657.88,14,8,4.03,travel,0
19143.93,51,50902.77,21,15,0.42,utilities,0
10124.61,29,66802.88,13,14,6.97,entertainment,1
5839.4400000000005,58,33908.57,14,21,14.83,utilities,1
31136.04,27,25935.8,22,16,12.34,utilities,0
10356.75,41,113106.89,16,16,11.42,travel,0
6826.14,29,70594.26,14,11,0.78,entertainment,1
30222.27,30,26653.17,21,15,19.57,entertainment,0
5214.24,44,34313.73,15,12,1.64,utilities,0
24485.85,21,40716.56,15,14,16.86,grocery,1
8342.460000000001,45,26558.7,12,11,11.63,travel,0
28742.22,28,48682.69,16,11,2.71,utilities,0
12097.41,26,98622.27,18,15,32.22,entertainment,0
56171.79,29,40349.23,24,11,16.56,electronics,0
16355.79,40,36322.84,27,0,23.88,electronics,1
14508.96,26,166350.44,16,14,24.33,entertainment,0
4575.12,32,146600.65,13,10,9.89,utilities,0
17935.949999999997,32,82030.3,14,12,0.52,grocery,0
6884.789999999999,21,44807.58,13,14,10.71,electronics,1
9997.32,30,48014.95,20,15,2.12,travel,1
7279.62,34,93673.51,12,9,6.76,utilities,0
19250.91,31,38155.13,14,10,5.44,entertainment,1
15876.900000000001,47,24585.29,11,18,18.6,travel,0
5938.9800000000005,33,64615.05,14,15,3.3,utilities,1
11425.56,18,85022.79,14,9,2.97,entertainment,0
61057.740000000005,32,71605.67,17,20,2.05,electronics,0
28862.399999999998,40,86156.47,14,12,24.26,entertainment,1
8359.23,27,136198.99,13,8,11.4,entertainment,0
20889.989999999998,25,65034.72,17,19,9.96,travel,0
29430.39,21,70187.68,18,13,13.98,travel,0
13089.869999999999,39,136473.63,13,13,1.68,utilities,1
4697.97,34,80651.92,18,10,11.09,grocery,0
21572.82,59,69043.69,14,6,3.23,entertainment,0
14014.349999999999,19,200553.57,14,14,17.19,entertainment,0
13941.18,32,63653.37,20,16,21.47,grocery,1
6816.27,28,70072.06,24,1,26.32,travel,1
3374.16,19,90550.57,13,18,2.0,utilities,0
11646.93,28,52688.56,17,13,26.76,entertainment,1
3432.0299999999997,35,110959.68,18,11,9.56,utilities,0
30821.94,19,136746.71,18,8,8.49,electronics,0
9674.58,31,38960.24,13,12,1.83,entertainment,0
5578.71,18,133434.94,19,9,26.17,grocery,1
9296.76,34,199022.29,13,8,6.98,entertainment,1
8721.93,32,28377.88,14,12,1.95,utilities,0
4150.38,35,35376.25,13,16,34.45,electronics,0
32750.31,39,13311.07,22,1,83.96,grocery,1
37768.32,32,90730.96,20,9,10.11,travel,1
8045.219999999999,36,101693.4,19,11,29.57,travel,1
47731.47,26,95269.95,28,3,44.88,grocery,1
44755.44,31,96246.8,15,11,10.35,entertainment,0
32639.909999999996,46,92976.95,15,17,3.18,utilities,0
12424.949999999999,31,22783.93,12,13,2.5,entertainment,0
17939.16,18,50984.29,34,4,94.7,travel,1
15861.78,52,34552.16,11,13,1.67,grocery,1
38875.62,46,26122.01,27,3,104.71,electronics,1
20961.57,41,28807.27,13,13,11.68,travel,0
3905.58,54,23211.04,12,14,16.77,grocery,0
30384.36,39,61084.37,13,18,25.54,electronics,0
20712.66,32,30671.33,13,13,4.75,electronics,1
16446.57,29,37469.04,26,15,16.48,electronics,1
7575.84,28,33451.22,10,14,2.5,travel,1
11084.97,30,44405.48,20,16,10.53,travel,0
16971.989999999998,24,89370.43,11,14,0.55,travel,1
18373.079999999998,48,82695.19,13,17,14.71,electronics,0
7271.13,31,84288.18,10,8,6.05,entertainment,0
16447.38,40,34310.28,14,12,15.5,grocery,1
29573.31,52,28106.68,12,13,7.92,utilities,1
19451.79,24,103916.02,29,2,66.26,electronics,1
31799.04,23,76304.34,35,5,92.13,grocery,1
11248.92,40,69866.75,12,23,20.82,grocery,0
30586.86,25,56904.96,13,8,28.0,travel,1
25649.340000000004,35,35241.71,10,20,10.69,utilities,0
7356.87,33,102632.99,18,8,3.49,entertainment,0
33109.649999999994,25,39664.11,19,12,13.57,electronics,0
26131.47,25,40037.47,9,16,4.04,travel,1
15238.26,41,52386.17,19,11,3.05,entertainment,0
35879.55,19,38240.21,12,19,6.13,grocery,0
15971.97,51,44508.88,13,17,1.37,electronics,0
10287.81,33,86966.07,15,13,17.86,entertainment,0
12426.09,29,50976.23,14,15,1.89,electronics,0
9112.92,30,94312.42,25,15,20.5,entertainment,1
22953.9,36,37503.51,30,11,5.14,utilities,0
33081.36,49,61086.23,13,13,4.22,entertainment,0
26132.760000000002,31,131789.42,10,12,2.61,entertainment,0
14210.82,36,99888.1,16,15,22.45,entertainment,0
6789.719999999999,40,66867.66,11,15,1.93,electronics,1
13768.68,24,79132.0,14,16,14.41,grocery,0
8260.77,25,53204.34,16,12,15.55,utilities,0
13244.34,29,73087.88,13,16,6.35,entertainment,0
10926.210000000001,24,118196.68,13,11,2.93,travel,1
7948.89,36,69735.78,14,13,14.98,electronics,0
28514.82,37,122125.8,14,11,10.99,electronics,0
60332.31,22,42522.94,13,19,21.0,travel,1
25047.21,31,64718.65,13,18,9.26,entertainment,0
17842.77,31,39206.07,14,13,11.4,utilities,0
9507.81,49,95681.3,18,16,1.62,utilities,0
13614.39,21,51779.43,20,17,6.8,grocery,0
14355.150000000001,23,39622.56,13,23,29.28,utilities,0
8399.400000000001,51,309476.75,14,15,14.4,utilities,1
17631.300000000003,20,66210.73,20,10,21.06,grocery,1
19278.54,20,134334.5,20,17,2.92,travel,0
15031.349999999999,29,119080.01,22,16,8.24,travel,0
25032.48,33,59404.31,13,14,16.39,entertainment,0
7908.99,49,98511.94,13,12,18.74,utilities,0
14653.77,29,49645.03,13,18,7.15,grocery,0
15557.699999999999,18,24421.31,15,11,13.68,entertainment,1
37344.93,29,46626.26,18,9,13.65,grocery,0
2857.68,32,67337.68,15,13,3.01,grocery,0
7553.76,32,115583.66,12,7,15.36,entertainment,1
12752.310000000001,25,68765.83,13,15,1.66,entertainment,0
15642.300000000001,39,91278.39,20,19,8.94,travel,0
2755.7400000000002,25,43816.72,17,21,21.17,electronics,0
50603.490000000005,24,79428.2,13,17,26.01,grocery,0
10893.57,23,63531.04,14,10,34.24,travel,1
6324.33,24,38628.6,12,18,27.97,entertainment,1
12699.66,25,56977.55,13,10,19.58,utilities,0
9783.150000000001,30,55412.93,12,22,15.2,utilities,0
6608.13,41,113222.87,23,21,6.54,utilities,0
20254.079999999998,27,44156.71,11,1,20.33,travel,0
30111.120000000003,31,47809.41,19,13,9.46,grocery,0
18014.4,50,42831.81,15,14,16.64,utilities,1
4800.12,20,22630.15,20,15,13.29,travel,0
9073.74,18,58225.94,13,12,30.95,travel,0
16906.32,45,57206.38,17,14,1.73,travel,0
7223.13,51,76769.56,13,13,18.08,utilities,0
6315.48,45,41321.06,14,10,15.57,utilities,1
10874.22,29,46291.34,14,13,25.82,travel,1
14375.939999999999,24,98315.26,19,15,7.02,travel,0
9125.25,22,71401.62,11,16,15.05,utilities,1
19464.27,23,86842.58,14,22,16.63,electronics,1
65619.20999999999,25,85286.91,34,4,52.93,grocery,1
15258.09,24,59936.8,19,9,13.28,grocery,0
18422.550000000003,22,26799.79,13,14,2.67,entertainment,1
27579.39,33,169312.43,23,19,22.32,electronics,1
8245.59,55,77625.44,15,10,12.52,entertainment,1
16271.189999999999,26,111355.86,13,10,3.46,entertainment,1
32432.28,26,187838.19,11,13,13.19,entertainment,0
50745.12,26,66071.92,17,18,10.03,travel,1
3363.09,22,31036.08,13,12,6.06,travel,1
6756.780000000001,50,64732.4,18,19,7.56,grocery,1
11930.67,33,78250.23,18,16,0.17,travel,1
20058.0,29,61103.99,11,20,2.18,travel,1
17326.65,28,105124.08,16,16,25.14,travel,0
16100.04,45,57555.8,14,12,13.67,utilities,0
9413.34,54,73539.91,13,16,4.95,entertainment,0
2302.29,25,80145.1,14,17,28.23,grocery,1
62465.64,30,201764.86,13,10,16.71,travel,0
57237.84,18,21457.59,23,4,150.31,electronics,1
12350.61,20,65035.81,13,5,8.78,travel,0
36387.06,32,95962.04,13,15,2.16,entertainment,0
10349.22,18,63374.56,14,7,3.34,electronics,0
12756.18,40,65629.88,11,11,13.12,entertainment,0
14431.29,31,41281.2,12,23,6.14,utilities,0
5731.17,23,19790.71,19,13,6.01,electronics,0
9361.289999999999,29,83352.75,18,15,8.35,electronics,1
6163.530000000001,26,97202.55,21,19,9.75,grocery,1
6377.01,31,96013.51,13,21,15.09,travel,0
9108.99,25,67063.98,20,16,10.41,electronics,0
7094.49,28,38334.23,12,15,4.27,electronics,0
6006.51,34,92205.42,13,20,17.19,utilities,1
9932.369999999999,43,168169.68,13,10,27.59,entertainment,0
8323.619999999999,44,81389.15,13,13,20.21,electronics,0
6282.63,35,141427.84,21,11,10.21,utilities,1
8305.23,41,93244.95,18,11,18.12,utilities,1
30085.77,41,92266.25,8,11,1.46,utilities,0
17593.199999999997,24,58355.32,10,15,33.2,travel,0
12994.32,30,53074.59,13,14,18.18,grocery,0
10623.150000000001,43,152912.79,17,14,2.01,electronics,1
33779.07,28,47596.13,16,10,7.73,utilities,0
8643.960000000001,35,55239.11,11,4,21.97,electronics,1
9214.44,24,48150.76,14,16,8.39,entertainment,0
15622.5,27,94442.87,10,11,2.76,entertainment,0
10443.539999999999,22,48237.72,14,14,6.26,utilities,1
6692.88,22,35413.86,11,10,3.14,electronics,1
10453.77,30,131779.13,14,13,9.62,travel,0
12077.34,48,57641.96,14,12,6.11,electronics,0
31746.57,24,79119.29,25,21,55.34,electronics,1
26214.39,18,157222.03,14,11,8.83,entertainment,0
6386.549999999999,38,67859.91,13,14,6.49,utilities,1
14159.34,26,132198.02,18,11,1.8,electronics,1
5759.79,34,133252.12,18,14,2.21,utilities,0
9873.0,28,118224.05,11,13,1.3,grocery,0
7803.780000000001,29,37801.43,14,12,29.05,grocery,0
5225.16,19,47028.05,14,11,14.61,electronics,0
28376.04,57,154791.83,9,14,13.5,electronics,0
6653.67,33,26273.88,13,15,5.03,entertainment,1
11190.78,54,21147.21,13,12,22.36,grocery,0
13797.03,25,125087.89,11,14,26.17,grocery,0
29247.72,25,47886.79,14,21,25.98,electronics,0
10674.0,32,96262.86,17,11,3.07,electronics,0
6841.349999999999,22,22948.4,14,18,18.82,utilities,0
10863.630000000001,51,83833.37,11,8,4.3,travel,1
15271.26,31,107198.46,26,12,22.48,electronics,0
6541.469999999999,47,88627.54,11,16,26.4,travel,0
9722.52,24,38003.24,10,11,7.15,travel,1
12818.699999999999,29,57450.44,14,13,1.98,travel,1
8146.68,19,40617.03,12,13,13.25,utilities,0
46234.770000000004,27,22544.66,31,21,16.3,entertainment,1
6935.82,29,77438.31,14,12,12.26,grocery,1
19202.699999999997,34,98432.42,14,12,13.0,entertainment,0
5475.03,43,52831.67,21,8,4.28,electronics,0
13662.36,35,53381.7,13,18,16.19,entertainment,0
26276.129999999997,33,73159.45,12,15,12.95,grocery,0
17514.329999999998,30,43470.43,19,15,15.61,utilities,0
71274.78,30,36590.51,19,18,28.65,grocery,1
3597.93,25,53046.1,14,12,5.27,grocery,0
35496.21,24,46933.96,14,16,9.76,utilities,1
20996.699999999997,25,165066.36,15,15,2.94,entertainment,1
8702.82,36,42112.18,18,15,16.61,grocery,0
8434.619999999999,44,54838.62,12,21,9.66,utilities,0
50242.020000000004,44,37985.11,10,12,7.29,utilities,1
24229.32,25,245498.6,13,8,13.3,entertainment,1
6776.82,48,125890.79,14,14,17.53,utilities,0
6041.9400000000005,39,39196.29,16,11,19.95,electronics,0
23879.85,34,152029.79,13,18,20.76,grocery,0
11232.3,21,56584.07,10,10,13.07,electronics,1
21911.489999999998,35,51669.86,23,4,3.37,travel,1
22270.47,18,117346.14,13,17,13.59,travel,0
17106.449999999997,26,28116.55,12,11,14.87,travel,0
13023.54,30,40891.95,10,12,22.07,travel,1
16024.650000000001,29,59560.28,14,14,7.01,travel,1
7354.17,30,37267.66,15,13,21.81,grocery,0
9145.56,34,98894.16,12,12,25.19,utilities,0
8192.31,18,34090.44,16,11,20.6,utilities,1
51478.89,36,69269.51,17,5,7.54,utilities,0
7670.43,48,48669.15,11,16,9.33,travel,0
13325.22,45,89369.37,16,16,2.34,utilities,0
11484.45,18,82049.15,19,14,2.16,electronics,1
9707.94,43,79933.89,7,20,8.66,electronics,1
22797.48,26,204970.05,17,15,19.4,entertainment,0
34463.67,19,130109.83,14,16,24.82,utilities,0
7712.76,31,116842.74,18,20,0.77,grocery,0
29096.909999999996,52,76756.32,13,13,2.56,utilities,0
3526.68,30,62690.86,14,13,4.7,utilities,1
10627.98,24,130865.88,13,11,14.53,utilities,0
28979.52,29,17184.72,32,3,62.05,grocery,1
22721.97,24,75748.73,12,17,18.85,utilities,0
18004.02,32,45990.21,14,15,0.71,travel,1
56932.38,34,49233.17,10,9,12.98,entertainment,0
9448.98,33,145658.83,12,13,15.24,grocery,1
4944.39,29,102694.35,14,16,6.81,electronics,0
6025.950000000001,50,40428.01,13,16,18.97,utilities,0
6033.24,28,61408.98,14,9,22.66,entertainment,1
49702.08,19,20195.22,25,20,15.37,electronics,1
20822.13,23,60106.07,14,15,2.9,travel,1
11325.599999999999,25,35648.38,20,12,18.34,electronics,0
26025.0,39,82430.78,15,17,3.93,utilities,0
3966.42,32,18374.68,20,16,16.57,utilities,0
4618.2300000000005,18,116095.69,14,13,10.11,grocery,0
5838.2699999999995,44,29067.47,13,10,7.87,grocery,0
11399.64,28,87742.54,11,13,6.68,entertainment,1
36554.58,23,38069.49,10,16,8.45,travel,0
13368.060000000001,30,282302.7,10,8,12.17,entertainment,0
19276.739999999998,25,59263.38,13,14,0.85,electronics,0
15758.22,31,40274.49,17,13,27.1,grocery,0
41455.8,31,92662.21,14,19,5.98,utilities,0
14184.72,53,176650.3,19,6,26.72,entertainment,0
13545.900000000001,56,109572.34,11,19,0.46,travel,0
11337.900000000001,53,118841.9,13,19,16.9,utilities,1
7034.52,28,151253.73,17,13,3.51,travel,0
18448.68,22,78461.97,20,12,15.64,utilities,0
7024.83,46,64210.38,13,8,5.61,electronics,0
7168.200000000001,22,32540.23,13,18,0.55,grocery,0
7403.43,47,63807.88,17,14,9.32,electronics,0
8690.400000000001,20,43332.25,17,13,21.53,entertainment,0
25332.870000000003,46,108522.64,32,0,16.28,electronics,1
12962.61,24,150993.51,14,16,3.99,utilities,1
13424.550000000001,28,28595.64,18,12,6.48,travel,1
25456.739999999998,18,138389.34,10,12,10.99,entertainment,1
5717.46,21,43497.4,20,12,26.85,travel,0
12521.97,21,92597.68,13,16,9.2,travel,1
8972.19,27,148355.57,14,18,18.01,utilities,0
48643.350000000006,39,166720.69,15,17,4.48,entertainment,1
15663.57,19,44380.32,14,22,3.46,grocery,1
53632.53,42,22889.39,15,11,22.36,utilities,0
27498.69,37,233268.21,14,15,2.46,entertainment,0
26014.050000000003,27,66560.05,14,13,33.35,grocery,0
20643.48,43,37026.12,28,9,100.3,travel,1
7821.57,27,135339.74,13,16,2.11,entertainment,0
12707.82,19,116188.32,19,18,7.89,utilities,0
13295.01,27,69118.19,11,16,18.63,utilities,0
10663.5,37,174655.34,20,8,2.72,electronics,0
37091.159999999996,29,36519.84,20,7,8.35,travel,1
30762.510000000002,27,68033.42,14,15,1.94,travel,0
33724.38,25,88761.69,17,12,11.29,entertainment,1
6117.299999999999,26,118979.82,13,13,9.56,grocery,0
7591.5,41,31359.22,18,16,38.94,utilities,0
16562.73,25,127773.57,21,7,7.65,entertainment,0
12383.400000000001,18,39482.27,12,21,7.44,electronics,1
32948.13,38,30490.36,12,16,3.66,utilities,0
15485.34,46,49342.32,11,11,31.04,entertainment,0
17238.6,31,137958.64,13,16,29.78,travel,1
10832.19,35,30365.99,19,10,0.53,electronics,0
21844.739999999998,23,180441.61,11,13,12.61,utilities,0
11395.289999999999,30,72544.49,14,11,12.72,travel,1
18631.53,27,39356.25,13,9,1.98,entertainment,1
12740.550000000001,44,84634.54,16,14,26.68,grocery,1
4774.14,38,24212.97,14,16,9.28,grocery,1
11656.59,27,13590.91,14,13,12.57,utilities,0
27546.300000000003,29,100554.15,17,10,8.14,travel,1
7299.599999999999,24,60625.95,13,20,0.0,grocery,1
13787.310000000001,46,30403.39,18,9,2.35,utilities,0
12743.579999999998,48,96369.2,10,13,14.23,utilities,0
22658.43,19,71173.49,14,13,11.95,utilities,1
3832.17,30,63684.28,10,16,22.94,grocery,1
8740.619999999999,36,82813.73,14,14,2.98,utilities,0
5304.0,29,32171.55,13,13,19.56,grocery,0
8867.400000000001,32,140707.02,13,9,4.67,entertainment,0
5617.65,26,28043.04,13,11,0.0,utilities,0
35071.2,18,67997.39,22,14,10.97,travel,0
11254.8,29,21253.25,17,19,18.16,travel,0
14805.449999999999,49,55306.79,13,17,7.89,utilities,0
10052.369999999999,29,79868.27,11,15,17.8,utilities,1
21011.04,27,61717.42,27,12,17.19,electronics,1
33547.62,30,54731.31,18,20,13.14,utilities,1
18392.19,22,112999.37,15,23,9.74,grocery,1
7772.67,32,128459.94,13,17,27.23,grocery,1
20849.46,36,25659.0,12,10,3.27,travel,0
26934.93,52,52588.88,14,17,19.46,utilities,0
23558.46,29,164392.81,14,19,5.78,utilities,0
10588.349999999999,30,67709.95,14,14,2.89,travel,0
5783.91,32,55722.06,14,16,3.03,grocery,0
7465.62,32,59999.85,14,11,18.56,electronics,1
18584.85,34,25816.47,24,7,21.62,electronics,1
22454.579999999998,53,121393.25,14,16,25.23,grocery,0
9973.02,19,75198.01,17,12,22.05,utilities,0
15661.439999999999,26,29965.07,11,14,7.08,electronics,1
13788.51,51,39127.54,13,9,21.95,entertainment,1
12992.16,59,92940.08,10,13,28.08,entertainment,1
41114.43,35,37947.77,27,1,19.08,electronics,1
14003.849999999999,21,79208.68,20,13,23.95,travel,0
9805.98,29,84689.09,18,11,12.74,grocery,1
7820.969999999999,18,49793.74,13,12,6.72,entertainment,1
17204.34,36,118681.69,14,11,2.47,entertainment,0
5507.67,40,82612.86,14,17,9.96,utilities,0
13009.47,28,125314.56,13,19,10.74,entertainment,0
9144.81,48,32547.09,11,15,0.93,entertainment,1
14413.5,23,46010.15,13,19,13.11,grocery,0
20792.489999999998,21,45172.97,22,8,9.21,travel,1
48661.83,22,101790.86,27,22,2.66,grocery,0
23860.32,25,37794.89,27,10,101.6,travel,1
51671.399999999994,18,48746.54,20,14,13.98,travel,0
9967.11,32,151875.25,14,16,10.08,grocery,1
12965.099999999999,33,50557.75,13,11,17.98,entertainment,1
19346.28,29,36798.54,22,10,18.19,electronics,1
15912.27,32,48452.55,14,14,16.03,entertainment,0
5577.12,43,36118.11,12,15,14.02,entertainment,0
24728.61,26,59881.18,21,13,2.4,grocery,1
2776.2,29,38273.08,14,10,8.69,grocery,0
3823.71,33,75835.17,14,15,10.66,electronics,0
29109.75,29,80601.4,19,13,8.07,travel,1
34928.04,24,92895.71,15,20,16.44,utilities,1
63409.68000000001,27,51864.51,20,0,8.55,electronics,1
18053.4,28,60891.28,19,11,2.71,grocery,0
10265.28,28,76302.93,20,18,2.08,utilities,0
15315.96,42,54967.82,22,2,31.11,travel,1
46372.08,47,109274.62,20,11,19.02,entertainment,1
66992.19,26,44108.32,25,0,29.13,electronics,1
14237.579999999998,25,143583.15,18,9,7.56,travel,1
8968.26,26,30823.36,18,15,3.82,electronics,1
16594.260000000002,33,111579.43,21,11,6.25,grocery,0
29092.86,39,38823.96,12,15,18.83,entertainment,1
10880.039999999999,25,71938.81,18,15,16.29,electronics,1
7608.39,36,66498.16,13,13,14.41,utilities,0
26559.090000000004,27,96631.38,36,3,23.54,electronics,1
5202.66,31,78841.03,14,16,9.3,utilities,0
10740.869999999999,30,218105.5,17,13,10.26,utilities,0
33873.659999999996,32,80154.09,11,13,13.01,entertainment,0
59040.240000000005,24,82402.61,31,9,26.54,electronics,0
6318.39,38,63894.82,11,18,24.96,electronics,1
31007.699999999997,39,46037.5,13,13,29.12,electronics,1
11460.03,18,54356.16,14,14,21.68,utilities,1
6172.5,48,95553.37,11,21,2.86,entertainment,0
10558.89,27,56843.07,14,21,14.57,grocery,0
28114.47,22,61414.9,10,15,1.3,travel,1
10587.18,18,57389.38,20,15,9.4,utilities,0
5856.96,48,79356.65,19,15,29.84,travel,0
29172.840000000004,19,38970.99,15,12,12.69,utilities,0
9711.42,23,91700.44,13,16,6.46,electronics,0
11653.2,27,40283.86,10,10,2.32,electronics,1
20265.84,37,51225.88,11,15,20.73,utilities,1
9497.130000000001,20,49573.03,14,10,7.54,grocery,1
11360.369999999999,33,44762.26,20,19,11.54,grocery,0
30477.0,19,46298.04,10,7,25.6,travel,0
8108.13,23,105792.57,18,8,3.91,travel,1
8688.36,29,184221.95,15,21,5.56,entertainment,0
7926.63,50,21700.25,13,13,6.86,electronics,0
8515.2,31,63046.24,12,15,1.39,entertainment,0
13525.02,34,82154.89,17,14,17.26,electronics,0
10551.539999999999,35,59390.14,22,8,28.01,entertainment,0
9785.22,31,62751.18,12,13,2.02,travel,0
22346.489999999998,26,47377.32,12,16,0.93,utilities,1
12137.64,28,46092.56,12,12,13.92,grocery,1
39523.86,32,65124.76,12,11,27.63,entertainment,0
18166.98,18,45102.17,13,22,3.14,electronics,1
14974.920000000002,50,28876.55,14,11,5.23,utilities,1
6415.38,41,58606.57,17,11,18.26,entertainment,1
6223.349999999999,41,45810.13,14,18,2.23,electronics,1
5708.67,24,102080.82,11,15,13.45,utilities,1
22583.79,30,82147.42,13,14,3.43,entertainment,0
24036.78,18,91928.95,16,20,19.02,utilities,0
12410.07,24,32239.77,14,13,6.96,utilities,0
14114.04,49,204302.62,18,14,7.37,utilities,0
21190.62,26,22633.43,24,5,47.51,electronics,1
11134.11,33,39275.04,26,12,7.52,electronics,0
20749.29,32,41620.57,14,10,20.52,travel,0
14882.099999999999,35,90477.59,21,11,3.3,travel,0
17710.89,41,318895.56,13,17,26.93,utilities,0
5195.64,28,65181.36,14,13,31.93,grocery,0
5481.63,18,47581.2,15,17,27.8,grocery,0
19709.22,19,44070.18,22,1,121.15,travel,1
18259.5,43,83908.14,24,10,100.74,grocery,1
8349.84,41,57483.52,13,8,20.72,travel,0
16891.68,24,100711.79,10,11,10.77,electronics,1
14378.939999999999,36,153050.27,15,17,3.99,electronics,0
4512.99,27,192316.28,12,13,2.75,utilities,0
15332.400000000001,23,55789.11,10,10,33.37,travel,1
16733.64,34,40237.97,11,13,15.23,electronics,0
14077.26,32,71663.14,10,15,7.42,utilities,0
9994.02,32,70354.01,10,13,9.19,electronics,1
13993.349999999999,32,71890.22,13,21,4.93,entertainment,0
6063.450000000001,23,81808.1,13,10,16.79,entertainment,0
5756.37,18,70490.58,18,17,2.09,electronics,0
24186.72,24,180010.63,10,18,26.53,entertainment,0
29764.02,18,20778.24,22,16,34.7,electronics,0
20470.170000000002,36,78538.34,12,16,9.47,electronics,0
12810.39,19,61842.2,7,11,16.28,utilities,1
67532.97,24,26288.92,23,10,106.33,travel,1
24347.670000000002,26,84887.61,14,13,13.58,utilities,0
18079.11,34,196520.56,10,17,19.01,grocery,0
25115.58,18,43845.94,29,0,147.67,electronics,1
110117.40000000001,18,39898.91,23,2,24.65,grocery,1
38697.69,32,83969.57,30,5,11.19,grocery,1
38132.19,18,25667.24,14,20,2.83,utilities,0
44181.03,33,27060.41,12,10,6.42,utilities,1
33362.07,28,24549.78,14,13,25.47,grocery,0
11257.05,45,168462.01,17,15,19.56,grocery,1
7006.11,31,183634.07,14,12,8.95,grocery,1
15476.22,36,104801.05,14,13,5.97,entertainment,0
14296.170000000002,25,45796.63,19,16,13.18,travel,1
30626.04,30,50211.78,11,11,13.49,utilities,0
9488.52,29,20619.41,14,12,4.78,electronics,0
19433.82,29,134096.17,12,13,10.81,entertainment,0
11423.58,26,80053.6,14,10,2.85,entertainment,0
10059.0,21,74920.36,24,12,16.27,travel,0
14637.810000000001,32,48291.08,39,4,78.36,grocery,1
24707.43,25,140014.78,10,11,13.3,travel,1
12901.71,23,84451.6,12,16,4.38,utilities,1
8381.01,20,60334.07,13,11,6.27,electronics,1
4792.74,29,28372.42,27,12,17.26,electronics,0
15413.550000000001,24,99109.72,13,11,0.28,electronics,0
16425.81,41,61682.96,16,11,30.09,electronics,0
29727.840000000004,21,45362.54,25,11,15.67,travel,0
20789.43,56,70321.13,10,14,2.9,travel,1
26058.659999999996,30,55188.68,14,13,3.13,electronics,1
2389.7400000000002,31,59246.62,13,12,0.87,electronics,1
13656.21,24,19178.74,20,10,16.74,entertainment,0
49588.44,44,82781.88,10,13,7.01,entertainment,0
23861.46,22,70470.05,10,14,8.5,utilities,0
11187.78,29,84265.23,18,15,2.0,travel,1
13604.01,40,51542.38,16,12,19.24,travel,0
26551.92,21,78730.59,18,12,1.88,travel,0
33709.83,31,33428.2,19,14,12.74,grocery,0
17038.739999999998,30,41252.27,12,10,33.16,entertainment,1
15824.73,32,163375.72,13,12,7.7,entertainment,0
19511.52,29,66843.59,13,15,19.34,travel,0
27579.78,38,61695.03,14,15,7.02,electronics,1
6496.32,18,64131.37,18,6,3.56,entertainment,0
54729.81,24,47639.5,10,8,11.68,travel,1
47024.01,24,61770.04,14,15,5.6,travel,0
5918.25,24,123029.96,15,12,26.03,entertainment,0
44424.149999999994,37,23941.06,28,5,100.55,electronics,1
6607.469999999999,26,65986.25,13,16,1.41,electronics,1
18231.09,45,57276.17,35,0,38.93,travel,1
29883.36,48,44314.59,20,14,17.79,entertainment,0
45290.43,23,67094.03,24,13,76.17,travel,1
47087.76,23,90279.9,20,11,2.09,travel,0
9274.98,32,75440.66,15,13,14.41,grocery,0
5212.53,37,86548.26,18,19,17.49,electronics,1
9525.57,18,19724.83,10,13,10.03,entertainment,0
15612.57,48,51482.56,26,0,7.78,grocery,1
15717.300000000001,20,45719.69,16,11,9.59,entertainment,0
12602.79,27,73173.66,18,12,13.59,travel,1
11666.400000000001,35,44530.81,15,13,1.17,grocery,0
17136.39,47,19129.64,24,13,7.06,electronics,1
2469.3,19,17518.31,13,12,13.17,travel,0
45144.270000000004,56,122891.08,13,9,23.56,grocery,0
20603.010000000002,20,47044.29,13,9,4.4,electronics,0
24420.54,49,262253.16,13,9,11.06,entertainment,0
13692.78,47,32999.78,10,14,4.1,utilities,0
6104.85,18,76873.13,13,15,10.19,electronics,0
7907.099999999999,43,109599.91,12,13,18.01,utilities,0
8874.27,22,193747.67,20,10,13.72,travel,0
8078.52,23,56779.19,13,20,17.84,grocery,0
9404.099999999999,29,80996.6,13,14,3.2,grocery,0
29609.760000000002,27,46217.37,13,10,12.92,utilities,1
4066.62,39,72854.22,14,15,6.82,grocery,0
12577.23,56,52669.73,20,15,18.14,electronics,0
14398.619999999999,24,59805.06,20,9,18.45,electronics,0
40707.93,24,47429.68,26,3,107.94,travel,1
10153.53,23,36926.15,17,11,4.03,travel,0
11889.03,21,106141.32,12,11,4.16,entertainment,0
7361.52,48,32445.0,20,15,14.6,travel,0
18018.54,25,36637.77,21,8,1.62,travel,0
12657.36,18,67601.37,22,11,21.99,entertainment,0
6396.719999999999,18,48642.7,14,15,17.04,grocery,0
37691.37,26,74989.29,23,10,12.58,utilities,0
26491.199999999997,24,86920.32,12,14,1.13,entertainment,0
9329.16,28,10884.72,13,14,3.59,travel,1
32004.36,52,39368.95,14,14,13.61,grocery,0
8319.24,22,53649.69,21,13,11.92,electronics,0
31988.58,24,132413.52,24,14,27.81,electronics,1
7649.13,31,79934.58,13,17,6.15,utilities,0
5597.22,30,197235.51,11,12,14.36,entertainment,1
23079.72,25,63850.73,18,6,13.68,entertainment,0
35723.79,18,134875.43,14,16,4.43,travel,1
39560.19,19,115403.49,14,16,2.82,travel,0
15297.93,31,107893.06,35,0,61.54,travel,1
36813.81,35,35703.09,21,0,72.26,electronics,1
12411.599999999999,33,68566.68,23,15,22.18,electronics,1
28097.129999999997,20,96463.09,14,8,8.78,entertainment,1
20881.68,29,52024.77,20,13,28.79,travel,1
15878.400000000001,26,86446.47,24,21,74.6,grocery,1
6841.92,18,41831.94,15,12,15.52,utilities,0
19250.85,48,32641.02,20,17,1.55,utilities,1
28202.61,22,36804.92,15,18,19.03,travel,1
3918.2699999999995,45,44335.54,11,10,8.24,electronics,0
6835.68,33,29107.95,13,18,0.69,grocery,0
9525.99,29,159806.54,14,12,4.03,electronics,0
10621.41,33,48053.98,15,16,28.12,electronics,1
13290.51,19,50388.02,12,19,12.64,utilities,0
4935.450000000001,37,59920.19,18,22,7.68,travel,0
21265.68,47,54695.99,19,10,16.4,electronics,1
11076.84,29,195478.84,12,12,11.74,grocery,1
12525.39,30,44333.22,14,16,6.65,electronics,0
31131.120000000003,24,42063.68,14,15,15.47,utilities,1
9017.34,22,77906.17,20,10,7.32,electronics,0
6337.349999999999,24,187390.65,19,15,1.34,travel,1
35348.399999999994,19,85947.67,18,16,9.63,travel,0
19500.989999999998,48,88703.29,21,19,19.68,utilities,0
39672.57,31,30914.11,21,11,7.08,electronics,0
32119.23,19,17914.38,26,6,148.53,electronics,1
48749.729999999996,27,25918.46,13,13,7.77,electronics,0
28314.0,59,81944.87,17,13,18.05,utilities,1
3933.18,28,114863.5,16,15,2.02,electronics,0
9931.2,37,98536.13,10,22,29.72,travel,0
29626.409999999996,23,35117.91,7,21,2.59,utilities,0
17412.239999999998,27,51273.6,10,15,2.35,utilities,0
16944.449999999997,19,64413.99,29,0,29.45,travel,1
6242.91,43,65930.4,19,17,8.38,utilities,0
54688.950000000004,27,39075.96,24,4,11.63,electronics,1
13403.22,46,34815.19,15,15,9.86,grocery,0
23489.79,25,47305.06,20,13,14.7,travel,1
24879.54,26,43283.0,10,8,15.69,travel,1
15257.099999999999,46,77475.67,21,15,28.67,travel,1
6544.650000000001,24,26770.16,12,12,29.72,utilities,1
24052.44,18,23115.39,11,10,14.6,electronics,0
19526.16,49,75427.04,18,15,17.45,utilities,0
10162.95,36,75744.95,14,19,15.7,electronics,1
28763.04,39,68746.4,16,13,1.05,electronics,1
48319.44,49,75338.88,10,13,18.82,entertainment,1
15709.14,27,37642.14,11,11,12.67,electronics,0
6796.92,28,100887.32,16,10,9.66,electronics,0
7598.64,28,28161.3,21,10,6.83,grocery,0
7060.62,24,100832.39,19,14,6.04,electronics,0
14068.439999999999,42,72082.7,13,14,10.37,entertainment,0
9099.45,46,111516.29,17,14,2.15,grocery,0
15573.93,33,122387.84,12,15,2.35,utilities,1
17307.69,32,33618.5,9,16,13.87,utilities,1
4548.12,34,71000.45,14,11,1.46,electronics,0
14242.5,23,66800.97,13,13,1.35,grocery,0
32029.92,18,64706.61,9,14,19.38,utilities,0
13016.07,28,59808.94,19,10,14.5,utilities,0
8680.68,29,33479.48,13,19,3.43,utilities,0
19857.93,34,64993.43,12,13,4.09,entertainment,1
4388.34,29,70503.38,11,10,2.76,utilities,1
11202.210000000001,21,48111.95,25,2,33.28,electronics,1
9754.8,39,61036.04,10,13,31.98,entertainment,0
12683.369999999999,18,102841.89,11,14,12.03,utilities,0
32407.44,18,111073.06,14,9,5.14,electronics,1
20776.260000000002,27,42614.58,20,13,13.3,travel,0
21343.41,47,125625.02,15,12,12.45,utilities,0
12709.439999999999,27,80640.74,10,18,2.02,entertainment,1
9922.8,49,45133.27,18,10,21.77,grocery,1
13505.189999999999,27,55044.84,13,10,6.81,travel,0
8171.52,27,67871.89,13,18,20.5,travel,1
7086.93,48,145430.74,14,11,26.18,grocery,0
15204.119999999999,24,61592.52,17,9,12.05,entertainment,0
13386.57,29,170654.98,9,15,3.32,grocery,0
12553.14,19,48834.92,16,10,36.71,utilities,0
12067.77,25,63592.18,12,12,16.42,grocery,0
14974.47,18,113041.21,13,6,10.69,travel,0
23099.28,29,79408.35,19,14,10.9,travel,1
5123.76,27,165577.0,13,12,5.8,entertainment,0
43101.72,19,20112.42,33,4,18.86,grocery,1
32257.83,18,60570.77,29,12,29.3,travel,1
17363.4,43,47099.89,13,9,33.93,travel,0
12601.949999999999,40,84700.07,14,10,3.0,entertainment,0
5673.21,34,191829.28,13,14,0.32,electronics,1
31661.31,38,68736.67,10,15,2.49,utilities,0
18640.65,26,21585.47,14,12,8.82,utilities,1
27489.72,31,54598.75,14,8,19.96,entertainment,0
19355.88,27,33617.63,14,15,17.79,grocery,0
14052.99,33,33900.32,14,10,10.41,electronics,1
16794.57,28,24009.72,14,10,34.26,entertainment,0
10461.09,25,44331.13,15,20,8.74,entertainment,0
23929.23,28,149749.59,14,13,3.5,grocery,0
11237.76,26,149882.05,14,15,15.3,entertainment,0
45994.83,26,93208.14,15,13,29.51,travel,0
7543.289999999999,25,80303.16,15,16,12.83,travel,0
28255.08,36,43051.03,26,9,120.39,grocery,1
2529.36,42,72551.04,14,15,17.7,utilities,0
10125.72,33,73502.1,14,9,12.5,entertainment,0
5285.76,41,95326.54,11,17,10.72,electronics,0
30634.620000000003,21,110510.87,21,18,13.55,travel,0
8545.83,27,34361.78,9,11,2.75,utilities,1
8209.380000000001,38,88695.24,13,13,16.59,utilities,0
39762.33,52,121239.13,18,13,9.19,electronics,1
17877.93,26,66357.7,16,20,8.37,utilities,0
29229.18,41,55356.08,26,15,15.34,entertainment,0
21538.14,26,105556.04,13,14,16.73,utilities,0
6182.52,30,145516.86,18,10,7.96,grocery,0
51796.71,36,33447.41,30,2,39.93,grocery,1
22149.18,19,55804.31,17,12,2.05,travel,0
2793.0,29,26903.9,12,17,14.23,utilities,1
13353.420000000002,19,103315.02,14,13,2.16,entertainment,0
22386.75,36,54596.7,14,14,3.1,utilities,1
19061.010000000002,41,196023.99,15,17,12.19,entertainment,1
14368.02,44,86920.34,13,14,8.99,grocery,1
8857.05,39,72043.55,19,11,4.57,travel,1
13416.24,33,27363.02,19,21,18.71,utilities,0
9253.53,41,117333.84,23,13,11.36,travel,0
9534.36,24,65906.23,27,11,30.74,travel,0
34263.87,47,37908.87,17,8,29.86,electronics,0
35305.47,37,115194.36,11,13,1.59,utilities,1
30452.04,24,265205.2,12,12,12.17,utilities,0
65690.61,33,78602.06,9,12,12.97,electronics,0
6652.83,21,65112.62,14,12,10.25,grocery,1
24227.04,53,51212.1,7,17,10.55,entertainment,0
22658.010000000002,18,41334.89,13,13,14.72,grocery,1
4788.54,31,41538.11,17,12,22.83,electronics,0
7188.51,38,206519.77,15,14,1.43,travel,0
10454.28,34,53729.03,15,13,8.8,entertainment,0
7841.039999999999,38,55442.9,14,10,13.01,electronics,0
9925.68,45,104397.13,12,11,2.71,entertainment,0
27555.48,19,113154.42,25,0,12.27,electronics,1
13753.23,38,28612.89,23,10,21.61,utilities,1
8600.61,24,81362.91,14,16,0.22,electronics,1
35289.45,21,91687.63,11,18,20.12,utilities,0
17381.04,25,63073.82,20,14,25.23,grocery,0
13867.23,40,85250.57,21,12,13.8,travel,1
16358.46,31,100667.67,11,14,8.1,entertainment,0
20673.9,35,99574.37,31,11,39.12,electronics,1
12739.86,34,31657.34,14,14,2.36,utilities,0
32790.600000000006,48,23514.81,27,1,17.22,grocery,1
4079.04,27,63898.52,21,11,31.57,grocery,0
32269.649999999998,33,35651.16,13,18,22.03,entertainment,0
10411.68,35,74987.61,10,15,1.21,travel,1
7255.200000000001,32,64092.21,17,21,2.72,travel,0
6115.83,19,101473.47,18,14,0.78,grocery,0
25508.489999999998,19,81133.05,12,4,15.29,travel,0
3211.4700000000003,52,104402.19,15,19,13.14,electronics,1
9128.460000000001,36,46098.9,11,23,13.77,utilities,1
32852.07,19,65673.73,22,11,14.0,utilities,0
18700.949999999997,40,128014.22,12,16,21.83,travel,0
6015.8099999999995,29,77068.56,13,13,10.71,travel,0
4453.2300000000005,23,103597.29,14,13,1.98,electronics,0
83127.95999999999,34,95943.57,25,13,8.21,electronics,0
8888.64,32,47488.64,14,17,12.09,grocery,0
11073.57,29,59334.15,14,19,3.32,entertainment,0
13007.849999999999,25,87589.87,18,13,18.17,grocery,0
17057.61,21,84591.85,10,13,27.15,electronics,1
39923.100000000006,29,33904.72,10,16,0.85,entertainment,1
11714.099999999999,45,65713.27,15,15,27.89,entertainment,0
23158.89,21,102954.58,13,9,6.63,travel,0
8202.84,37,43874.39,17,11,36.8,travel,1
7076.3099999999995,30,35548.32,27,17,17.56,grocery,0
26246.79,28,102843.28,28,0,19.19,electronics,1
29981.100000000002,18,67933.11,12,11,3.05,entertainment,0
10010.16,25,85600.58,13,13,7.36,electronics,1
70134.24,25,47422.54,27,20,13.12,electronics,0
61657.29,47,78623.96,10,16,12.92,utilities,0
6312.0599999999995,38,24632.04,18,15,27.4,entertainment,0
10751.25,18,163265.66,14,18,9.39,electronics,0
25796.94,23,84624.69,27,1,35.1,travel,1
5622.84,39,76329.14,10,12,17.14,electronics,0
13348.23,28,96237.71,15,11,1.23,electronics,1
26236.050000000003,61,34924.99,14,9,1.77,utilities,0
28096.350000000002,43,129272.07,20,8,26.45,electronics,0
38628.54,47,50784.46,18,18,6.83,electronics,0
6009.12,24,52675.05,13,13,2.52,travel,0
11535.0,18,39529.68,27,1,67.49,electronics,1
10601.099999999999,20,141676.86,9,14,18.15,utilities,0
10686.0,42,66995.9,10,16,4.47,electronics,0
21270.87,19,38907.6,23,10,4.42,travel,0
21787.23,34,79688.33,18,20,20.49,grocery,0
19182.57,37,41865.36,13,23,18.17,travel,1
19356.78,32,213169.93,22,13,14.19,grocery,1
40229.13,18,89687.73,16,16,26.69,travel,0
10868.76,43,168763.45,11,17,16.84,electronics,0
20236.050000000003,48,111151.0,9,7,2.16,entertainment,1
5826.72,46,123369.27,12,12,2.98,electronics,0
18439.260000000002,18,75724.84,23,3,17.34,travel,1
10951.89,29,71343.48,17,16,4.5,travel,0
7149.39,31,75354.03,14,15,8.18,utilities,0
21103.65,44,39434.11,21,12,10.34,utilities,0
7757.73,19,66864.04,15,11,2.6,utilities,0
9382.289999999999,28,188130.23,14,11,1.89,utilities,1
5494.53,25,186071.54,14,13,18.08,utilities,1
13931.130000000001,18,101242.03,14,12,2.11,electronics,0
41117.28,36,86225.01,14,14,10.55,utilities,1
4933.11,33,38537.49,14,16,1.71,utilities,0
15874.829999999998,26,23525.6,14,10,1.04,travel,0
31528.89,32,94868.75,18,12,4.14,entertainment,0
24830.129999999997,44,63552.33,14,13,19.73,entertainment,0
17792.97,28,78318.42,10,14,12.27,electronics,1
22484.94,24,71634.72,21,10,6.83,travel,0
28434.81,21,38873.03,35,5,109.2,travel,1
17667.06,21,26733.35,22,13,5.8,travel,1
28787.19,19,81091.86,14,14,15.21,entertainment,0
14341.949999999999,30,98841.6,10,12,6.22,travel,1
57596.549999999996,20,130554.5,28,2,104.05,grocery,1
47712.42,18,66170.49,28,8,21.46,grocery,1
50898.06,38,119821.1,12,9,21.49,grocery,1
34077.3,33,71261.2,11,12,28.1,electronics,1
10670.01,27,31055.94,9,15,18.79,travel,1
12014.25,54,20414.95,12,20,6.34,utilities,1
21311.760000000002,55,36341.8,31,1,14.39,electronics,1
14175.599999999999,46,106655.2,13,15,0.95,electronics,1
9524.55,21,30441.45,31,5,90.15,travel,1
16431.420000000002,49,74671.34,16,13,30.45,utilities,0
20792.52,31,50370.98,14,15,24.98,electronics,1
8884.14,18,44189.64,14,11,16.87,entertainment,0
5914.32,31,61701.66,14,20,3.13,grocery,0
3387.18,18,56723.09,14,15,1.39,utilities,0
4339.65,39,28942.54,11,21,12.46,electronics,1
4091.6099999999997,27,68842.69,15,18,11.1,grocery,1
14414.25,25,64859.02,9,12,14.45,electronics,1
11795.82,47,61508.03,11,14,2.32,grocery,0
6342.599999999999,40,39023.34,15,18,17.33,travel,0
5144.3099999999995,19,69566.79,12,14,1.08,travel,1
25209.510000000002,54,45773.14,21,12,31.97,electronics,0
11767.8,52,29146.73,11,10,10.18,grocery,0
12183.18,36,112250.94,13,15,8.03,electronics,1
37204.26,42,53217.34,27,6,122.15,grocery,1
21344.82,29,69284.99,14,13,11.44,utilities,0
7486.98,18,188910.88,12,11,3.66,travel,0
11315.64,36,96624.22,14,10,4.69,electronics,0
20423.1,29,46862.08,9,15,9.43,electronics,1
24606.42,21,42868.76,14,17,21.55,travel,0
30195.090000000004,23,22897.51,22,3,105.88,grocery,1
7453.4400000000005,28,77366.01,13,10,5.45,grocery,1
41959.8,44,123347.94,18,17,19.75,travel,0
30899.79,31,105378.92,15,10,1.56,travel,0
19623.06,44,62539.35,16,11,3.87,utilities,0
5238.0599999999995,32,39871.8,13,15,1.2,grocery,0
4110.6,31,66199.69,12,18,18.52,electronics,0
8922.119999999999,39,20684.71,13,13,5.97,entertainment,1
10996.05,30,52051.85,18,21,13.17,utilities,1
9286.14,43,169317.24,11,13,3.69,utilities,0
7247.16,32,29154.45,13,9,6.39,entertainment,0
71193.20999999999,42,73288.77,21,16,14.53,utilities,1
12309.869999999999,27,35489.49,17,11,24.53,travel,0
6270.99,32,59379.68,18,18,3.64,utilities,1
16257.09,26,27196.45,11,14,16.95,travel,1
14689.560000000001,38,66393.99,11,12,7.6,entertainment,0
39781.89,33,118030.33,13,15,16.58,grocery,1
5249.700000000001,30,52583.73,19,22,1.52,utilities,0
8080.68,35,41306.72,12,17,0.83,electronics,0
28904.129999999997,32,52421.94,11,20,2.44,utilities,1
74552.1,34,82351.77,30,10,30.89,grocery,1
9036.27,18,34476.12,22,12,1.7,travel,0
13987.23,56,78719.69,26,20,3.11,electronics,0
10165.11,32,139047.89,16,21,7.43,electronics,0
6277.77,33,31294.75,12,13,5.76,travel,1
17176.35,18,39393.15,19,6,15.82,entertainment,0
7874.43,18,104935.61,14,14,14.88,travel,1
65441.34,37,87226.74,29,1,86.37,electronics,1
12096.539999999999,48,135908.71,13,10,16.81,entertainment,0
49891.53,28,32589.78,26,19,5.6,electronics,1
5599.17,30,70663.18,14,12,24.05,utilities,1
6161.76,25,70005.87,14,12,13.16,utilities,0
11236.68,37,144966.55,14,12,2.03,utilities,0
44283.06,39,58132.75,32,17,14.0,travel,0
8572.289999999999,21,61603.26,11,18,16.78,travel,1
50156.88,29,73931.74,11,10,2.22,travel,0
17506.260000000002,38,76183.35,10,12,2.56,utilities,0
9038.25,34,58250.5,20,14,3.62,entertainment,0
11258.64,23,129742.39,14,13,22.13,travel,0
36707.399999999994,29,63860.07,13,10,6.52,travel,0
11180.82,34,40663.27,13,15,16.13,electronics,0
5153.22,19,52367.11,12,13,12.77,entertainment,0
7925.460000000001,19,54936.96,13,18,6.78,electronics,1
8593.68,48,38194.3,10,10,6.88,travel,0
46425.090000000004,27,87945.55,14,14,30.13,entertainment,0
3813.54,31,74906.86,14,16,2.8,travel,0
9147.84,40,80785.0,14,20,18.56,entertainment,1
24423.15,32,67969.53,13,15,14.18,grocery,0
13891.050000000001,39,38792.92,16,16,2.31,utilities,0
29468.340000000004,39,43641.32,30,17,2.68,electronics,1
16778.489999999998,31,225212.67,19,11,10.66,entertainment,0
15111.99,18,88267.99,14,20,2.19,entertainment,0
5574.72,46,35344.93,13,9,16.22,entertainment,0
13788.300000000001,19,33625.66,15,12,4.06,utilities,0
27265.800000000003,29,134011.45,19,12,6.36,travel,0
14034.18,39,62941.71,13,16,19.75,utilities,0
12295.650000000001,34,74079.53,25,12,4.46,electronics,0
20584.739999999998,44,59925.37,14,19,20.72,entertainment,0
20038.89,39,67393.24,26,3,19.51,grocery,1
2575.17,25,136639.92,17,12,28.99,grocery,0
10664.49,31,106423.76,14,17,2.61,electronics,1
6466.89,26,43457.66,13,9,4.82,utilities,1
41713.5,49,80348.84,13,15,0.27,electronics,0
31141.47,29,86839.48,12,10,16.88,travel,0
5500.92,18,236060.58,11,12,14.28,travel,0
5635.799999999999,19,102897.9,13,15,13.87,utilities,1
4165.11,46,82784.03,14,19,4.02,grocery,1
12413.670000000002,32,117934.43,18,16,7.22,electronics,0
32821.89,25,74595.91,13,15,2.21,entertainment,1
8527.380000000001,53,76058.04,14,11,3.13,utilities,0
5876.88,43,73341.81,12,20,19.26,electronics,0
3156.12,41,45924.12,9,17,17.97,electronics,1
16494.09,27,39272.65,27,14,47.61,travel,1
19411.86,19,64611.49,12,11,24.12,electronics,1
5744.49,28,79335.33,11,9,0.87,electronics,0
6603.030000000001,23,30584.13,11,16,12.25,electronics,0
3209.16,28,114001.02,18,15,2.97,grocery,1
45061.2,24,51967.78,23,14,21.19,electronics,1
20162.97,37,44709.55,21,12,12.56,travel,1
23910.03,25,67171.58,14,11,22.33,utilities,1
13824.329999999998,23,88604.18,11,14,3.43,travel,1
13889.25,38,33518.32,13,12,2.6,utilities,0
25185.840000000004,33,31140.93,23,5,126.12,travel,1
7763.73,30,53920.4,13,11,30.14,entertainment,1
21643.170000000002,59,76790.72,17,17,14.34,grocery,1
11482.92,46,85767.35,17,11,11.46,grocery,1
2808.93,24,20758.28,20,14,7.47,entertainment,1
26718.78,28,86761.26,13,12,18.64,entertainment,1
18955.02,39,177727.47,14,9,8.99,entertainment,0
17845.47,34,54334.76,14,14,2.3,travel,1
17173.38,38,73643.02,17,10,12.19,electronics,0
8872.68,39,88365.25,14,13,0.0,utilities,0
13909.050000000001,41,80542.11,14,12,16.44,electronics,0
8825.039999999999,23,42437.4,13,18,6.18,entertainment,0
12320.579999999998,38,112783.33,7,12,19.35,travel,0
3402.42,35,68112.94,16,16,24.65,travel,0
9473.49,26,33305.9,14,14,2.54,travel,1
4129.9800000000005,28,61139.47,13,14,8.94,entertainment,0
24325.949999999997,29,37511.2,25,7,60.89,travel,1
11584.86,39,55606.66,16,15,14.09,electronics,0
7960.650000000001,31,79250.25,11,15,15.62,grocery,1
41261.43,24,53151.89,13,15,3.17,entertainment,0
47000.67,41,71832.75,12,14,27.45,entertainment,0
28967.879999999997,26,88218.48,18,9,5.72,grocery,0
10434.09,35,33821.68,13,19,7.49,electronics,0
9408.06,62,49057.94,12,8,13.06,entertainment,0
5613.4800000000005,43,30984.83,15,15,7.13,grocery,0
6602.969999999999,22,36552.05,20,10,14.74,grocery,0
18755.760000000002,27,115775.66,13,10,13.42,entertainment,1
60192.06,29,89992.03,21,13,25.02,utilities,1
58815.56999999999,18,45292.38,22,9,15.5,electronics,0
23961.0,37,17618.58,14,15,11.72,utilities,0
11131.710000000001,32,44004.92,10,13,8.62,travel,1
18550.71,31,57228.9,13,15,21.27,grocery,0
26824.92,40,59125.4,19,15,9.91,travel,1
3567.3599999999997,41,46214.44,13,19,4.39,grocery,0
58873.38,24,117902.99,21,20,25.14,electronics,0
14507.79,23,152678.05,12,11,11.17,utilities,0
23526.36,39,83076.08,14,11,18.99,utilities,1
6236.549999999999,21,136674.22,13,13,28.07,travel,0
7862.3099999999995,50,42992.37,14,14,17.95,grocery,0
6731.789999999999,18,71530.0,20,9,3.95,electronics,0
66108.95999999999,18,155464.26,17,23,3.65,travel,0
16516.29,34,57569.94,16,8,21.48,utilities,0
6448.41,54,39434.83,12,16,19.53,electronics,0
6112.32,45,51653.82,21,19,0.69,travel,0
13257.93,31,91162.32,14,11,10.07,entertainment,1
8063.07,30,68529.04,22,6,6.84,utilities,0
22709.07,25,30336.5,12,18,10.44,grocery,0
25268.94,29,45052.75,13,19,12.86,grocery,0
15472.560000000001,46,32951.7,13,15,28.64,grocery,0
27584.82,31,31103.24,18,10,33.5,entertainment,1
7169.61,26,43617.49,15,9,15.41,entertainment,0
55461.78,18,46262.05,28,2,54.07,electronics,1
8563.05,32,111901.54,14,17,25.84,entertainment,0
26912.699999999997,50,135182.8,15,13,19.62,utilities,1
5854.29,36,82337.36,14,14,21.41,utilities,0
72552.0,34,47499.51,12,12,28.11,entertainment,1
11647.710000000001,18,63859.77,13,16,8.94,entertainment,0
11407.77,31,91191.67,14,12,2.01,entertainment,0
17009.010000000002,31,38974.01,13,11,19.3,entertainment,0
9204.869999999999,19,42983.21,16,19,2.61,entertainment,0
6767.280000000001,24,47771.47,12,15,3.09,utilities,0
39914.25,29,61391.67,13,9,1.73,travel,0
15889.800000000001,33,198253.87,12,10,18.87,entertainment,0
20809.14,32,37183.14,12,15,14.89,grocery,0
8571.72,31,73273.49,16,9,6.95,travel,0
31726.14,54,81018.37,19,12,6.67,utilities,1
33792.63,49,71029.5,13,14,9.03,entertainment,0
4345.86,34,33670.39,21,12,16.75,grocery,0
19042.77,20,47486.22,22,13,1.3,grocery,1
9313.710000000001,24,87383.17,14,22,1.7,utilities,1
14508.21,38,49650.37,13,17,10.6,electronics,1
17022.81,18,24684.7,24,9,122.14,electronics,1
13120.14,19,165485.83,12,14,7.51,entertainment,0
5632.5599999999995,35,56532.98,16,12,9.54,entertainment,1
7794.150000000001,38,30376.91,16,19,13.54,electronics,1
20985.75,37,52857.99,13,11,13.23,grocery,0
3986.5199999999995,26,84803.13,21,22,33.28,utilities,1
13121.97,29,160030.09,13,14,13.47,entertainment,0
18661.5,29,42382.86,13,17,4.38,grocery,0
8444.880000000001,26,49796.6,18,15,31.47,electronics,0
40871.01,25,54975.89,13,17,10.14,entertainment,0
10102.11,19,34562.13,11,10,20.38,entertainment,0
13364.369999999999,48,69643.49,13,18,11.48,utilities,0
35767.83,49,93636.83,23,8,7.61,travel,0
13839.54,50,62970.08,15,15,32.55,utilities,1
28301.19,43,220513.43,15,10,0.64,electronics,1
12698.79,34,29530.64,28,14,14.52,electronics,1
3614.19,22,49493.57,13,15,12.12,travel,0
118931.73000000001,23,53845.49,23,5,20.57,travel,1
8850.33,24,93998.77,31,14,8.41,electronics,0
42024.42,23,124070.58,12,12,16.32,entertainment,1
5374.92,24,38131.1,14,13,24.06,grocery,0
8271.210000000001,33,144731.23,11,14,17.09,entertainment,0
13876.14,31,54664.26,14,11,0.08,utilities,0
37365.840000000004,40,61155.59,21,15,9.62,electronics,0
10322.58,30,122863.92,10,12,3.19,travel,0
8822.460000000001,46,108245.6,14,12,1.33,utilities,0
9619.11,24,75113.71,13,13,3.56,entertainment,1
29252.22,31,44448.99,15,12,11.01,electronics,0
13996.59,24,58560.12,14,17,7.89,electronics,1
8972.28,44,150885.27,13,15,12.47,utilities,0
17926.5,32,95383.65,18,13,18.82,utilities,0
37306.5,18,42493.81,14,14,17.55,travel,0
10722.0,40,42647.38,13,15,2.51,utilities,1
10060.2,32,179671.09,9,16,24.29,entertainment,0
10376.28,18,79889.07,13,16,1.88,travel,1
7253.34,25,81263.9,18,12,23.98,utilities,1
5854.71,40,50103.49,13,3,20.47,utilities,0
28208.100000000002,31,205154.87,24,17,18.33,entertainment,1
8167.4400000000005,18,51184.81,13,21,30.65,entertainment,1
10256.01,31,48514.91,7,13,20.76,electronics,1
27575.07,24,82577.29,11,20,24.89,entertainment,0
18205.68,40,59720.84,14,16,7.37,electronics,0
7827.539999999999,46,113210.91,10,10,11.78,utilities,0
15607.47,23,38880.2,10,13,7.26,entertainment,1
5536.68,44,119785.92,19,15,1.28,electronics,0
28247.19,47,50589.67,9,17,17.2,entertainment,1
55997.520000000004,46,42053.86,9,15,10.44,entertainment,0
11001.93,31,57410.32,10,11,11.64,travel,1
21349.35,26,55888.4,21,13,0.0,grocery,0
8631.27,35,32541.51,15,13,1.39,electronics,0
6015.78,27,28292.82,11,15,24.4,electronics,0
11948.039999999999,37,36852.43,13,9,19.5,grocery,0
2019.84,28,59668.11,14,14,4.83,grocery,1
34296.3,37,51787.45,15,9,14.55,entertainment,0
11160.18,21,30678.33,16,12,8.21,utilities,0
24810.120000000003,21,27016.03,11,15,11.96,travel,1
9999.69,43,26520.16,18,15,17.16,grocery,0
31319.94,32,109152.92,20,10,3.43,entertainment,0
82324.04999999999,24,20338.36,29,2,41.0,grocery,1
8178.51,24,34350.51,13,20,21.76,electronics,0
14711.22,38,67209.25,18,21,0.8,entertainment,0
13034.07,21,106306.87,14,12,10.03,electronics,0
3391.56,32,106192.96,14,9,1.16,electronics,0
21779.4,25,42431.63,12,13,16.07,travel,0
22213.14,42,142398.1,14,9,5.45,entertainment,0
6398.64,55,42815.01,14,14,0.68,utilities,1
9993.66,33,45779.42,14,17,5.71,travel,0
8888.22,40,72647.08,14,21,9.14,electronics,0
18772.41,26,36298.79,15,13,31.42,travel,1
16031.34,18,31398.83,13,11,16.63,electronics,0
14444.670000000002,46,36631.25,15,11,12.16,travel,0
15640.079999999998,40,89019.77,18,19,14.17,utilities,1
28430.43,29,35863.42,26,0,89.02,electronics,1
14660.130000000001,18,120539.97,15,11,11.86,travel,0
20246.670000000002,39,33095.12,13,17,10.28,utilities,1
40646.64,51,80831.12,17,16,13.61,utilities,1
12908.76,37,112773.98,12,15,8.69,entertainment,0
30827.79,40,42576.45,14,12,15.75,utilities,0
7890.780000000001,33,250635.69,10,13,11.49,entertainment,0
19103.91,25,117299.32,12,19,20.15,utilities,0
10792.32,55,54511.09,16,9,3.46,electronics,0
10014.45,25,26168.74,13,16,7.95,electronics,0
28762.83,32,37747.71,24,9,6.72,utilities,1
3278.7000000000003,30,133983.4,14,10,8.65,electronics,1
19051.079999999998,25,35933.45,21,9,34.44,electronics,1
7113.780000000001,41,40583.62,12,12,13.39,travel,0
12384.599999999999,23,62411.14,19,20,7.37,utilities,1
14696.01,29,13912.47,13,14,6.06,electronics,0
11572.26,44,72772.82,14,10,11.3,electronics,0
40516.649999999994,19,72150.42,20,1,15.05,travel,0
24016.23,24,73276.62,23,12,30.16,electronics,1
9270.119999999999,26,82477.34,11,16,15.61,travel,0
50474.06999999999,19,75553.08,36,6,18.14,electronics,1
24708.54,18,23028.46,24,14,78.03,electronics,1
5304.21,28,73348.99,14,14,3.74,entertainment,0
38985.24,32,121614.44,14,13,28.59,entertainment,0
33553.590000000004,25,76158.67,26,16,3.65,utilities,0
11868.48,37,42364.63,10,14,3.05,utilities,0
12393.420000000002,37,106038.34,12,10,3.44,travel,0
19633.44,20,41191.71,23,16,10.47,electronics,1
21746.52,25,42671.96,14,14,29.82,electronics,1
13544.400000000001,35,54246.4,14,17,22.57,grocery,1
13741.949999999999,33,57815.25,14,17,15.46,utilities,0
13997.49,19,34951.6,24,12,19.92,travel,0
15342.78,22,78705.11,22,16,9.99,travel,1
30323.22,34,51088.44,13,12,4.13,travel,0
9644.34,32,60309.3,11,12,19.42,utilities,1
10343.94,24,102683.64,24,11,12.64,electronics,0
4289.76,34,71339.1,13,11,1.44,electronics,0
11282.58,29,133087.52,13,17,6.58,travel,0
36676.229999999996,23,44276.15,28,8,15.55,travel,0
13837.02,19,132840.14,9,11,20.81,electronics,0
8519.52,37,60519.48,14,14,19.59,travel,1
6727.02,30,35516.65,13,13,10.59,electronics,0
24201.87,23,54898.54,19,14,3.81,electronics,0
31331.64,26,129793.58,7,12,3.26,travel,0
21950.010000000002,25,52041.92,21,18,13.79,grocery,1
3147.21,24,205397.21,14,10,3.04,grocery,1
43559.61,33,85382.83,21,17,20.62,travel,0
35197.8,26,66405.86,18,16,2.17,travel,1
8552.130000000001,24,20991.33,19,16,3.19,utilities,0
8493.18,53,80579.11,14,12,1.35,utilities,0
5873.25,29,113209.02,13,13,3.89,electronics,1
6681.719999999999,23,142995.24,13,13,16.42,utilities,0
28750.350000000002,31,48397.52,26,12,2.56,electronics,1
28796.699999999997,62,122123.4,25,10,3.42,entertainment,0
15916.41,36,30126.74,12,12,4.74,utilities,0
16689.12,29,49268.39,13,9,23.98,entertainment,0
9146.58,30,70454.67,12,19,13.17,electronics,1
6322.289999999999,31,37746.83,12,10,3.44,utilities,1
17022.87,20,106377.95,18,8,9.0,travel,0
16160.130000000001,42,43248.58,14,9,8.83,travel,1
9970.11,32,87823.53,11,20,11.56,utilities,0
7341.48,46,36902.59,14,14,9.33,grocery,1
6158.969999999999,20,48470.61,13,10,6.01,electronics,0
4760.34,34,33991.63,11,15,8.86,grocery,0
7268.01,18,51559.37,14,17,1.93,grocery,0
19582.38,32,174876.73,12,12,8.79,utilities,0
15053.46,18,207200.22,12,11,1.18,travel,0
16235.579999999998,35,192476.73,13,10,14.25,entertainment,0
36600.63,51,48405.07,13,12,7.34,entertainment,0
11619.42,31,141191.75,15,14,4.01,entertainment,0
33866.79,32,119294.61,16,14,6.16,electronics,1
14888.04,38,201815.65,13,18,3.21,entertainment,1
11208.09,28,23949.19,16,12,10.71,electronics,1
70402.83,40,81415.53,29,15,17.13,travel,1
15579.36,35,74626.98,12,10,9.3,travel,1
11127.99,31,235411.56,14,18,12.76,grocery,0
14673.78,39,154202.62,11,16,11.13,utilities,0
12218.460000000001,52,109544.57,11,21,13.85,utilities,0
29136.899999999998,41,111733.46,14,10,2.12,electronics,0
26745.239999999998,23,55735.11,13,15,7.06,utilities,0
39426.270000000004,43,66051.72,14,10,8.24,utilities,0
10379.369999999999,28,134929.16,12,18,5.5,grocery,1
13229.400000000001,19,80438.87,14,16,4.67,travel,0
12523.800000000001,47,63083.12,20,12,16.08,electronics,0
18906.96,23,57412.5,12,20,3.0,electronics,1
6063.99,48,57930.19,21,23,16.26,utilities,0
9314.07,50,41621.56,11,13,16.83,entertainment,0
15248.01,18,23527.82,15,17,17.84,entertainment,1
6962.400000000001,32,83140.75,17,14,18.24,utilities,1
3667.59,25,66925.11,10,19,2.26,electronics,0
20663.97,41,48910.12,27,11,17.06,travel,1
7793.58,25,58077.69,13,11,8.18,grocery,0
6112.950000000001,40,63407.82,20,10,17.07,grocery,0
24981.78,33,85926.23,13,19,2.2,travel,0
4019.5199999999995,25,35762.39,20,19,19.75,grocery,0
15377.76,31,42167.24,12,15,13.09,utilities,0
7611.030000000001,35,39884.92,12,16,17.58,entertainment,1
47898.479999999996,31,30348.5,18,15,13.41,travel,0
17922.87,39,121809.98,19,10,12.95,utilities,1
54917.58,28,42052.15,25,2,94.8,grocery,1
6397.799999999999,27,62509.64,11,7,19.33,utilities,0
6413.52,18,37792.95,12,13,7.36,utilities,0
7890.299999999999,28,22916.09,15,15,6.22,travel,1
9167.82,33,33382.03,12,10,5.3,utilities,0
8166.87,53,195596.06,13,9,18.85,electronics,0
12500.189999999999,28,49915.05,22,9,8.03,entertainment,1
5298.63,46,94606.02,14,12,5.27,electronics,0
18761.28,20,60711.13,20,19,16.51,grocery,1
6568.950000000001,31,51859.34,20,12,2.81,electronics,0
27398.07,21,149784.66,13,14,18.08,travel,1
5373.33,39,62234.63,13,18,1.43,grocery,0
8243.31,27,87838.94,9,10,27.49,entertainment,1
13982.369999999999,26,61464.54,23,12,16.26,grocery,1
11863.05,22,82733.64,13,14,17.28,utilities,1
26490.72,34,63439.33,16,16,24.93,entertainment,1
54755.700000000004,39,44792.64,33,12,120.26,electronics,1
8659.380000000001,60,131224.19,12,13,29.29,travel,0
44545.8,28,67320.6,11,10,20.58,entertainment,0
33078.93,33,182931.84,11,16,30.62,entertainment,1
30609.090000000004,19,54317.75,11,13,7.77,entertainment,0
21867.87,46,49232.13,15,12,28.22,grocery,0
61970.100000000006,57,252333.14,13,16,8.41,entertainment,1
9229.619999999999,25,27313.97,15,16,1.91,utilities,0
60968.16,42,80437.55,22,8,38.9,electronics,1
8559.48,30,63754.95,14,11,16.49,utilities,0
15429.39,29,72144.07,18,13,10.36,grocery,0
11403.210000000001,52,22529.29,19,13,4.43,grocery,0
13202.400000000001,18,115112.88,8,14,18.5,entertainment,1
24171.57,20,21613.35,18,8,1.11,entertainment,0
3922.44,22,64487.52,14,13,3.36,grocery,0
4941.54,36,94124.19,19,18,2.54,utilities,0
31821.42,30,61519.18,18,14,0.0,grocery,1
6372.87,29,56974.32,19,8,1.36,travel,0
7076.91,38,105340.75,10,16,19.46,electronics,1
10543.59,28,132534.33,17,16,8.74,entertainment,0
23622.69,24,55637.48,13,12,7.75,electronics,0
12126.51,32,56999.27,13,10,14.24,grocery,0
36595.38,31,76220.27,14,15,12.15,grocery,0
8652.03,25,121032.63,14,19,27.06,entertainment,0
13763.79,26,56822.65,27,14,32.68,travel,0
8676.39,24,37544.77,21,14,17.86,utilities,1
17798.16,35,56112.07,23,14,10.71,electronics,0
25301.489999999998,29,95876.17,13,15,8.94,travel,0
24273.510000000002,28,110288.14,25,10,1.63,travel,0
9873.900000000001,32,49731.96,23,14,18.42,utilities,1
3608.8500000000004,34,50425.25,21,9,22.57,entertainment,0
28033.350000000002,22,49170.54,19,4,127.29,electronics,1
7522.77,43,37792.04,20,17,5.46,electronics,0
17308.949999999997,32,234832.83,14,10,5.8,utilities,1
15406.14,44,137415.38,11,12,2.15,utilities,0
6375.57,26,131963.11,11,12,7.73,entertainment,0
6782.58,47,89262.17,14,13,9.3,utilities,1
22136.25,36,44352.88,12,14,8.48,travel,0
18940.32,49,38870.02,24,7,86.84,travel,1
16266.75,28,147170.29,12,13,6.46,travel,0
30242.61,37,65966.93,14,16,2.63,entertainment,0
8461.47,24,86863.5,14,12,1.53,entertainment,1
9589.02,34,224390.52,20,10,9.47,travel,1
26981.399999999998,22,59586.13,13,14,3.48,travel,0
4646.82,31,134026.62,16,16,2.36,utilities,1
7513.5599999999995,27,44934.4,14,13,12.71,grocery,0
36587.909999999996,33,49293.9,14,10,10.21,entertainment,1
11557.86,52,45018.15,9,9,0.13,entertainment,1
61238.97,43,32457.17,35,7,27.65,electronics,1
11328.66,36,72850.83,20,19,14.67,utilities,0
7189.5599999999995,29,84697.28,14,19,3.91,utilities,0
6266.460000000001,19,67297.76,14,15,9.76,grocery,1
11217.539999999999,32,27573.36,14,10,10.68,entertainment,0
4490.3099999999995,45,200706.11,14,18,2.41,utilities,0
27465.75,29,36039.64,26,8,144.24,travel,1
41237.25,19,40155.44,18,13,2.32,travel,0
7082.700000000001,48,207082.02,11,14,21.32,utilities,0
27201.27,30,96031.54,24,1,129.65,electronics,1
7413.27,42,33860.08,13,16,14.42,electronics,1
45053.07,49,61876.26,24,10,14.5,electronics,0
39238.38,38,46411.28,13,10,1.77,entertainment,0
29461.409999999996,41,104787.52,14,12,22.88,travel,0
33356.46,44,63741.29,31,19,6.77,electronics,1
13417.26,22,27476.3,20,11,1.98,electronics,0
77326.20000000001,25,41728.09,24,0,59.03,grocery,1
7164.24,48,27792.24,15,15,4.3,utilities,0
18478.86,25,41170.09,12,12,1.22,utilities,0
19142.04,26,92109.98,18,11,14.18,utilities,1
8265.630000000001,41,71441.26,10,15,6.21,entertainment,0
20274.69,27,32106.62,14,23,11.1,grocery,1
4568.91,44,31528.4,18,14,6.5,utilities,1
33734.7,20,71037.44,32,5,3.06,travel,0
25680.449999999997,22,146885.77,20,12,15.47,electronics,0
20213.94,39,110589.37,22,12,11.8,entertainment,1
22509.54,30,31308.45,23,9,20.92,travel,1
34018.649999999994,21,53942.88,20,7,8.53,travel,0
13290.119999999999,18,61986.11,21,17,3.13,entertainment,0
16701.48,30,77086.83,22,14,4.5,utilities,0
6975.780000000001,31,87777.95,14,12,7.36,travel,0
5260.200000000001,44,70313.64,11,15,2.81,utilities,0
15007.53,23,44127.55,23,3,10.69,travel,0
20616.27,21,37901.26,14,11,7.07,travel,0
8841.72,26,184514.05,13,18,10.59,electronics,0
9228.66,19,103522.85,12,15,3.18,utilities,0
6231.780000000001,52,42327.4,18,21,2.72,entertainment,0
26797.17,19,66323.87,22,10,16.87,travel,0
40354.44,29,50745.46,17,9,6.31,travel,0
10048.619999999999,30,79525.76,13,17,6.51,travel,1
7396.11,37,35430.75,21,14,2.33,electronics,0
5899.29,31,103927.93,21,13,21.18,electronics,1
15865.29,25,66256.23,14,14,1.22,entertainment,1
17765.19,55,106840.45,16,9,1.91,entertainment,0
13416.119999999999,25,66579.64,24,2,96.87,grocery,1
13695.57,32,25242.07,13,12,2.01,utilities,0
8544.119999999999,24,50327.64,13,14,14.88,utilities,1
35203.38,29,40959.05,18,17,19.18,grocery,0
84300.56999999999,34,73885.51,23,3,115.44,grocery,1
11842.619999999999,28,31333.66,17,14,3.1,electronics,0
31432.77,24,87420.77,12,13,10.04,electronics,0
22556.699999999997,29,70814.34,21,19,31.7,electronics,1
19290.48,43,66920.16,13,9,5.33,electronics,0
10357.59,33,115822.83,13,14,12.71,entertainment,0
7461.150000000001,42,81088.24,14,15,2.17,utilities,0
9084.27,51,275551.37,20,10,22.7,electronics,0
42275.01,22,43596.82,21,10,17.8,grocery,1
18681.300000000003,21,52519.46,24,2,17.36,electronics,1
28915.86,36,143110.7,19,12,20.24,entertainment,0
5485.9800000000005,48,131282.03,11,11,13.26,utilities,1
8279.67,49,114045.05,14,14,12.22,entertainment,0
11410.710000000001,30,116930.27,18,0,19.99,travel,1
10648.56,62,73774.26,15,20,4.37,utilities,0
16143.99,34,92108.48,13,14,32.79,entertainment,1
31411.02,33,68780.19,13,8,15.32,grocery,0
19124.4,23,68763.28,10,13,14.01,travel,0
7453.23,39,40191.46,11,10,15.8,entertainment,1
7843.41,24,41036.44,14,13,2.82,travel,0
30892.53,28,54449.93,14,13,7.17,travel,0
19279.35,26,112372.33,13,16,1.79,utilities,1
13631.46,18,39018.63,18,10,13.96,electronics,1
14565.78,24,83207.64,13,13,19.8,travel,1
6418.200000000001,28,86875.04,14,9,4.73,electronics,1
17164.41,52,121170.92,15,12,19.89,entertainment,0
15101.91,40,110535.8,11,10,2.82,utilities,0
6595.92,26,49067.02,14,14,13.11,utilities,0
7973.58,22,46805.53,19,15,2.84,travel,1
20310.09,22,85456.68,22,16,20.05,grocery,1
16976.07,33,119542.24,14,15,2.25,utilities,1
56124.56999999999,34,17899.66,26,9,99.7,grocery,1
76551.33,19,49775.42,15,20,17.18,utilities,1
9723.36,47,48165.09,14,10,2.51,utilities,0
14744.91,52,55417.33,13,16,1.12,electronics,0
11407.32,22,64205.7,21,12,4.39,grocery,0
31106.850000000002,22,63854.97,28,4,8.94,electronics,1
56543.91,25,74740.49,21,5,49.6,travel,1
21616.47,26,73345.62,18,15,16.87,grocery,0
11738.58,36,58155.19,18,21,18.12,utilities,0
16781.699999999997,23,32914.49,24,0,3.72,travel,1
14124.48,26,40880.4,19,7,18.67,entertainment,0
8896.74,34,115550.48,12,15,19.9,entertainment,0
9668.16,45,18236.85,13,12,6.74,electronics,0
7254.24,40,33594.05,13,18,15.27,electronics,0
22244.82,43,35261.12,14,16,13.92,entertainment,0
13032.93,25,90929.81,23,11,17.66,electronics,0
22314.93,36,29473.22,27,3,89.81,electronics,1
6198.75,31,47203.44,13,12,16.37,utilities,1
18452.85,29,229911.69,13,16,2.23,electronics,1
34920.39,32,85634.4,15,21,3.93,grocery,1
35238.63,22,18907.35,14,13,14.52,utilities,0
52578.299999999996,25,51842.92,20,16,4.78,electronics,0
19610.79,31,79425.54,13,15,0.89,entertainment,1
41383.29,28,48483.95,24,0,37.73,travel,1
7403.9400000000005,33,53175.23,14,12,28.38,entertainment,0
35144.64,22,29334.6,28,4,29.16,grocery,1
13598.43,22,49297.23,13,15,15.17,entertainment,0
21881.43,35,43137.22,20,17,8.39,travel,1
19092.9,19,79511.44,13,15,1.54,utilities,0
5358.0,39,108067.39,8,16,3.22,travel,0
11740.619999999999,31,46532.06,14,14,17.85,grocery,0
5806.7699999999995,35,57958.6,13,19,29.92,travel,1
106915.11000000002,31,63419.43,28,12,17.4,grocery,1
49102.649999999994,18,27335.98,20,17,19.06,electronics,0
37290.479999999996,44,146109.05,14,20,20.36,electronics,1
9235.41,29,24266.56,18,22,5.5,entertainment,1
10445.91,27,31837.68,14,14,2.0,travel,0
32485.53,24,147935.49,14,10,8.06,entertainment,0
25724.97,36,178795.82,14,12,23.81,entertainment,1
43408.590000000004,32,32794.21,10,12,4.83,entertainment,1
8706.42,31,93036.85,14,18,14.88,grocery,1
11512.289999999999,22,172237.81,12,12,27.22,travel,0
13159.02,32,34711.9,21,10,13.89,entertainment,1
4638.57,18,68337.27,20,11,2.87,electronics,1
45014.79,25,85750.91,13,10,31.06,travel,0
84871.77,18,37984.27,24,10,23.01,electronics,1
7112.700000000001,47,45061.43,13,15,14.28,electronics,0
13458.060000000001,36,70932.65,12,15,1.89,travel,0
12772.949999999999,28,61754.37,21,13,18.83,entertainment,0
18853.170000000002,48,109717.19,11,13,19.43,electronics,0
24795.090000000004,32,24036.04,21,3,10.58,grocery,1
23941.29,31,56756.27,17,16,18.07,travel,1
8330.61,18,47219.61,8,14,1.66,electronics,0
9066.960000000001,53,28299.79,14,11,13.27,entertainment,1
42015.78,20,90027.51,13,12,18.26,electronics,0
8454.18,30,53351.04,12,10,6.25,entertainment,0
19034.31,19,87979.93,8,18,3.36,entertainment,0
40483.770000000004,19,23906.27,31,11,26.32,travel,1
10282.02,19,27127.63,18,15,4.03,utilities,1
24778.11,36,72412.93,12,16,24.68,electronics,1
9997.44,62,35781.97,18,9,24.68,grocery,1
18973.77,26,19808.23,26,9,23.12,travel,1
20524.23,46,133552.83,13,12,1.48,entertainment,0
13102.170000000002,18,42996.33,14,9,27.55,utilities,1
7069.74,44,224349.75,13,13,1.73,utilities,1
13821.84,30,83472.0,19,12,8.35,utilities,0
16056.99,27,29556.91,23,4,7.72,travel,1
26844.75,18,39125.4,31,8,98.52,travel,1
13391.49,19,41063.04,13,14,6.09,utilities,0
22585.38,32,31399.77,9,18,28.04,travel,0
5999.7300000000005,18,77330.66,18,10,4.2,travel,0
18800.31,48,92739.01,21,13,26.3,electronics,1
22805.4,31,53315.78,13,13,9.48,utilities,1
19986.449999999997,24,137062.87,13,13,1.78,travel,0
18887.4,34,46947.9,16,11,30.0,travel,1
20857.170000000002,29,39459.31,13,19,22.16,grocery,0
13488.36,24,49649.92,26,15,9.03,electronics,1
46016.76,21,141923.04,23,1,5.48,travel,0
21494.19,40,34352.72,19,5,26.06,electronics,1
21981.36,38,83321.37,12,15,3.7,grocery,1
9493.11,28,59219.13,16,13,13.36,travel,1
18968.31,42,51420.97,14,3,25.01,utilities,0
40912.350000000006,33,121557.25,11,12,9.1,entertainment,0
27364.44,29,79310.87,13,15,7.74,entertainment,0
10807.98,30,79141.54,10,13,0.44,travel,0
2348.8500000000004,18,71422.19,14,20,5.88,grocery,0
28948.590000000004,51,39657.21,21,11,6.15,entertainment,1
30225.840000000004,40,107094.44,19,19,8.3,travel,1
24149.52,32,57389.14,10,13,15.58,entertainment,0
16549.170000000002,33,41162.7,14,16,3.23,grocery,1
10400.789999999999,37,46221.88,14,19,7.49,entertainment,1
39078.42,31,46934.52,32,19,5.61,electronics,1
8044.650000000001,27,40518.7,17,13,17.78,travel,0
15098.43,32,78690.51,18,17,15.85,grocery,1
12405.18,29,36779.69,14,15,13.32,entertainment,0
32033.28,26,50262.01,13,18,2.9,electronics,1
11928.210000000001,24,124699.47,9,16,0.55,grocery,0
5218.4400000000005,51,98436.52,14,14,1.43,grocery,0
16722.54,33,105243.98,25,12,13.67,entertainment,1
34606.68,31,77089.54,11,12,4.34,travel,0
11991.3,41,71203.73,14,13,1.37,travel,0
4429.32,39,110923.85,11,23,6.21,travel,1
26508.78,47,73289.19,19,14,27.42,grocery,1
6661.77,40,46401.26,13,14,28.21,utilities,0
20859.69,29,35625.26,27,14,7.65,travel,0
5837.64,27,103215.36,20,15,2.69,electronics,1
25951.83,25,33176.09,13,15,2.03,travel,0
9141.36,34,92886.28,20,21,4.27,utilities,0
7457.52,48,56998.72,21,15,5.3,grocery,0
8154.42,28,289457.64,12,8,13.17,utilities,1
5706.09,41,69245.65,20,15,13.83,utilities,0
6972.51,43,40174.56,13,15,6.73,grocery,0
4255.11,42,45393.05,13,20,14.7,grocery,1
36209.340000000004,38,55242.32,10,15,23.43,electronics,0
7356.48,35,54708.31,12,15,13.65,entertainment,0
8159.16,24,104706.27,15,14,16.2,utilities,0
23569.199999999997,58,66579.22,11,23,19.31,utilities,0
19076.22,18,252372.31,21,13,27.85,electronics,1
13588.74,41,70281.35,13,15,1.04,electronics,1
18709.65,19,44534.21,14,14,26.14,grocery,0
17220.03,33,189670.06,13,16,16.32,entertainment,1
8169.450000000001,41,113603.88,12,17,1.63,electronics,0
5488.71,31,131658.11,11,15,2.6,entertainment,0
18916.920000000002,22,40197.94,25,3,3.14,grocery,1
17906.489999999998,23,53384.81,13,20,8.94,electronics,0
26362.409999999996,40,46628.01,15,14,10.84,entertainment,1
14884.650000000001,52,59629.04,19,15,28.72,grocery,1
22973.1,23,54372.14,12,9,17.91,entertainment,1
5625.39,20,73351.72,19,7,26.27,travel,0
14806.619999999999,43,61987.62,19,18,6.08,electronics,0
42420.0,27,44249.94,12,17,8.75,electronics,0
22957.14,21,163412.72,15,11,20.16,travel,0
4602.8099999999995,30,31285.71,13,19,18.59,utilities,0
22632.84,22,64726.24,26,4,44.18,travel,1
12098.55,28,78913.65,21,10,17.4,travel,0
35717.07,50,59789.0,17,17,20.42,entertainment,0
7104.33,45,51889.87,14,11,6.16,travel,1
8604.72,27,35541.35,14,15,4.02,grocery,1
34585.590000000004,19,55419.11,21,3,57.28,electronics,1
14661.810000000001,39,78638.22,13,13,3.29,travel,1
8841.39,34,90556.03,12,14,2.26,utilities,0
8405.31,20,122840.67,14,13,15.21,utilities,0
24174.48,24,71104.83,24,0,11.1,electronics,1
14869.68,42,29378.7,10,12,15.07,grocery,0
45169.649999999994,27,70644.65,20,12,12.6,electronics,0
7041.09,20,91358.57,19,16,3.54,grocery,1
6529.349999999999,26,58379.1,15,17,14.96,grocery,1
19745.64,54,37542.31,12,21,13.24,entertainment,1
44048.49,43,276084.79,13,8,11.2,entertainment,0
34972.92,18,70002.47,30,1,96.92,grocery,1
16948.29,21,157176.75,13,10,10.22,utilities,0
11147.01,26,60379.73,18,12,11.78,entertainment,0
8600.7,21,64191.72,18,13,8.83,grocery,0
36491.94,34,87914.85,24,17,38.53,grocery,1
10932.51,37,17407.27,14,14,25.37,grocery,0
9042.3,47,130306.07,16,13,1.14,utilities,0
7940.76,43,92699.31,17,15,16.67,travel,0
15657.150000000001,55,50736.5,14,9,7.64,utilities,0
34107.75,28,69093.38,23,11,15.25,utilities,0
5279.9400000000005,27,81351.19,15,13,26.79,grocery,0
13223.46,38,196600.25,20,15,16.15,electronics,0
4270.5599999999995,49,156624.01,13,19,2.73,grocery,0
15298.800000000001,35,94233.43,12,7,24.81,electronics,1
15913.89,25,134490.94,13,16,9.63,travel,1
4759.26,24,30423.26,14,11,2.02,entertainment,1
13775.130000000001,30,84738.53,14,12,16.01,travel,1
25432.08,41,58058.63,30,1,81.43,electronics,1
7661.549999999999,20,70192.34,21,11,4.7,utilities,0
22017.0,31,70409.46,11,20,28.06,utilities,0
17204.52,19,69219.65,15,14,1.11,grocery,1
5153.58,28,54615.35,12,13,24.91,grocery,1
6012.0599999999995,35,37405.68,12,12,1.58,travel,1
6837.0599999999995,30,49631.02,11,15,7.9,utilities,0
7133.43,28,107913.21,16,11,29.62,travel,1
7346.52,28,156451.08,13,16,13.72,entertainment,1
14624.43,64,80650.12,14,12,7.91,grocery,0
12748.800000000001,30,174637.9,11,17,15.22,entertainment,0
17397.21,30,80642.23,15,20,2.96,travel,0
41426.01,32,52284.73,13,10,3.15,entertainment,0
5824.08,40,24670.31,13,9,18.64,utilities,0
42963.3,32,49659.09,19,12,6.84,utilities,1
19793.37,20,75230.48,14,14,6.91,entertainment,0
16702.11,26,90458.15,14,15,16.12,utilities,0
11772.42,37,86219.95,13,13,2.87,entertainment,1
8123.61,31,54463.43,10,12,1.33,utilities,0
6576.150000000001,23,58918.26,15,9,12.59,utilities,0
12044.25,18,198517.33,12,14,29.8,travel,0
28199.129999999997,29,155321.45,24,18,13.84,electronics,0
11267.7,43,109758.62,9,15,10.36,entertainment,1
7723.349999999999,50,109066.46,12,17,12.61,utilities,1
6531.150000000001,34,71551.24,16,22,11.81,utilities,0
10242.72,27,126880.05,11,17,16.56,utilities,0
4190.67,41,37814.48,13,10,7.0,electronics,0
3747.57,20,20507.21,17,11,8.09,electronics,0
12115.17,27,69431.4,14,10,12.21,entertainment,0
22014.03,30,45147.86,19,6,29.13,travel,1
7159.23,26,64972.78,13,13,10.49,utilities,0
14169.0,27,130391.94,13,17,2.18,utilities,1
4626.0599999999995,23,111017.84,31,15,3.5,utilities,0
18155.73,28,32623.7,22,11,26.82,travel,0
15276.119999999999,32,77164.71,13,12,1.85,utilities,0
27145.56,52,44326.41,13,9,4.42,entertainment,0
53379.75,52,24938.55,27,0,8.04,travel,1
23579.22,28,67613.01,12,12,3.21,entertainment,1
19013.28,31,71155.62,13,10,1.46,grocery,0
26564.399999999998,47,98285.92,14,17,3.15,utilities,1
13163.79,60,173112.37,15,15,3.14,utilities,0
8462.130000000001,34,143408.09,18,18,7.13,utilities,0
3571.7999999999997,25,59936.84,14,12,12.25,grocery,1
9979.349999999999,24,138976.19,12,14,10.07,entertainment,1
132456.54,23,35285.0,32,20,4.7,grocery,1
12097.89,57,36356.88,13,11,0.77,electronics,0
27798.39,29,107657.23,9,15,9.24,electronics,0
22108.5,32,170035.59,14,18,8.82,grocery,0
18405.0,29,38694.89,15,13,13.96,electronics,1
11560.86,25,56782.54,12,17,24.73,electronics,0
17271.09,39,232391.87,18,20,17.7,electronics,0
61048.59,20,46853.01,20,9,20.43,travel,1
7277.49,28,103212.57,17,11,17.57,grocery,0
13870.949999999999,29,51719.96,14,8,18.96,grocery,1
17828.699999999997,48,129370.91,14,13,3.22,travel,0
13376.43,27,47330.9,12,21,14.12,travel,0
6644.07,37,62733.08,14,16,2.68,grocery,0
17772.96,34,44276.97,12,16,15.38,utilities,1
14141.49,41,30060.79,14,17,16.23,utilities,1
26322.69,37,56090.0,17,23,19.96,entertainment,1
24722.04,44,55544.18,16,18,24.69,electronics,0
7168.710000000001,34,278482.03,13,16,0.72,entertainment,1
6876.539999999999,29,56733.51,14,18,16.7,grocery,0
8765.039999999999,35,38417.57,10,9,1.55,travel,0
28984.71,34,87295.6,11,13,24.17,entertainment,0
4744.5,36,23152.32,11,19,3.93,electronics,0
27939.06,35,72477.83,13,17,4.28,utilities,0
18027.39,31,54584.78,14,8,8.54,grocery,0
8048.82,30,105897.18,14,15,4.64,electronics,0
7325.849999999999,24,82831.79,10,19,0.56,entertainment,1
19166.4,25,66254.87,23,10,19.83,electronics,1
39539.399999999994,33,76697.29,12,13,121.93,utilities,1
17298.989999999998,24,59140.0,19,10,22.63,electronics,1
3879.06,33,75013.37,13,16,25.6,grocery,0
29247.989999999998,28,65154.46,18,8,17.07,electronics,0
7016.549999999999,21,99727.18,14,13,8.58,grocery,1
9953.94,22,39844.82,14,13,0.76,electronics,0
22110.18,41,25571.34,14,16,27.21,grocery,0
7972.26,33,72578.15,9,15,2.67,electronics,0
16995.57,40,39558.79,12,14,1.06,utilities,0
11417.97,61,31840.35,10,14,13.24,utilities,0
24437.16,22,69926.44,21,4,48.17,electronics,1
8576.73,20,77495.52,13,13,24.63,utilities,0
10452.539999999999,45,130825.05,11,19,21.08,travel,0
27315.449999999997,25,38988.94,13,10,9.26,travel,0
31626.72,34,37052.34,11,9,34.39,entertainment,0
13272.99,38,36545.93,13,13,22.12,grocery,0
3966.09,30,59697.7,21,11,2.39,grocery,0
30225.27,22,205426.37,13,12,3.56,utilities,0
25266.899999999998,49,59980.25,31,15,3.63,electronics,0
16602.239999999998,46,61232.09,18,10,14.46,grocery,0
23640.300000000003,23,68913.08,15,15,16.13,grocery,0
23981.31,27,32340.71,13,16,28.75,utilities,0
13991.22,49,77421.05,14,15,1.43,utilities,0
18085.89,29,110456.07,12,14,2.91,utilities,0
19185.21,28,49811.02,26,3,23.62,travel,1
20457.989999999998,32,124748.1,14,12,30.39,grocery,0
46006.409999999996,18,59250.7,14,14,11.35,travel,0
9126.119999999999,32,36725.92,20,18,8.23,travel,1
14304.689999999999,24,183987.65,13,18,15.78,entertainment,0
14027.82,21,67012.97,25,11,7.99,electronics,0
8816.130000000001,18,68865.71,9,18,3.58,entertainment,0
25065.69,26,59686.23,15,20,5.17,grocery,0
40814.61,46,80125.41,18,15,11.8,utilities,1
6472.5,18,40584.09,13,11,3.39,entertainment,1
44480.22,25,27054.83,22,14,41.07,travel,1
34583.7,26,52895.54,12,15,24.25,entertainment,1
7165.4400000000005,42,174867.0,13,17,0.18,electronics,0
12970.829999999998,44,28286.56,19,13,5.74,entertainment,0
56135.399999999994,50,48115.91,22,11,95.14,travel,1
27793.86,25,38589.11,21,12,16.42,utilities,0
22429.38,24,22294.5,36,1,88.39,electronics,1
21540.12,29,74382.05,14,11,1.91,entertainment,1
13021.29,30,48172.05,14,10,9.78,utilities,0
7824.960000000001,34,106528.06,14,16,16.5,grocery,0
7207.08,35,51655.45,12,9,11.25,entertainment,0
19795.5,30,64669.56,13,13,11.64,utilities,0
26281.5,30,50524.9,14,14,7.8,utilities,0
10097.49,19,40922.92,20,13,6.07,grocery,0
9225.150000000001,27,246671.9,15,13,4.46,entertainment,1
3375.66,28,40070.89,14,16,5.92,grocery,0
8069.61,26,60819.58,11,10,27.04,entertainment,0
41599.47,43,89719.9,14,8,18.75,electronics,0
18041.34,43,30638.96,16,10,5.63,entertainment,0
15794.400000000001,30,45213.73,14,15,11.77,grocery,0
19115.579999999998,27,78292.51,21,11,18.46,travel,0
31851.54,51,40364.28,28,21,24.81,travel,0
12954.96,42,146363.66,20,13,8.62,entertainment,0
23389.59,23,96533.35,24,1,120.13,grocery,1
35241.96,35,26793.45,30,1,144.73,travel,1
16137.060000000001,30,27303.74,11,14,6.95,grocery,0
8006.460000000001,26,60162.64,13,16,13.9,utilities,0
20464.41,30,220262.74,14,12,2.98,entertainment,1
12550.77,33,277941.72,24,10,11.33,travel,0
13744.32,27,171289.29,11,16,1.65,travel,0
26860.409999999996,23,63478.5,10,15,4.74,utilities,0
29979.33,33,100549.11,18,19,14.47,grocery,1
9358.41,24,32689.63,10,22,2.38,utilities,1
15222.54,38,80232.4,15,13,35.48,utilities,0
5334.0599999999995,33,87938.05,14,21,19.88,grocery,0
20557.41,22,24751.52,27,0,226.01,electronics,1
23246.25,43,48758.13,26,12,18.95,utilities,1
59631.12,19,461027.55,13,11,16.11,entertainment,0
33186.21,31,62349.08,10,9,12.41,electronics,1
19868.91,37,36852.96,12,20,15.36,entertainment,1
14666.880000000001,26,79129.49,13,11,22.67,travel,0
9477.900000000001,23,42085.84,8,19,16.85,utilities,0
5378.91,42,95560.92,14,15,2.75,travel,0
7352.25,18,45635.24,18,10,16.96,entertainment,0
10065.09,40,20537.69,20,16,13.4,electronics,1
5383.59,31,61824.19,12,18,0.77,grocery,0
7730.64,21,25945.02,14,15,2.16,travel,1
19131.09,22,69357.3,23,19,5.41,electronics,1
7545.09,35,92614.24,13,14,15.55,entertainment,0
8039.88,27,120836.1,14,12,7.96,travel,0
5409.63,24,88622.89,15,19,13.94,grocery,1
23624.88,26,54931.72,14,14,11.07,travel,0
10944.960000000001,32,247973.91,22,5,1.71,electronics,0
16196.880000000001,36,30503.3,9,11,27.37,entertainment,0
25836.78,21,54247.32,11,11,10.25,utilities,1
14203.41,35,64247.03,14,15,14.49,grocery,1
6046.62,43,36560.24,15,7,1.84,grocery,0
26167.71,28,56867.35,18,21,6.55,entertainment,0
13106.46,25,56687.82,9,13,1.21,travel,0
22287.03,24,46021.42,14,11,2.66,grocery,0
10579.17,22,186563.13,14,15,6.14,grocery,0
8000.67,22,134599.81,13,12,13.78,electronics,1
16631.04,52,36655.99,13,11,17.58,entertainment,0
16049.46,25,275618.21,14,10,8.83,entertainment,0
41208.21,29,44305.81,20,16,28.69,travel,0
24800.19,26,46629.65,13,8,12.17,entertainment,1
51973.71,19,88019.73,13,10,9.38,entertainment,0
25114.32,25,115371.97,14,15,9.83,electronics,0
12590.07,29,87179.47,18,13,6.17,electronics,0
53328.21,40,19130.31,9,13,2.3,electronics,0
26789.58,45,71497.21,15,12,4.11,grocery,0
72127.53,28,22779.76,21,3,8.81,travel,1
9723.960000000001,18,29919.52,21,18,13.4,electronics,0
30617.61,21,108423.68,10,18,14.84,grocery,0
11392.8,43,53856.43,13,11,11.46,utilities,1
65953.98,43,83981.36,29,4,94.13,electronics,1
12829.560000000001,27,134503.73,16,9,2.35,travel,1
45062.79,42,44485.72,28,7,103.44,electronics,1
13703.43,19,96645.95,10,12,2.46,utilities,1
26054.340000000004,39,176150.67,17,10,3.85,travel,0
25654.32,48,85627.73,17,19,5.73,electronics,0
16861.38,27,27644.21,17,12,33.77,travel,0
14626.71,39,74288.44,13,11,7.91,entertainment,0
9860.22,41,33430.55,21,13,19.09,electronics,0
6818.01,34,103100.85,23,13,13.5,utilities,0
31965.54,52,74212.14,13,20,4.52,entertainment,1
45608.46,31,50614.5,23,18,1.14,electronics,0
10244.369999999999,32,62212.55,20,11,8.6,electronics,0
36499.71,18,34097.95,29,2,11.4,electronics,1
22276.47,21,38644.23,26,3,32.94,travel,1
27486.989999999998,23,41264.21,22,11,30.4,electronics,0
8580.33,25,184246.72,13,10,5.71,utilities,0
13166.130000000001,30,48978.81,20,9,5.94,travel,0
7730.969999999999,29,47726.65,14,16,1.73,grocery,1
11332.74,30,68768.65,14,13,13.15,electronics,0
37814.100000000006,23,73099.43,27,0,155.88,electronics,1
12210.78,31,31379.49,12,15,7.47,travel,0
20675.43,33,35753.31,13,10,14.72,grocery,1
25057.29,48,53662.87,14,15,17.44,grocery,1
13558.41,29,50225.4,13,10,5.34,entertainment,0
29881.5,22,20072.88,13,11,2.15,travel,0
40050.479999999996,32,28185.5,20,17,2.34,utilities,0
5960.3099999999995,34,64345.28,20,18,6.53,grocery,0
1961.04,20,14105.04,12,21,4.34,grocery,0
24605.340000000004,18,44537.0,25,14,24.5,travel,1
6192.42,25,150036.42,13,16,10.63,utilities,0
14994.99,27,68278.07,14,14,28.84,grocery,0
6145.14,32,59364.75,14,15,5.16,travel,0
11559.45,62,88450.62,17,9,6.14,electronics,1
14098.74,39,59757.84,11,15,1.81,electronics,0
22924.65,24,38058.94,14,11,2.84,utilities,0
11417.73,21,59867.72,14,14,0.76,travel,0
43680.24,24,52293.15,29,7,136.06,travel,1
41996.399999999994,23,99972.77,13,8,9.15,travel,0
5532.09,37,35924.13,13,10,8.42,electronics,0
17614.62,24,192819.84,19,8,2.13,utilities,1
4839.42,26,35179.62,12,18,6.51,utilities,0
22840.44,42,38432.23,29,3,58.95,electronics,1
9135.599999999999,20,60746.88,21,13,23.33,travel,1
11472.18,18,153711.88,14,8,13.56,entertainment,0
12385.02,30,151664.43,15,18,10.04,entertainment,1
7718.1900000000005,33,46558.91,14,14,19.89,entertainment,0
6865.86,26,96202.45,13,11,11.02,grocery,0
10855.710000000001,36,44243.83,12,16,1.92,electronics,0
28709.25,60,46288.11,14,12,3.77,electronics,0
14942.16,18,59530.37,10,13,24.9,electronics,0
29231.25,22,56924.39,11,20,19.43,entertainment,0
24294.78,21,49250.08,12,15,7.55,travel,0
14221.14,30,108921.48,11,15,9.4,entertainment,0
21746.699999999997,27,58613.43,13,11,5.7,electronics,1
26521.92,37,57877.22,10,10,17.55,electronics,0
112619.84999999999,30,43786.03,31,13,76.66,grocery,1
18758.19,30,154574.95,11,12,7.53,travel,0
42017.13,20,43556.37,13,10,28.83,entertainment,0
16935.96,24,27510.24,14,21,16.85,travel,0
16588.35,24,92951.04,36,5,112.87,travel,1
15547.59,33,38580.26,22,13,8.75,grocery,0
21353.79,32,54413.08,22,18,5.72,electronics,1
34256.04,26,59083.94,11,13,5.47,grocery,1
32733.06,22,59628.51,18,13,7.01,entertainment,0
12282.48,31,65501.76,19,11,0.47,travel,0
17037.9,33,93372.13,13,10,8.06,entertainment,0
9987.66,43,126900.79,13,12,3.72,entertainment,0
19780.050000000003,42,114582.24,15,12,15.66,entertainment,0
16357.11,31,81167.07,13,13,15.33,entertainment,0
10620.42,33,42127.62,22,12,22.46,utilities,1
25936.08,19,43742.29,8,15,36.24,travel,1
21758.489999999998,19,33345.9,10,15,2.85,electronics,0
5594.5199999999995,27,58131.35,20,14,14.69,utilities,0
4775.43,32,61537.87,11,11,15.68,entertainment,1
64146.93000000001,21,25895.16,32,1,65.78,grocery,1
8406.93,18,25137.23,11,16,29.82,travel,1
9318.75,19,144202.83,19,10,2.28,entertainment,0
19283.579999999998,29,41850.89,13,18,10.92,entertainment,0
11718.33,18,76270.52,23,13,8.7,travel,1
12525.449999999999,34,168305.07,18,10,25.1,travel,1
5010.21,31,44203.29,12,15,14.2,grocery,0
6992.76,26,74155.16,15,12,19.49,travel,1
17030.82,34,62662.27,13,19,9.67,grocery,0
10872.539999999999,31,34562.12,15,16,1.19,grocery,0
26849.82,24,77179.92,25,0,136.31,grocery,1
6977.34,31,305053.24,13,9,2.49,entertainment,0
8029.950000000001,27,72615.28,13,11,30.34,electronics,1
17239.079999999998,31,57901.96,32,21,9.33,electronics,1
21364.949999999997,27,70163.82,34,5,79.81,travel,1
19631.82,31,51541.01,13,14,7.0,grocery,1
55637.91,38,49793.81,13,15,1.39,electronics,0
32396.159999999996,39,18022.7,18,14,37.78,entertainment,1
13524.66,18,61903.38,12,9,15.44,electronics,0
5434.049999999999,31,31743.5,14,8,34.98,utilities,0
28426.83,54,46522.49,12,14,13.58,electronics,1
19090.35,42,164986.1,16,11,3.51,utilities,1
42431.31,23,58754.35,14,8,7.59,travel,0
22761.48,31,44671.05,18,19,2.16,grocery,1
6885.39,49,34994.3,15,14,8.12,utilities,1
51513.56999999999,29,48900.93,14,11,18.56,utilities,1
43484.25,29,28210.33,33,3,127.16,electronics,1
29316.870000000003,29,42267.45,18,14,11.82,grocery,0
7004.969999999999,30,21754.51,11,16,14.77,travel,0
25769.73,38,113687.99,26,8,8.12,entertainment,0
11078.61,24,37589.53,14,13,2.05,utilities,0
9285.210000000001,43,51492.32,18,11,10.11,utilities,0
29402.699999999997,24,42760.88,21,8,19.19,electronics,1
11144.31,26,87293.35,20,14,11.39,grocery,0
24900.989999999998,44,113064.5,11,15,0.63,utilities,0
8812.92,41,38037.35,14,10,9.91,entertainment,1
14969.79,21,109482.96,23,23,20.79,travel,0
31397.73,21,151729.81,18,12,16.63,travel,0
14525.939999999999,18,45524.03,14,9,26.18,electronics,0
6569.16,24,68471.5,15,13,6.52,electronics,0
9651.78,21,130847.56,13,14,3.11,electronics,1
9297.0,51,28217.25,10,21,4.66,entertainment,0
4913.1900000000005,48,67874.7,14,9,18.99,utilities,0
8511.3,24,49688.82,12,13,5.54,utilities,1
28529.31,53,38260.71,9,10,8.17,entertainment,0
27891.03,26,59002.15,11,12,22.16,utilities,0
14571.599999999999,18,37638.24,13,16,2.15,electronics,1
5560.38,34,79015.44,13,11,30.58,utilities,0
13503.119999999999,41,56906.16,15,6,10.62,entertainment,1
6327.0,25,145829.71,13,16,12.92,electronics,0
9028.23,33,80338.27,10,15,19.05,utilities,1
11733.45,36,45940.06,13,21,16.98,electronics,0
8103.33,20,82913.21,14,14,17.43,utilities,0
21893.670000000002,23,47040.96,28,0,119.77,grocery,1
14756.130000000001,26,64136.43,14,19,2.6,grocery,1
8145.39,20,76767.17,14,10,14.28,utilities,1
12684.119999999999,18,41276.1,10,13,2.84,utilities,1
28504.949999999997,38,55410.94,12,13,3.52,utilities,1
15205.41,40,32618.09,18,12,19.76,entertainment,0
28326.81,24,58149.05,14,14,16.14,utilities,1
15378.84,30,73031.76,13,13,2.99,travel,1
10845.869999999999,23,99123.88,14,13,3.46,travel,0
7174.41,35,136762.84,15,10,19.5,grocery,0
31193.100000000002,31,64373.83,13,11,4.07,entertainment,0
10150.26,31,67151.83,13,17,18.05,grocery,1
26897.94,26,62921.47,14,22,1.81,travel,1
6663.900000000001,23,212036.46,14,16,21.27,utilities,0
111569.88,22,34666.43,32,10,106.7,electronics,1
30821.399999999998,35,32683.26,21,14,13.72,utilities,0
8896.77,32,34304.74,16,13,8.27,utilities,1
6160.59,19,70138.68,16,12,11.8,electronics,1
31017.48,42,104090.36,17,19,1.49,entertainment,0
8482.98,31,81910.2,14,16,13.54,electronics,0
2762.1000000000004,59,86679.1,13,18,11.34,utilities,0
22393.53,20,64917.92,14,15,15.09,grocery,0
10710.78,28,65916.03,14,14,0.65,travel,0
15747.449999999999,53,73412.34,24,21,1.74,electronics,0
7527.599999999999,32,60371.86,11,20,11.8,grocery,0
16495.47,28,30525.39,15,6,4.63,travel,1
30554.399999999998,37,90546.5,26,12,14.88,travel,1
24644.52,29,103545.61,14,21,19.52,utilities,0
4361.37,31,47959.52,20,15,2.21,utilities,1
15486.689999999999,40,85133.64,10,16,4.07,entertainment,0
9714.36,28,65051.07,12,15,3.44,travel,0
12077.91,25,66058.75,11,11,10.08,utilities,0
47258.729999999996,30,77977.55,18,12,20.08,entertainment,0
82139.13,23,32546.95,26,1,130.43,travel,1
8518.14,22,97157.0,13,14,2.62,electronics,0
19473.57,18,48355.3,12,13,2.53,utilities,0
26142.75,30,54320.53,13,12,15.5,entertainment,0
26074.949999999997,29,81758.65,13,11,7.48,grocery,0
31775.52,24,40772.11,13,16,31.53,travel,1
5769.4800000000005,62,196680.56,16,10,6.93,grocery,0
14589.300000000001,27,49067.01,18,12,26.19,grocery,1
6132.12,46,46389.6,11,13,15.21,electronics,0
9834.78,28,37630.94,9,13,9.53,travel,0
32695.53,26,88792.07,13,15,11.0,entertainment,0
8203.77,49,62558.14,18,11,3.24,entertainment,1
4762.74,22,49729.84,12,17,14.01,entertainment,1
9930.81,18,67684.1,21,13,16.96,grocery,0
12037.89,39,63144.68,14,12,2.77,utilities,0
26321.100000000002,18,47019.93,33,7,61.52,travel,1
18772.14,25,61313.66,14,11,15.87,grocery,1
16010.61,29,38690.08,12,14,22.53,travel,0
85979.04000000001,35,115811.17,9,13,1.79,entertainment,0
5634.9,35,64665.78,12,8,3.81,travel,1
11427.69,33,32920.99,12,11,29.31,utilities,0
9252.81,19,48484.67,14,13,4.03,utilities,1
30233.79,33,78965.36,13,16,5.89,electronics,1
13615.11,23,60240.03,23,20,16.6,electronics,0
8991.42,25,60445.57,12,13,8.3,grocery,0
18732.66,37,102785.68,12,19,1.5,entertainment,0
5281.74,28,75807.24,9,16,14.29,electronics,1
6487.41,24,143742.02,22,15,2.8,electronics,0
25111.409999999996,44,71669.3,35,17,9.78,electronics,0
11582.31,33,36283.46,20,10,5.99,electronics,1
9623.55,35,31098.18,16,12,16.67,entertainment,0
13580.34,43,106560.48,15,10,12.28,electronics,0
21848.61,36,151096.58,14,15,2.94,entertainment,1
39279.24,23,22930.42,32,2,131.14,electronics,1
14427.810000000001,29,72934.83,10,20,10.22,grocery,0
12520.59,34,57522.7,10,8,7.21,entertainment,0
17647.11,28,48504.66,12,14,6.89,entertainment,0
15399.900000000001,29,45993.12,19,11,33.89,travel,0
15167.76,24,358948.62,13,14,12.2,grocery,1
44586.3,34,22022.99,22,17,37.8,electronics,1
22064.37,20,109286.61,17,12,16.94,entertainment,0
12322.89,40,52968.01,14,20,20.59,electronics,0
6860.61,46,139760.06,9,19,8.05,utilities,1
10800.18,32,52608.52,18,13,6.46,travel,1
8686.380000000001,28,31720.56,14,11,2.77,utilities,0
15483.060000000001,34,35335.13,18,15,14.97,travel,1
5498.549999999999,44,53127.03,10,18,32.14,entertainment,0
6315.8099999999995,23,38402.32,15,16,13.63,grocery,1
27554.760000000002,52,75079.37,15,13,4.2,utilities,0
38890.08,30,91847.68,13,8,32.09,entertainment,1
2245.32,21,200853.21,14,16,23.45,grocery,0
30870.449999999997,32,26238.91,20,11,10.63,electronics,1
17275.32,35,165753.76,17,15,2.67,entertainment,0
5545.68,25,45914.55,18,12,0.81,electronics,0
5225.88,50,36676.0,17,15,1.98,utilities,0
14705.43,23,105287.17,8,12,2.61,travel,0
38367.149999999994,46,70477.11,16,14,26.08,grocery,1
40238.28,36,70809.93,23,5,13.13,electronics,1
6168.6900000000005,32,127848.48,16,19,16.04,travel,0
26638.47,36,66392.85,10,9,16.31,utilities,0
40151.31,23,82388.75,34,2,12.46,electronics,1
24018.84,36,75070.01,14,22,7.0,electronics,0
5477.58,54,52045.39,17,10,21.08,grocery,1
5913.99,30,49945.83,15,13,24.48,entertainment,0
16884.449999999997,32,32746.0,22,20,6.33,electronics,1
41963.13,32,58799.64,21,14,8.1,entertainment,1
6627.0599999999995,31,113289.86,15,8,1.57,utilities,1
8906.34,48,44854.3,14,13,9.53,grocery,0
19518.39,46,45983.04,17,16,14.97,electronics,1
30003.21,34,66369.29,15,7,14.42,entertainment,0
29189.699999999997,37,39121.68,15,10,3.73,grocery,1
8680.95,25,287790.55,14,17,13.5,entertainment,1
9819.0,38,41799.92,14,14,2.9,grocery,1
17484.63,24,30784.25,17,3,33.53,travel,1
5119.11,54,72212.41,13,19,6.06,electronics,1
30999.300000000003,51,157703.81,21,10,3.87,entertainment,1
8161.68,31,123989.15,19,14,16.56,travel,0
13322.91,27,39076.04,11,13,3.07,travel,0
14568.150000000001,33,32517.76,22,8,29.63,electronics,0
6353.76,26,145938.66,13,19,0.37,utilities,0
19063.949999999997,35,42504.04,13,8,14.49,electronics,0
24652.71,18,64235.31,10,10,22.01,grocery,1
31583.58,37,47560.81,13,12,15.33,travel,1
26465.43,23,62290.57,11,16,14.49,travel,1
6921.42,35,48817.09,16,12,2.97,electronics,1
8849.73,29,55169.89,13,14,4.83,utilities,0
3301.1400000000003,35,44407.48,14,14,16.5,grocery,1
16987.68,21,105544.96,21,11,3.26,travel,1
15821.369999999999,50,106259.04,14,12,3.28,utilities,0
92176.70999999999,18,24906.91,22,10,32.08,travel,1
10239.06,31,68287.42,20,16,31.1,entertainment,0
9428.28,19,76090.73,20,13,29.32,travel,0
2711.2799999999997,48,107662.58,14,14,6.07,grocery,0
19296.420000000002,48,35556.59,12,8,8.64,travel,0
6760.23,33,280525.07,18,11,7.21,electronics,1
6190.41,41,32537.12,12,15,2.69,utilities,1
31858.53,34,202858.69,16,12,27.78,utilities,0
8169.27,38,141504.26,9,17,13.07,electronics,0
24409.050000000003,35,164544.42,18,15,3.58,entertainment,0
4853.9400000000005,21,28998.69,13,8,1.88,electronics,0
22799.79,26,143650.95,30,10,17.5,travel,0
46221.659999999996,51,102682.99,14,18,15.99,entertainment,0
54457.08,47,86358.87,17,14,1.16,entertainment,1
12231.45,37,66725.44,25,10,24.72,travel,1
8703.0,53,99665.79,13,16,12.11,electronics,1
15353.369999999999,44,28611.95,20,8,18.77,electronics,1
7841.52,21,24175.96,14,15,3.04,travel,1
9600.150000000001,50,65409.04,14,15,15.74,utilities,1
7179.210000000001,34,129030.95,13,11,6.79,electronics,1
6602.25,41,64728.97,14,12,12.98,utilities,0
37712.64,34,36239.46,12,8,26.53,entertainment,1
2977.8,24,81029.9,14,13,1.89,grocery,0
20502.300000000003,19,71126.83,16,10,7.73,grocery,0
4822.4400000000005,30,82753.0,11,11,0.78,utilities,0
9886.710000000001,26,55348.07,15,15,6.37,utilities,0
32044.56,38,100545.7,11,9,4.31,entertainment,1
9808.98,31,66601.64,17,20,0.62,entertainment,0
9021.33,33,100021.73,11,16,3.5,entertainment,0
22297.86,18,141660.3,31,5,59.19,grocery,1
34617.0,50,30558.39,19,17,2.0,grocery,0
11620.92,33,37992.85,13,21,1.59,electronics,0
15714.54,38,74887.09,14,9,3.27,entertainment,1
33835.32,20,69374.06,17,12,3.71,travel,1
31059.75,21,139901.65,10,9,16.54,travel,1
60900.81,35,28645.52,13,16,17.66,electronics,0
20252.31,34,35622.85,15,8,1.78,entertainment,0
19088.94,35,51443.01,13,9,27.59,electronics,0
14366.07,20,42773.07,10,10,16.66,travel,0
16566.03,40,65172.13,11,21,12.13,electronics,1
9541.77,25,62723.8,14,10,8.18,travel,0
41288.01,30,105466.4,10,12,3.34,travel,1
6576.900000000001,31,35737.98,13,22,23.32,grocery,1
5832.87,44,86582.22,21,17,15.86,grocery,1
26757.72,24,52327.64,14,9,2.84,grocery,1
29295.120000000003,33,48129.24,9,10,9.98,entertainment,1
12785.64,18,466460.84,16,21,7.32,electronics,0
23279.670000000002,34,92169.44,12,8,15.83,entertainment,1
5863.950000000001,24,27132.33,12,15,11.82,grocery,0
7084.08,50,99333.15,15,19,20.85,utilities,0
55846.68000000001,50,40086.71,14,19,2.01,electronics,0
18031.5,30,60710.33,22,14,26.6,grocery,1
8086.650000000001,30,23874.54,20,16,5.44,travel,0
7725.84,29,143725.38,13,13,2.57,entertainment,0
14654.73,39,19911.84,12,6,115.73,electronics,1
6985.530000000001,49,95957.02,12,14,7.53,electronics,0
16522.86,34,56779.81,12,12,2.49,entertainment,0
17194.14,18,22060.96,11,7,12.69,electronics,0
6806.43,24,175988.97,12,12,7.92,travel,1
16539.57,31,76397.22,11,16,8.06,utilities,0
53026.11,50,73535.02,14,9,3.55,utilities,1
11407.710000000001,39,27231.71,31,9,31.67,entertainment,1
19804.32,39,92584.35,13,12,3.33,travel,0
17378.52,29,34570.01,18,12,1.91,electronics,0
18857.61,22,91408.86,11,14,15.44,electronics,0
20153.579999999998,25,63520.89,13,16,26.89,grocery,0
8547.42,47,107658.15,11,11,2.6,travel,0
7615.349999999999,36,29343.74,13,11,14.8,utilities,0
5851.08,32,50931.18,12,17,2.48,utilities,0
4924.26,50,59818.32,14,16,14.09,entertainment,0
28384.89,24,58494.34,9,12,8.24,electronics,1
54439.979999999996,30,71479.87,12,13,15.59,electronics,1
56594.34,47,42888.23,28,13,19.94,electronics,0
13324.71,33,79873.58,12,11,18.15,entertainment,0
8158.11,24,31868.17,20,12,3.04,travel,0
7983.299999999999,39,57576.16,14,16,8.62,electronics,0
16932.93,23,52383.66,14,16,17.78,grocery,1
41248.05,21,61878.36,17,13,24.01,grocery,1
12221.880000000001,51,196894.79,14,13,7.12,entertainment,0
20039.91,24,43625.01,13,14,12.16,electronics,0
32209.649999999998,20,48882.62,13,11,16.13,travel,0
9943.710000000001,34,47846.3,18,10,2.63,entertainment,1
13643.28,32,85610.42,24,14,2.52,utilities,0
29230.56,30,33133.49,11,15,13.01,grocery,0
35050.71,25,50826.55,11,9,31.27,travel,0
8824.289999999999,44,47479.67,14,17,3.37,travel,0
8458.41,25,41106.46,26,17,5.72,electronics,0
37140.99,23,40309.65,20,4,17.52,electronics,1
10511.16,19,46255.75,16,9,0.77,utilities,0
6985.4400000000005,18,156276.94,13,17,22.95,grocery,1
5544.66,37,99869.16,14,7,12.96,electronics,0
16835.699999999997,22,129199.32,19,8,3.44,travel,0
39501.54,35,91960.0,13,13,14.85,entertainment,1
5075.5199999999995,30,76631.87,10,11,13.71,utilities,0
24993.27,37,83655.34,19,14,13.15,travel,0
7050.210000000001,32,92299.05,12,19,11.79,utilities,1
18766.38,24,125732.95,11,15,25.77,entertainment,0
10395.119999999999,29,40612.22,9,11,32.24,entertainment,0
5571.57,19,56983.31,13,6,27.79,grocery,0
5886.21,47,71277.6,14,14,25.18,grocery,0
16216.02,40,74788.94,18,17,13.51,electronics,1
93024.54000000001,23,29900.7,32,3,88.31,electronics,1
6048.2699999999995,50,211237.61,12,6,6.22,entertainment,0
6956.16,44,73889.0,14,15,9.34,utilities,0
8448.72,18,83364.39,13,15,17.95,electronics,0
8270.52,33,108660.54,11,17,1.01,electronics,0
14693.82,23,35382.22,24,7,5.1,travel,0
24154.68,26,42720.89,13,13,14.5,grocery,0
13275.75,48,88341.16,21,16,4.45,grocery,0
7911.93,38,192615.12,13,12,2.21,utilities,0
9271.11,38,104601.86,7,19,8.07,entertainment,1
19353.39,38,74912.46,13,18,2.84,electronics,1
14337.689999999999,48,23593.93,14,11,2.54,grocery,0
7780.289999999999,41,89562.9,14,16,8.89,utilities,1
6270.150000000001,18,36704.22,13,11,0.32,grocery,0
22847.699999999997,31,73056.52,17,17,26.04,grocery,1
4753.049999999999,45,268264.55,17,17,2.05,travel,1
6620.61,36,26946.7,18,15,7.87,travel,0
19373.670000000002,26,16710.37,30,9,26.31,electronics,1
22346.579999999998,33,52513.89,19,10,25.32,travel,0
29611.02,18,55268.61,21,10,11.51,electronics,0
7251.0599999999995,31,64063.67,12,13,15.22,utilities,0
12537.18,27,167105.88,18,13,1.28,electronics,0
66098.85,50,173329.84,19,13,11.95,electronics,0
18267.27,32,26239.18,36,1,44.91,electronics,1
29767.08,35,126916.29,15,16,30.63,travel,1
10680.09,46,54407.43,14,16,5.16,entertainment,1
9406.68,24,47652.24,13,20,27.6,grocery,0
14768.579999999998,33,75668.44,14,12,13.27,utilities,0
9256.56,19,95928.84,9,17,3.87,travel,0
4032.3900000000003,21,44179.83,14,17,10.23,utilities,1
25047.39,33,65508.31,18,11,29.06,utilities,1
7061.700000000001,29,83785.76,18,14,9.19,grocery,0
12270.150000000001,29,60810.43,14,12,6.41,grocery,0
7014.780000000001,18,25844.34,27,10,13.03,electronics,0
8583.539999999999,19,81152.32,18,12,9.21,entertainment,0
50820.03,42,34755.62,14,10,2.51,travel,1
31593.600000000002,50,40103.32,14,4,0.74,travel,1
7531.200000000001,42,31830.52,14,15,14.15,entertainment,0
22225.02,44,227090.48,19,9,8.05,travel,1
8692.08,28,53028.0,14,17,9.11,utilities,0
32442.75,34,26768.52,31,0,12.45,electronics,1
10274.55,33,55696.03,10,17,10.89,travel,1
8746.98,18,65263.26,10,20,7.18,grocery,0
20999.43,39,41543.1,29,21,7.87,electronics,1
7166.73,25,51350.61,13,11,6.47,utilities,0
28332.899999999998,23,119426.36,18,13,2.87,electronics,0
3041.55,27,48629.31,14,16,24.09,grocery,0
3297.42,18,49453.33,15,16,1.47,grocery,0
7559.700000000001,43,93771.16,18,16,5.09,utilities,0
28641.629999999997,32,36341.14,16,15,9.68,utilities,0
51892.83,24,65237.19,25,4,66.58,electronics,1
24785.370000000003,35,121120.41,14,15,4.64,utilities,0
14711.79,19,38427.45,27,10,23.59,electronics,1
19301.34,18,55866.62,18,22,8.0,entertainment,0
36871.68,31,158713.83,23,9,30.37,electronics,1
12607.560000000001,25,42117.25,35,3,27.13,travel,1
14034.449999999999,40,59967.35,9,14,2.38,electronics,0
9855.18,27,47578.17,12,20,12.97,utilities,1
30047.79,41,308170.99,13,16,21.67,entertainment,0
18105.87,30,132422.29,18,13,3.43,utilities,0
22834.829999999998,33,106139.76,14,14,14.6,electronics,0
27667.32,18,118445.45,36,22,101.18,electronics,1
40041.99,32,43195.69,32,11,11.3,electronics,1
14054.76,32,147878.94,11,20,3.05,entertainment,1
9229.02,26,47187.83,22,16,0.89,grocery,0
16504.829999999998,40,66200.43,14,20,12.02,electronics,0
16485.449999999997,27,266040.0,12,12,13.68,grocery,0
8538.72,31,19350.8,13,9,19.28,travel,1
52447.47,24,42013.85,11,13,7.26,utilities,0
26844.36,21,50488.82,10,23,29.11,electronics,0
10774.08,41,120383.78,18,14,13.82,travel,0
20424.0,33,119347.4,18,18,0.15,utilities,0
16718.010000000002,18,111974.38,12,13,2.27,entertainment,0
1593.6000000000001,25,43352.01,18,14,11.48,grocery,0
27082.53,27,60777.4,14,14,14.57,utilities,1
7069.049999999999,35,95151.25,14,14,18.69,entertainment,0
8029.469999999999,32,109138.07,15,23,14.72,electronics,1
44693.01,25,128643.72,14,8,4.2,travel,0
31070.43,30,107569.43,11,10,2.7,utilities,1
16876.29,56,20305.7,13,16,25.59,utilities,0
2332.2599999999998,29,86747.29,14,18,7.23,grocery,0
5037.21,30,27645.61,13,15,9.81,grocery,1
6720.48,29,158106.23,16,9,10.75,grocery,1
26823.18,31,71278.13,13,11,18.5,electronics,1
23083.170000000002,48,128684.53,18,8,14.48,travel,0
9282.78,38,172050.49,13,19,12.94,grocery,0
4820.28,34,63798.81,19,9,4.73,entertainment,0
14192.550000000001,23,187752.43,17,9,18.5,grocery,0
50709.240000000005,35,125985.57,16,12,27.71,entertainment,0
17759.73,46,114633.45,17,15,14.79,utilities,0
5680.83,27,22690.75,21,14,6.75,utilities,0
9121.349999999999,34,146195.08,15,9,31.74,utilities,1
29861.07,31,46807.23,14,9,26.23,utilities,0
8494.08,42,37967.68,17,23,33.97,electronics,1
11539.710000000001,18,40592.14,26,5,91.73,grocery,1
18981.06,39,77504.44,18,13,10.13,utilities,0
6987.18,41,107569.84,21,9,11.2,utilities,0
12221.64,38,31367.3,13,15,15.86,electronics,0
24922.649999999998,18,100552.22,21,13,16.14,entertainment,0
17630.73,20,47891.56,25,0,29.57,travel,1
13601.310000000001,18,39343.35,13,12,7.77,travel,1
6900.39,30,55301.43,14,11,12.98,entertainment,0
5752.799999999999,43,61915.64,14,23,5.79,grocery,0
5239.86,31,83485.09,21,16,2.69,grocery,1
5943.42,24,26706.91,16,12,19.53,utilities,0
8526.210000000001,30,118436.12,13,8,1.79,entertainment,0
47841.06,28,88285.8,10,8,3.34,entertainment,0
15962.28,29,76658.23,13,10,16.9,utilities,0
25015.47,31,21892.88,9,12,4.04,travel,0
26748.600000000002,25,68869.82,14,13,6.59,entertainment,0
22721.16,25,86726.89,16,14,11.03,grocery,1
56310.84,31,121681.16,29,8,23.6,travel,1
24104.699999999997,28,38942.68,15,12,2.77,entertainment,1
15129.84,35,57801.03,15,12,2.55,grocery,1
21029.25,34,222002.57,14,10,18.88,travel,1
31237.83,52,89010.22,13,10,2.87,travel,1
15561.54,51,227840.6,10,17,1.86,entertainment,0
33219.479999999996,27,34868.02,25,6,40.13,grocery,1
8196.93,20,71558.03,12,15,2.8,entertainment,0
14762.73,33,102044.08,14,13,26.88,entertainment,1
45413.37,26,108254.3,15,12,25.45,utilities,1
29867.79,32,85537.0,18,9,14.14,utilities,1
32784.87,18,37214.17,22,3,105.45,electronics,1
8821.380000000001,21,107780.87,10,12,33.01,entertainment,1
19496.670000000002,25,50168.84,31,7,136.71,travel,1
8352.210000000001,33,108120.84,14,13,16.61,utilities,1
4829.5199999999995,36,37487.58,19,9,7.78,electronics,1
16465.53,43,96369.2,12,9,2.06,utilities,0
19170.66,22,87573.18,20,12,7.88,travel,1
2550.27,46,50437.74,13,17,7.35,grocery,0
24296.85,23,104124.91,13,13,7.14,travel,0
16667.699999999997,22,68433.12,23,19,22.19,electronics,1
9475.44,24,82273.33,18,8,13.82,electronics,0
9945.630000000001,54,41420.25,13,15,27.26,utilities,1
53827.770000000004,28,42424.77,13,7,12.39,entertainment,1
4692.75,31,39664.36,19,10,7.86,grocery,0
9278.22,33,189854.74,13,23,15.19,entertainment,1
7019.49,40,77331.8,14,8,12.83,entertainment,0
31087.800000000003,48,180600.5,13,16,33.45,electronics,1
6299.61,36,44697.63,14,16,2.15,grocery,0
6449.969999999999,48,65208.81,13,18,6.99,grocery,1
16924.23,22,164277.22,21,11,6.33,travel,0
35783.64,24,64782.1,10,11,1.15,electronics,0
5863.0199999999995,56,186323.0,13,13,2.27,entertainment,1
23244.75,46,149517.4,13,14,22.77,grocery,0
60979.44,24,42130.2,21,23,30.65,electronics,1
38907.899999999994,30,44587.22,19,14,9.71,utilities,0
26407.92,19,100673.5,14,10,24.2,utilities,1
4601.3099999999995,27,26564.46,13,12,10.72,electronics,1
10258.83,27,71522.37,15,13,20.64,grocery,0
11483.19,43,62327.28,12,14,28.0,utilities,1
25160.010000000002,32,82549.86,20,10,8.65,grocery,0
14240.97,43,141294.41,15,20,12.64,grocery,0
27002.699999999997,30,85534.52,14,13,14.01,utilities,0
26573.699999999997,39,85083.28,13,12,0.44,entertainment,0
12370.77,33,40375.1,14,19,2.08,electronics,0
8890.44,38,25279.21,17,14,6.74,electronics,0
13676.49,30,64477.27,18,14,19.96,grocery,1
33772.05,31,238815.46,14,11,1.47,utilities,1
29860.050000000003,25,48210.84,34,4,128.66,electronics,1
10968.84,53,76183.63,14,11,5.13,electronics,0
7444.89,32,54248.57,14,14,2.52,entertainment,1
17538.989999999998,32,216070.37,13,14,50.31,entertainment,1
6519.6900000000005,30,82392.61,14,15,8.99,entertainment,0
10946.91,23,108143.48,8,16,16.26,travel,0
12370.619999999999,49,120539.53,14,14,15.98,utilities,0
40259.61,24,89271.6,12,8,13.73,entertainment,0
10218.27,20,51864.87,13,10,1.12,travel,0
11611.83,40,75831.15,14,11,26.82,entertainment,1
20497.079999999998,25,125547.98,27,13,25.79,grocery,0
8999.31,19,30492.57,21,16,14.95,electronics,0
11071.5,35,341014.08,14,15,3.82,entertainment,0
7121.64,21,39884.42,14,13,33.18,entertainment,0
23217.510000000002,18,51620.13,11,8,0.96,travel,1
17555.52,46,62281.47,19,8,3.2,travel,0
3919.71,54,159487.6,13,11,9.6,grocery,0
16518.15,36,35546.35,23,10,17.03,travel,1
8794.2,22,92654.17,13,11,13.76,utilities,0
29095.14,24,42007.72,25,3,123.44,electronics,1
6409.38,30,22756.77,14,13,3.21,electronics,0
21529.47,40,112487.93,14,17,10.69,utilities,0
12336.900000000001,41,24778.58,19,17,26.2,travel,0
23039.28,39,62313.69,10,10,10.8,travel,0
14525.939999999999,39,38435.19,13,14,1.58,entertainment,1
44492.94,23,54557.36,21,13,9.22,travel,0
5099.49,32,35403.76,13,16,2.0,travel,0
7107.84,26,74558.35,10,15,4.43,grocery,0
5847.450000000001,18,72473.49,12,17,12.36,travel,0
14741.82,37,49185.17,13,15,33.44,grocery,1
16713.06,31,102823.98,20,18,12.62,utilities,1
12302.46,48,48695.69,9,11,12.24,electronics,1
10575.210000000001,33,136769.72,13,17,0.0,grocery,0
39331.62,51,111436.85,13,11,26.43,entertainment,0
25009.379999999997,45,42122.88,14,14,9.37,electronics,0
3956.76,21,77928.59,22,14,26.25,grocery,1
9925.5,30,80507.94,16,18,23.84,entertainment,0
7232.789999999999,42,135482.94,20,13,18.02,travel,0
7154.219999999999,38,54883.2,14,14,10.14,utilities,0
15456.119999999999,20,91873.45,14,8,2.19,electronics,0
48746.94,27,31135.68,18,12,18.38,travel,0
17483.79,31,71138.76,14,14,2.38,entertainment,0
8224.349999999999,46,64687.35,17,14,3.88,electronics,0
9135.51,23,31004.63,9,13,26.46,entertainment,1
22023.84,25,82994.67,15,15,13.1,entertainment,0
8293.47,44,66033.89,11,14,11.95,electronics,1
17513.550000000003,31,59254.15,18,9,14.74,travel,0
5531.58,18,43481.6,12,14,3.41,grocery,0
14619.39,18,70084.3,16,16,28.18,utilities,1
6067.7699999999995,25,201757.23,13,11,3.42,entertainment,0
14855.76,19,42627.54,26,1,61.66,electronics,1
33334.83,37,42501.47,22,14,6.71,electronics,1
7526.219999999999,25,76887.64,14,11,8.93,utilities,0
11049.24,25,30674.88,13,15,2.15,electronics,0
29403.21,45,208941.81,20,9,13.75,travel,0
10236.900000000001,27,195910.41,15,10,1.27,electronics,1
3899.01,40,73968.09,17,12,14.24,utilities,0
26927.399999999998,44,69169.28,13,10,10.65,travel,0
5956.74,25,72698.61,10,10,7.24,electronics,0
25397.28,52,76417.77,20,12,12.63,utilities,1
61298.81999999999,20,73762.24,31,3,7.28,travel,1
10305.66,24,36217.83,11,9,2.47,utilities,0
10744.349999999999,26,40758.3,14,19,21.87,travel,0
44187.3,52,150016.65,12,19,18.89,utilities,0
13524.84,22,84908.42,13,12,6.49,entertainment,1
10935.39,39,112553.89,17,14,9.37,travel,0
12137.099999999999,32,55070.75,18,14,2.85,grocery,1
34927.350000000006,33,90051.41,12,8,3.77,utilities,1
11725.86,20,69072.56,18,15,17.15,travel,0
15760.98,19,43350.51,13,11,23.79,electronics,1
3603.84,41,38222.11,16,22,6.95,travel,0
37337.340000000004,23,40728.81,10,8,3.72,entertainment,0
6775.38,29,86014.51,12,14,9.22,utilities,1
8002.950000000001,48,44212.44,26,8,10.16,travel,0
5073.09,43,39753.07,20,13,12.36,electronics,1
21551.43,57,25336.55,13,19,11.76,utilities,1
6764.16,45,84732.19,21,13,2.29,utilities,0
20248.050000000003,20,121200.46,17,13,14.26,entertainment,0
7954.59,27,44845.55,12,13,16.13,travel,0
10137.960000000001,22,34964.4,13,15,14.9,travel,0
15865.29,18,85103.78,18,10,15.0,electronics,1
22875.329999999998,22,80206.38,27,11,6.74,utilities,0
15686.34,48,99299.19,23,5,27.9,electronics,1
27143.43,41,33603.99,20,12,27.49,travel,1
7431.12,37,140704.11,16,18,29.08,electronics,1
5316.39,32,49248.91,21,9,9.62,utilities,1
3023.3999999999996,28,76903.46,12,11,11.49,electronics,1
18864.239999999998,22,141145.19,13,13,0.92,travel,0
6237.39,34,59135.48,14,12,8.38,electronics,1
22351.079999999998,21,73680.33,25,17,9.56,travel,0
6338.58,42,56656.86,21,17,9.56,utilities,1
7792.41,19,225952.62,16,11,3.25,entertainment,1
15069.51,27,58506.07,24,9,18.03,electronics,1
12117.84,39,83618.26,9,12,0.0,electronics,0
26685.39,26,40733.83,18,19,5.79,utilities,1
9266.01,30,87955.93,15,19,2.5,travel,1
20015.25,18,74722.84,15,23,26.76,grocery,1
28400.489999999998,23,32561.37,15,9,6.72,entertainment,0
10025.49,36,99581.51,13,11,2.49,entertainment,0
30860.909999999996,29,197526.67,13,13,1.62,electronics,0
23946.06,21,22357.93,19,9,15.48,entertainment,1
12494.34,45,100303.06,13,12,7.74,utilities,1
47534.909999999996,36,54326.94,21,11,20.42,travel,1
21917.52,28,32556.33,13,13,6.0,electronics,0
9170.789999999999,42,84027.38,16,20,30.31,electronics,0
27700.92,34,53734.11,10,15,11.0,travel,0
17242.62,34,75201.86,31,8,32.55,electronics,1
49433.79,65,92047.19,14,9,3.2,entertainment,0
49017.479999999996,34,47541.4,18,12,4.66,utilities,0
15198.18,36,42193.63,15,10,3.96,entertainment,0
6245.82,44,27872.79,10,14,23.77,entertainment,0
7333.77,27,62102.82,14,18,14.86,grocery,0
51620.549999999996,18,52613.2,13,13,1.83,grocery,1
6112.41,43,59134.38,13,10,0.47,electronics,0
29613.36,42,230643.23,21,10,5.54,grocery,1
8963.25,24,80480.3,18,12,16.67,utilities,0
6018.03,28,116558.62,10,13,3.32,entertainment,1
25962.21,45,38878.62,12,10,1.64,utilities,0
5312.700000000001,58,83355.39,14,15,22.55,utilities,1
11181.599999999999,48,34321.24,16,10,8.97,utilities,1
34971.659999999996,39,50072.15,23,20,7.62,travel,1
35104.86,35,40120.29,13,11,14.23,entertainment,0
11069.67,40,71025.7,14,13,2.08,utilities,0
8899.619999999999,26,32130.09,14,13,2.4,entertainment,0
5482.17,38,26326.58,13,16,9.55,entertainment,1
38353.590000000004,24,39331.53,15,11,14.08,utilities,0
10824.48,30,56249.2,14,10,9.69,utilities,0
10521.03,35,108138.89,13,12,1.19,entertainment,0
8793.99,25,41886.24,18,13,13.83,entertainment,0
13513.170000000002,23,25978.37,33,1,47.33,travel,1
24930.989999999998,31,63112.07,14,7,4.61,electronics,1
19179.48,21,23346.92,14,7,10.85,travel,0
20765.010000000002,35,22406.68,12,22,2.22,electronics,0
7219.68,30,36750.66,14,14,13.27,grocery,1
15228.96,31,83459.56,14,16,1.87,travel,1
74520.15,32,124372.46,16,8,6.16,utilities,1
11027.61,33,41424.93,17,17,20.13,travel,0
10588.14,31,60452.91,19,20,11.53,entertainment,1
22837.53,18,31776.59,16,9,5.64,electronics,0
8078.1900000000005,46,55718.42,15,10,4.97,travel,0
11795.460000000001,22,39686.96,7,14,5.93,utilities,1
6556.98,24,196759.26,16,9,29.23,electronics,1
28701.449999999997,33,24050.32,14,15,44.24,entertainment,0
22201.199999999997,47,21315.53,14,11,13.15,grocery,0
19612.050000000003,45,86250.38,11,19,1.74,electronics,0
16734.12,49,40463.2,19,10,6.57,utilities,1
8011.41,19,80147.55,12,12,20.38,electronics,0
25618.71,27,157819.15,15,17,7.86,entertainment,0
8319.3,25,23545.13,20,14,21.85,utilities,0
10231.77,30,47945.13,13,14,8.67,electronics,0
34351.26,18,46450.69,14,17,10.73,electronics,0
7212.87,33,41946.55,13,13,25.62,grocery,0
14743.77,20,174735.79,18,13,5.95,travel,0
26362.11,48,30621.03,13,13,0.41,grocery,0
5727.450000000001,52,118472.28,20,14,1.84,travel,0
27059.07,58,47512.51,18,9,4.21,entertainment,0
15105.689999999999,37,76370.88,9,11,14.87,entertainment,0
17337.06,21,63684.31,13,11,2.68,grocery,1
15945.630000000001,37,79336.16,20,7,31.72,travel,1
9029.82,33,160559.17,14,13,2.29,travel,1
5560.4400000000005,19,45988.78,12,9,4.43,entertainment,1
5867.97,33,49621.62,11,18,20.21,utilities,1
10567.98,48,84251.86,14,20,29.88,utilities,0
17251.170000000002,53,66173.5,18,12,6.57,utilities,0
43427.31,31,43009.79,26,9,10.99,electronics,0
37249.32,32,58224.47,14,14,1.82,entertainment,0
46372.979999999996,18,88085.18,20,10,7.82,travel,1
13410.66,35,43121.47,18,9,23.32,entertainment,1
34890.57,18,60158.6,10,12,20.49,travel,1
25896.42,46,34300.29,15,11,29.19,entertainment,0
7766.67,27,37581.03,14,16,18.25,utilities,0
5583.57,47,169509.66,15,12,12.44,utilities,0
16880.07,31,69285.61,15,9,20.26,utilities,1
13182.96,29,42027.93,12,12,15.21,grocery,0
56243.81999999999,18,27256.01,36,4,46.37,travel,1
23872.050000000003,30,81531.48,20,14,16.45,grocery,1
16084.380000000001,32,44905.36,14,12,15.39,utilities,0
15735.300000000001,37,39477.0,14,10,13.55,utilities,0
21578.22,18,62624.61,20,19,14.74,travel,1
6945.84,42,89793.82,14,12,26.74,entertainment,0
11281.74,36,67055.99,14,22,8.39,utilities,0
40642.08,33,65520.2,13,21,2.39,utilities,0
8853.24,41,90746.49,14,11,8.2,utilities,0
9466.32,45,126557.83,21,10,9.6,electronics,0
15016.26,55,130203.01,12,14,16.72,travel,0
11117.130000000001,28,57216.04,21,22,26.21,grocery,0
7695.150000000001,30,115087.54,13,12,5.6,electronics,1
19090.71,36,137359.55,21,8,4.51,entertainment,0
21252.03,24,67629.66,13,13,3.15,entertainment,0
15458.28,29,19985.98,11,14,3.05,utilities,0
15108.27,39,66737.12,9,11,2.44,entertainment,1
10110.99,31,163446.46,14,16,16.76,electronics,0
34819.8,34,38462.38,11,10,30.78,travel,1
26565.239999999998,34,84632.56,13,13,3.06,utilities,1
24590.19,23,103851.22,18,14,20.82,electronics,0
5379.93,27,78102.2,11,15,5.0,electronics,1
73344.27,42,39199.9,29,10,59.58,electronics,1
8426.130000000001,34,124384.28,24,14,31.75,utilities,1
24254.07,18,55505.66,27,20,44.57,electronics,1
32253.899999999998,37,26436.35,11,16,16.29,travel,0
9388.5,34,91307.58,18,18,29.34,utilities,0
16560.0,30,70667.58,14,10,11.21,utilities,0
5726.34,24,36984.06,14,13,11.4,utilities,0
18613.02,27,133085.79,12,13,10.44,grocery,1
77492.37,31,89128.46,19,10,5.29,electronics,1
41975.46,25,81352.1,17,8,3.81,travel,0
20320.59,27,27728.3,14,3,18.68,grocery,0
7156.349999999999,22,180625.31,14,15,22.27,electronics,0
23460.989999999998,48,42380.2,13,14,31.98,utilities,1
21622.41,23,29133.41,22,13,7.19,electronics,0
54058.950000000004,30,53471.9,10,12,6.98,electronics,1
13597.199999999999,48,35738.3,17,17,17.48,travel,0
9707.039999999999,35,70756.04,22,10,21.23,electronics,0
8503.47,45,100909.22,14,12,2.79,utilities,0
6640.41,51,109313.47,15,13,4.46,utilities,0
22161.96,26,166563.8,13,15,15.84,travel,0
5790.0599999999995,56,28429.82,9,14,26.22,utilities,1
6121.32,23,90177.12,14,11,2.93,entertainment,0
9961.92,43,46051.26,15,9,7.31,utilities,0
32306.73,31,98643.73,13,13,28.03,electronics,0
9543.869999999999,45,78364.2,20,15,6.96,electronics,1
7759.23,34,249723.62,14,13,23.17,grocery,0
3211.5299999999997,27,79186.97,15,11,25.99,travel,0
9873.93,48,78991.03,13,8,24.83,travel,0
17981.1,36,101585.32,15,14,16.18,travel,0
4726.5,36,33897.52,15,15,2.48,electronics,1
11408.34,41,28541.59,15,9,11.89,entertainment,0
11555.369999999999,28,64038.96,18,17,11.77,travel,0
35608.38,19,54848.71,26,17,2.11,travel,1
12285.539999999999,27,57951.11,14,10,29.69,entertainment,1
16264.86,32,27168.94,11,17,21.34,travel,0
56329.14,50,66933.99,13,18,0.0,electronics,1
7453.799999999999,39,65398.65,13,17,21.32,grocery,0
31375.53,29,37832.25,13,17,25.34,grocery,0
24351.72,24,86090.96,13,13,1.66,travel,1
30581.340000000004,40,172608.79,14,14,16.37,grocery,0
26684.22,54,24179.84,23,3,85.59,travel,1
16626.6,32,31722.75,18,13,25.73,entertainment,0
22678.59,42,82505.12,13,14,13.17,utilities,0
6871.799999999999,37,20993.74,26,20,8.12,electronics,1
9142.77,31,88238.37,9,16,23.64,grocery,0
16396.829999999998,43,73419.48,16,8,16.79,electronics,0
9529.02,23,93582.37,12,15,31.29,entertainment,1
5994.36,34,55488.1,12,13,19.48,entertainment,0
16901.22,46,40867.71,14,17,6.29,grocery,0
39714.39,19,38940.62,20,8,8.41,travel,1
24557.73,34,40873.79,14,9,7.8,entertainment,1
11844.539999999999,18,119954.0,12,15,3.62,utilities,0
44032.53,31,37105.67,17,12,20.29,electronics,0
25216.83,36,108324.65,13,12,5.77,entertainment,1
16218.300000000001,43,54778.27,15,16,16.72,travel,0
18728.07,27,63410.81,23,14,17.62,grocery,0
5374.08,53,49553.35,15,11,4.13,grocery,0
6056.28,39,99851.21,13,19,6.69,grocery,0
29001.57,18,69197.84,14,14,18.84,electronics,0
13394.550000000001,22,30719.94,13,16,13.54,electronics,0
4956.24,23,54154.77,12,12,26.6,grocery,0
22449.18,48,53377.92,18,12,2.25,utilities,0
15156.39,32,56246.08,20,11,12.29,utilities,1
8715.66,27,58144.28,11,12,17.91,travel,0
21480.6,38,47632.38,16,15,4.43,utilities,0
14683.5,31,90144.47,12,10,24.34,travel,0
52880.64,22,133113.45,18,14,7.09,utilities,0
16162.74,50,43014.68,22,10,18.4,travel,0
16531.41,23,140964.88,24,16,16.75,travel,0
7554.27,31,41853.01,21,11,26.69,entertainment,0
5741.1,18,33409.68,15,16,10.98,entertainment,1
7933.5,31,81404.21,21,13,4.74,entertainment,1
20142.18,22,29453.93,20,13,15.8,electronics,0
25417.649999999998,18,54698.13,23,12,7.18,electronics,0
4233.33,53,94018.64,12,15,9.62,utilities,0
13905.150000000001,52,197934.89,21,14,14.72,utilities,0
14388.0,18,35898.44,19,7,10.7,electronics,0
23301.66,31,40123.74,21,14,26.52,electronics,0
28072.83,30,45034.45,10,10,3.81,travel,0
16228.14,27,77562.73,28,9,6.04,travel,1
31235.61,27,94086.66,13,12,27.17,utilities,1
24052.11,18,74435.65,13,10,12.07,electronics,0
50150.31,28,64842.06,10,11,8.27,travel,1
14208.599999999999,28,100985.71,14,16,5.12,entertainment,0
23952.420000000002,19,88082.62,17,15,9.55,entertainment,0
25733.25,25,115116.09,19,14,13.59,travel,0
21594.84,32,34428.53,24,3,91.47,travel,1
96885.51,19,84510.34,22,10,5.98,electronics,1
11155.32,35,145714.54,17,14,17.43,utilities,1
10086.81,25,51073.32,16,20,11.51,utilities,1
27049.92,26,53845.07,21,15,6.7,utilities,0
11091.119999999999,35,75249.69,10,9,2.92,grocery,1
4762.9800000000005,31,63069.37,12,12,5.01,entertainment,1
41413.979999999996,30,53976.41,16,15,1.37,utilities,0
2216.16,45,21550.74,16,21,10.85,grocery,1
51534.36,44,28137.99,21,12,21.75,electronics,0
25811.25,23,26563.04,21,14,2.72,utilities,0
15064.170000000002,34,74220.62,13,10,4.21,entertainment,0
8918.07,32,48285.59,21,14,17.4,utilities,0
17309.91,24,68498.56,12,12,17.52,entertainment,1
9967.83,18,99991.51,27,9,1.23,electronics,0
6110.76,18,11259.67,10,10,15.47,travel,1
24447.69,18,70724.06,11,11,3.33,travel,1
15395.01,19,208972.46,14,6,2.73,entertainment,1
43984.71,36,68948.99,14,13,10.94,entertainment,0
7164.66,27,37780.82,14,19,19.9,grocery,0
4731.66,24,91207.91,18,13,15.73,grocery,1
19829.25,29,42976.53,21,13,18.12,grocery,0
13774.47,27,110467.36,13,8,24.77,travel,0
6412.83,23,40055.08,27,16,21.43,electronics,0
6643.98,38,27765.48,14,10,24.51,electronics,0
8536.86,21,67391.69,13,16,10.68,utilities,0
33776.28,39,22530.59,25,12,10.61,travel,1
20353.38,29,64156.1,19,16,25.54,travel,0
6988.11,40,48832.33,20,12,11.02,entertainment,0
27782.340000000004,32,53894.71,14,15,16.96,utilities,0
17879.489999999998,29,78306.75,12,13,29.17,travel,1
24171.239999999998,23,56298.83,9,14,20.34,utilities,0
69119.01,27,57950.98,14,20,25.96,electronics,1
50323.200000000004,23,32470.97,28,2,67.2,grocery,1
16507.98,26,61467.56,12,20,3.58,utilities,0
13283.369999999999,29,36607.14,12,11,7.84,entertainment,1
32744.399999999998,30,196888.46,22,17,2.45,electronics,1
6207.539999999999,35,39006.1,18,15,19.39,utilities,1
58899.450000000004,29,33141.49,13,19,21.16,entertainment,0
32988.03,38,136560.87,12,13,3.36,entertainment,0
11082.45,49,48086.61,10,14,3.09,utilities,1
12690.72,24,55807.21,10,12,3.39,grocery,0
5267.13,27,137512.37,12,16,2.38,travel,1
12033.03,23,175073.15,13,15,2.98,utilities,1
31728.090000000004,41,56601.7,14,15,27.72,utilities,0
11264.28,28,40798.4,11,15,17.82,travel,1
26565.629999999997,30,47565.69,11,9,18.75,entertainment,0
7240.32,21,73255.89,19,10,12.43,electronics,1
25389.48,63,41972.38,12,19,2.27,electronics,0
7060.59,21,77663.17,13,12,12.56,utilities,0
22777.829999999998,31,136751.3,15,11,3.38,grocery,0
5080.9800000000005,28,49232.74,21,15,15.5,grocery,0
44785.590000000004,27,50871.44,13,11,7.89,travel,1
16357.74,23,15456.7,24,19,28.36,electronics,0
9660.69,41,36907.11,11,14,5.55,electronics,1
6576.599999999999,28,170798.71,17,11,0.71,travel,0
10157.61,34,60180.28,18,10,22.02,utilities,0
9417.18,21,63178.58,14,18,3.32,travel,0
9943.59,26,132812.28,14,16,6.22,utilities,1
8949.57,23,210239.53,13,12,2.42,grocery,0
6560.67,29,41505.71,13,10,19.07,entertainment,0
11799.24,40,67351.86,17,14,10.71,utilities,0
9182.039999999999,47,89422.7,20,8,29.9,entertainment,1
24205.079999999998,29,86169.82,21,18,9.33,electronics,0
30195.120000000003,30,90294.67,9,10,36.03,travel,0
11113.02,44,89212.93,11,12,0.17,travel,0
13432.89,44,56802.27,11,14,27.02,utilities,0
12234.81,38,440046.41,13,10,2.5,entertainment,0
11755.619999999999,38,120351.91,15,9,1.91,entertainment,0
25096.23,48,67151.95,13,22,31.41,electronics,1
7151.3099999999995,27,198056.29,13,16,10.34,entertainment,1
22151.010000000002,18,40924.69,17,9,5.95,electronics,0
26452.71,44,40734.43,25,5,32.12,travel,1
5306.88,19,61181.22,14,11,11.12,grocery,0
17974.920000000002,34,84460.97,16,16,4.09,electronics,0
11479.92,18,68897.89,20,17,11.68,electronics,0
51973.200000000004,58,71245.24,15,14,13.37,grocery,0
9456.33,30,28745.3,13,17,6.98,grocery,0
4495.5599999999995,27,63714.84,13,14,19.98,grocery,1
14526.51,28,76716.49,21,13,17.0,grocery,1
13189.68,44,26042.02,11,16,25.67,electronics,0
14467.829999999998,19,42943.84,27,12,23.99,travel,1
17193.75,19,57085.74,14,18,21.91,utilities,0
25241.010000000002,30,94185.01,11,18,16.08,entertainment,1
9706.650000000001,45,101922.3,13,11,10.63,travel,1
39586.8,21,78670.13,26,7,15.07,grocery,1
8667.33,40,72050.3,14,10,15.26,entertainment,0
8846.19,52,91184.14,15,13,1.5,utilities,0
47927.67,32,91526.55,14,9,3.55,entertainment,0
49004.100000000006,37,65797.19,13,14,19.36,utilities,0
12926.07,18,101821.83,14,16,2.31,travel,0
15039.99,26,44245.75,10,18,4.65,entertainment,1
31366.08,24,56331.61,12,14,13.05,electronics,0
8830.86,35,54115.1,23,7,28.0,electronics,1
14624.099999999999,35,75450.24,13,14,3.6,utilities,1
8588.400000000001,23,86767.46,16,14,2.29,electronics,1
6452.3099999999995,18,74323.18,14,13,2.04,utilities,0
10892.7,29,203233.34,11,14,6.89,utilities,1
6304.289999999999,34,159869.91,15,13,0.45,electronics,1
17183.52,25,23419.58,21,2,20.38,grocery,1
19446.06,27,51814.0,10,9,18.0,entertainment,0
21972.27,44,66007.37,14,14,3.67,grocery,0
6870.36,26,43637.81,13,14,10.75,entertainment,0
11535.48,47,36529.83,13,16,17.13,travel,0
16656.09,23,104654.61,25,17,2.61,travel,0
9255.630000000001,22,32247.22,11,13,0.78,travel,0
16529.52,41,45220.79,10,16,16.12,entertainment,0
6151.59,24,111013.97,10,12,1.45,entertainment,0
17091.48,52,242126.58,14,11,0.87,entertainment,0
7315.92,46,49432.43,17,10,8.06,utilities,1
18654.78,44,25439.69,14,22,5.83,utilities,0
23369.13,61,34818.98,10,16,7.41,utilities,0
14943.99,38,91070.04,13,14,3.73,entertainment,0
36871.86,45,87222.88,23,8,11.13,electronics,1
11425.26,36,84573.35,13,20,2.57,entertainment,0
21628.35,46,37297.87,19,16,0.08,travel,0
15847.86,33,37181.53,27,12,25.15,grocery,0
15387.18,34,25817.61,16,10,3.12,utilities,0
37881.899999999994,20,62997.81,25,7,8.41,travel,0
25688.010000000002,45,55141.87,13,13,10.91,utilities,0
13133.670000000002,25,45924.54,14,12,14.76,utilities,0
14477.76,46,46667.27,14,14,7.52,travel,0
5169.93,20,88628.19,15,14,10.15,utilities,0
32844.87,26,25047.62,20,13,2.36,electronics,0
7448.099999999999,21,90219.23,15,12,11.51,utilities,0
35666.97,29,165760.44,13,10,8.22,travel,1
11725.11,47,98784.85,12,21,11.87,utilities,0
23400.75,23,58506.46,13,12,13.3,utilities,1
42145.74,45,22798.02,14,11,1.57,utilities,0
4319.67,18,144033.59,14,11,26.48,travel,0
11479.47,31,44191.7,13,16,1.44,electronics,0
9336.03,54,47586.47,20,11,18.03,grocery,0
10148.52,19,59876.07,14,11,17.06,utilities,0
22780.079999999998,22,102469.06,11,12,26.01,electronics,0
27441.149999999998,18,56963.13,10,17,1.17,entertainment,1
19773.93,32,77158.25,18,17,28.43,entertainment,0
22038.39,41,35820.99,11,15,16.77,grocery,1
4192.62,33,106424.92,18,10,0.17,grocery,0
31257.899999999998,23,119367.79,10,12,0.71,utilities,0
15596.07,63,97494.23,11,15,1.95,utilities,0
3710.31,32,72177.4,14,14,1.58,grocery,0
24141.989999999998,18,53705.59,28,13,16.47,grocery,1
33827.850000000006,20,52882.08,13,6,7.11,travel,1
8023.14,55,116851.23,16,14,7.45,grocery,1
11762.099999999999,39,36958.15,21,4,12.56,electronics,1
38727.78,57,77184.28,17,15,2.85,utilities,0
38754.69,31,163305.47,19,17,26.8,grocery,1
21795.239999999998,19,51451.43,11,10,5.48,electronics,0
24379.68,22,36020.55,29,3,116.82,travel,1
7015.799999999999,19,118930.23,13,12,19.29,entertainment,1
6679.26,18,33195.32,19,9,12.8,grocery,0
2530.38,30,117844.76,14,21,14.72,grocery,1
8530.92,36,58430.82,15,10,17.31,electronics,0
7936.86,18,88505.32,10,11,14.7,entertainment,0
25672.02,20,173470.68,14,19,37.0,utilities,0
39998.46,18,99896.21,19,10,26.52,electronics,1
8313.210000000001,44,98694.32,15,8,2.45,entertainment,0
23083.050000000003,27,40880.28,36,4,6.2,grocery,1
12208.710000000001,47,96583.36,11,13,2.51,entertainment,0
21080.550000000003,45,59687.66,14,13,8.02,utilities,0
29997.54,45,49945.69,15,18,0.11,travel,1
33550.020000000004,18,55515.32,12,11,12.79,travel,0
11487.06,25,112011.77,18,14,11.45,grocery,0
6331.38,34,119000.88,13,18,17.54,grocery,1
12476.46,20,13195.55,22,16,2.2,travel,0
13592.130000000001,52,126454.24,13,18,1.4,grocery,0
14281.560000000001,18,25508.83,10,17,24.2,electronics,0
33864.03,28,68588.86,26,8,10.08,entertainment,1
17294.22,29,28736.7,18,11,10.43,entertainment,1
24470.97,23,76546.18,12,10,2.54,utilities,0
15390.36,21,30329.31,35,15,32.21,electronics,1
7148.61,55,49899.19,13,12,2.0,utilities,1
13251.119999999999,22,20043.92,20,14,22.13,grocery,0
12425.310000000001,32,64460.8,17,18,13.95,entertainment,0
21543.63,49,66756.28,14,20,2.41,grocery,0
5024.25,46,65185.22,14,14,12.88,grocery,1
16312.32,37,69722.93,15,3,21.05,travel,0
20544.93,20,22802.33,27,1,101.88,travel,1
12203.039999999999,28,16397.28,20,11,1.18,utilities,1
7857.0,38,100194.78,11,14,13.75,electronics,0
5570.64,28,61013.0,15,12,15.85,entertainment,0
4749.9,24,29191.55,13,20,19.15,grocery,0
22570.829999999998,30,139165.4,14,15,2.63,entertainment,0
6261.27,27,91569.27,20,12,11.28,utilities,0
81074.4,20,65162.4,34,0,63.96,travel,1
6840.57,25,74069.55,11,20,4.71,travel,1
18232.02,40,52526.06,27,10,22.8,electronics,0
8573.34,45,17825.58,15,18,17.32,grocery,1
27275.22,28,39407.0,12,10,9.57,entertainment,0
14044.74,38,93800.91,19,10,16.07,electronics,0
15899.49,23,120030.44,15,20,3.83,utilities,0
14088.449999999999,20,84223.88,22,9,16.92,electronics,0
10337.849999999999,36,126478.58,13,18,17.15,entertainment,0
6102.0599999999995,44,86201.34,22,15,27.83,utilities,0
16559.699999999997,44,26512.46,24,0,81.63,travel,1
9328.5,22,64226.57,13,8,7.09,utilities,1
3813.87,22,37107.86,9,18,4.35,travel,0
5220.39,29,46999.2,12,16,17.44,utilities,1
12023.400000000001,30,38550.33,14,17,16.55,electronics,0
10907.039999999999,33,176534.75,11,8,1.52,entertainment,0
6647.88,37,91744.4,14,12,6.63,grocery,1
3932.19,30,110254.16,13,11,12.0,electronics,1
20718.75,47,26063.69,13,14,10.34,utilities,1
23008.32,18,110562.06,13,17,4.39,utilities,1
10272.33,52,42787.63,13,14,7.14,entertainment,0
24884.43,50,38097.34,27,1,51.32,travel,1
5024.22,33,121283.11,12,9,0.0,utilities,0
25477.02,48,27060.71,19,15,12.68,entertainment,1
45466.2,33,30677.79,27,1,136.57,grocery,1
9477.27,30,88547.46,9,10,6.29,electronics,0
18994.59,21,76581.26,14,8,4.03,travel,0
9670.5,50,66151.32,22,13,2.38,grocery,1
11111.28,29,45610.37,14,9,2.05,electronics,0
15450.420000000002,25,54204.58,14,11,6.18,utilities,1
17479.29,57,63566.12,14,21,27.3,grocery,0
36034.590000000004,33,105688.68,19,18,15.19,travel,0
12108.93,42,50198.48,27,10,26.17,travel,0
33936.12,18,95669.24,18,15,9.66,travel,0
7280.01,23,38924.01,15,12,13.94,utilities,1
11721.3,30,33108.48,14,10,6.38,travel,1
5406.2699999999995,27,275991.37,12,13,14.82,utilities,1
21909.69,27,38746.01,10,14,2.97,utilities,1
18853.47,28,30567.3,24,20,17.8,grocery,0
5423.13,35,89001.58,13,15,27.62,utilities,0
24797.67,36,73697.59,14,14,3.94,electronics,0
24078.989999999998,46,39286.27,11,22,1.69,grocery,0
8036.13,30,58196.45,9,11,4.41,travel,1
8513.460000000001,28,64769.08,13,17,9.06,utilities,1
22969.23,30,47256.94,25,4,18.08,electronics,1
18322.23,26,82671.83,12,14,1.92,grocery,0
9373.710000000001,29,110583.68,13,14,2.8,entertainment,0
2973.39,39,76098.53,13,11,27.95,grocery,1
16519.14,26,76607.52,16,13,2.25,grocery,0
9661.619999999999,25,61738.98,13,10,7.64,utilities,0
4417.17,18,38984.88,13,20,23.13,electronics,1
40596.39,45,56707.04,15,19,20.19,entertainment,0
8961.3,41,58865.26,14,15,25.35,travel,1
15406.11,46,36181.12,14,14,12.87,grocery,0
17327.64,40,143565.89,22,13,16.26,electronics,0
66651.78,22,23310.32,30,4,123.48,electronics,1
7622.49,49,57668.59,13,17,8.02,entertainment,0
9050.58,24,45181.47,14,16,3.58,grocery,1
27553.260000000002,18,86653.32,11,17,3.9,travel,0
15112.380000000001,52,27654.28,28,21,35.22,travel,1
15570.84,26,55433.35,25,13,2.5,grocery,1
13047.329999999998,22,79522.75,14,12,3.49,entertainment,0
30265.44,29,53308.29,16,12,11.79,electronics,1
9141.84,53,57016.36,15,9,20.66,utilities,1
10907.16,33,78459.68,14,16,3.39,utilities,0
10680.51,47,40474.96,13,9,9.56,electronics,0
5497.59,34,29846.78,14,15,13.17,grocery,0
15023.04,30,72276.02,9,10,7.14,travel,0
4845.299999999999,35,64074.28,21,13,1.41,grocery,1
14742.24,54,53054.12,20,17,2.72,utilities,1
11403.03,30,115157.81,10,12,0.57,electronics,1
8636.7,47,48590.66,11,11,11.62,grocery,0
14852.07,54,45503.41,13,16,13.03,utilities,0
8374.92,28,156868.59,14,12,2.16,grocery,1
10220.43,37,94760.6,14,13,7.56,travel,0
42383.49,26,61060.26,9,11,31.63,travel,1
13726.439999999999,18,44229.64,21,15,18.03,travel,1
16532.61,31,72032.33,12,14,7.0,grocery,0
58230.96,25,133549.3,26,16,2.83,travel,1
19955.91,55,86120.51,10,15,14.21,utilities,0
36758.520000000004,30,68222.85,20,16,24.69,electronics,0
10129.380000000001,27,184607.13,26,9,12.54,electronics,0
7757.64,34,118767.66,13,13,6.98,utilities,1
16249.949999999999,31,55025.09,18,21,10.85,grocery,1
21365.04,44,64588.49,13,15,21.51,grocery,0
9654.3,27,54814.48,14,15,18.87,utilities,0
8670.900000000001,32,41716.61,14,9,21.96,grocery,0
12330.36,36,20620.76,20,19,28.13,electronics,1
35285.49,24,60221.42,14,20,15.02,electronics,0
12175.74,35,145433.32,14,8,5.86,entertainment,1
16493.34,35,62695.88,19,15,9.4,travel,0
10225.32,42,42965.88,14,23,32.43,grocery,1
13440.810000000001,24,54155.95,18,21,17.84,grocery,0
13347.630000000001,21,166526.62,15,11,5.77,electronics,1
5582.67,33,137505.69,14,10,2.34,electronics,0
21664.949999999997,27,42923.75,16,15,9.41,grocery,0
14080.98,29,31072.8,13,19,17.0,entertainment,1
4921.26,45,51415.73,15,14,22.19,grocery,0
40600.05,42,19378.21,28,4,27.59,travel,1
54435.270000000004,39,30471.32,12,10,23.73,electronics,1
27837.870000000003,32,49817.29,20,11,24.31,travel,0
7290.6900000000005,23,65168.2,20,19,19.5,entertainment,1
4646.64,18,132650.64,13,19,1.67,utilities,1
21351.54,40,45005.42,29,1,78.16,grocery,1
9780.869999999999,26,57891.4,17,16,3.49,entertainment,0
8566.380000000001,23,185168.14,14,18,5.82,electronics,0
77499.03,25,88739.29,14,10,21.34,utilities,1
11183.76,21,61818.95,13,14,9.84,entertainment,0
23999.52,31,20478.68,15,12,8.19,entertainment,1
25230.03,26,195961.9,14,22,18.27,utilities,0
11295.18,30,117326.93,13,14,2.11,travel,0
42461.04,33,68246.2,14,20,17.95,utilities,0
17761.199999999997,33,52935.56,13,14,13.81,grocery,0
21862.68,31,91893.21,12,13,21.61,utilities,0
19465.56,19,74239.05,15,11,18.93,travel,0
26764.260000000002,36,43667.49,19,14,27.87,grocery,0
10398.119999999999,32,47812.51,12,15,33.63,entertainment,0
20496.510000000002,31,106859.47,9,15,6.16,grocery,0
17222.73,47,45199.25,23,14,37.88,electronics,1
7903.68,26,34612.98,14,13,31.28,utilities,0
20416.11,28,78676.68,23,11,7.75,grocery,1
16982.91,45,39313.89,18,10,7.69,electronics,1
20949.239999999998,31,48845.48,14,21,6.53,electronics,0
17567.73,47,47870.71,11,13,9.39,grocery,0
5803.17,26,29141.36,12,14,25.92,utilities,1
21887.699999999997,34,100917.93,14,8,25.96,utilities,1
99135.93,37,29419.76,27,8,132.35,electronics,1
9359.76,24,59562.19,19,13,13.22,utilities,0
6262.92,25,42851.5,10,15,8.0,travel,0
9330.3,22,131529.47,13,19,2.99,utilities,0
8253.84,29,163321.32,14,12,2.67,grocery,0
11099.16,26,80809.0,14,9,3.33,entertainment,1
4695.4800000000005,20,61696.88,16,12,2.04,entertainment,0
9857.31,49,44535.34,15,15,17.11,electronics,0
3857.7000000000003,26,164063.18,12,14,15.76,utilities,0
10070.400000000001,35,84646.0,17,9,1.3,electronics,1
6500.13,34,28886.64,14,13,28.62,utilities,0
7849.74,21,218667.69,14,13,11.95,travel,0
12666.78,38,194329.58,16,9,29.34,travel,1
32490.93,28,55695.93,14,9,4.09,entertainment,0
26816.100000000002,32,129850.19,18,8,24.13,electronics,0
9554.94,18,83532.99,14,11,0.7,utilities,0
7020.539999999999,37,55504.1,12,10,11.05,entertainment,1
12816.72,27,34267.5,20,11,13.71,grocery,0
1728.54,22,159331.95,13,14,1.69,grocery,0
10305.72,24,81289.73,13,11,1.56,travel,0
11050.17,24,54360.13,20,10,11.83,entertainment,1
8422.8,21,73184.06,20,11,14.64,electronics,0
7526.3099999999995,57,36185.54,18,10,4.32,grocery,0
12185.61,37,100134.67,20,14,10.25,entertainment,1
6238.469999999999,18,51964.0,14,9,25.02,entertainment,1
8660.130000000001,33,36581.03,17,14,2.16,utilities,0
14115.0,27,104972.46,13,10,6.58,entertainment,1
7265.9400000000005,19,130584.73,10,13,0.3,electronics,0
10954.77,44,58611.9,14,13,22.29,entertainment,0
8235.630000000001,32,86452.43,13,10,5.82,grocery,1
4251.0,26,64379.65,14,19,19.21,grocery,0
8297.34,28,88503.58,12,9,3.3,entertainment,0
12891.060000000001,42,65348.06,13,7,15.44,electronics,0
8364.66,28,51389.58,23,12,15.0,utilities,1
6464.25,26,63237.68,21,14,5.07,travel,0
8219.01,45,77095.06,12,16,0.03,electronics,0
30022.92,48,42197.13,13,12,3.54,travel,0
16146.93,19,52566.2,10,16,6.9,grocery,0
29335.350000000002,37,28731.39,13,8,32.36,entertainment,1
13505.97,25,61916.43,14,23,12.1,electronics,0
10122.39,28,38389.41,14,18,3.68,utilities,0
5082.84,26,157152.12,12,12,22.4,utilities,0
5800.9800000000005,30,53320.56,16,9,5.05,utilities,0
21211.260000000002,33,62577.29,12,22,14.93,grocery,0
21766.02,39,212466.68,18,10,0.79,utilities,0
11016.27,26,46892.31,13,14,7.82,grocery,1
7353.42,50,76194.35,15,12,6.86,entertainment,1
8712.57,32,45003.16,29,9,2.09,entertainment,0
3938.3999999999996,48,70381.94,11,17,8.61,utilities,0
2568.5099999999998,37,74026.34,14,9,27.3,entertainment,1
15684.810000000001,18,47580.72,27,12,3.69,utilities,0
31656.870000000003,34,43543.73,12,15,23.14,entertainment,1
7581.39,34,127648.64,17,18,14.4,travel,0
19762.62,33,115976.76,29,14,13.69,electronics,0
30748.44,44,126230.34,9,12,27.92,entertainment,0
9136.83,18,70302.03,14,14,16.06,grocery,1
66689.45999999999,28,34048.3,18,15,8.02,travel,0
17584.86,33,81085.99,17,17,16.47,grocery,0
22454.550000000003,54,81383.92,13,18,1.91,entertainment,0
27335.28,22,84278.32,9,14,9.2,travel,1
16960.199999999997,26,195776.77,14,14,3.2,entertainment,0
6919.74,31,29867.42,18,9,3.55,entertainment,0
5359.59,48,70853.97,11,11,15.32,utilities,0
13475.310000000001,23,62295.91,29,11,15.02,electronics,0
5818.0199999999995,36,91008.27,27,14,47.41,electronics,0
14575.89,18,76735.44,11,10,5.98,entertainment,0
10107.0,25,100356.22,17,13,1.88,entertainment,0
7788.18,35,43475.2,22,16,29.38,utilities,0
16015.98,43,41331.66,15,12,5.65,utilities,0
17684.07,26,32601.38,11,15,7.22,travel,0
22583.25,32,123037.58,20,12,16.72,electronics,0
13304.01,32,213664.49,10,14,4.71,entertainment,1
8589.39,24,148900.56,18,9,29.92,electronics,1
23043.300000000003,33,108300.15,13,13,15.97,entertainment,0
35715.87,23,130399.38,13,10,1.38,travel,1
9024.210000000001,24,78683.87,13,16,20.8,utilities,1
15364.079999999998,46,82924.7,16,10,18.98,electronics,0
18241.68,45,42687.21,12,15,1.7,entertainment,0
9243.27,33,49078.81,10,11,35.08,entertainment,0
48324.06,24,53149.3,16,13,10.34,electronics,0
70548.03,30,63825.55,26,2,11.29,electronics,1
5660.28,33,52453.19,13,19,0.98,electronics,1
9753.150000000001,25,234584.04,13,14,12.76,grocery,0
11932.2,18,47305.71,16,10,19.01,electronics,0
14995.920000000002,31,54161.96,18,18,3.5,grocery,0
24512.16,35,46029.43,23,3,28.95,travel,1
7732.530000000001,52,49459.21,13,18,17.48,electronics,1
5861.37,23,54117.86,14,10,1.99,travel,1
11718.45,36,20576.06,13,16,3.48,grocery,0
18347.43,20,16399.02,25,1,28.53,electronics,1
8062.08,19,224644.98,13,10,2.19,entertainment,0
10948.17,30,227005.61,12,8,0.24,electronics,1
21601.98,31,132968.74,14,18,9.29,grocery,0
14268.09,33,133800.88,19,18,7.45,electronics,0
8399.55,25,33848.67,18,12,16.03,electronics,0
12489.900000000001,36,45473.6,14,11,1.4,entertainment,0
10274.67,31,173811.22,16,9,1.31,utilities,0
17189.88,26,269058.84,11,8,7.78,entertainment,1
29903.94,29,53025.53,11,11,29.4,grocery,1
40631.49,30,29109.89,11,11,11.18,utilities,0
31161.72,26,83089.69,17,11,17.14,electronics,0
11074.14,49,26661.94,14,13,25.63,utilities,0
9799.44,33,26707.52,11,16,23.63,grocery,0
7399.650000000001,27,65028.12,13,10,12.3,travel,1
16176.48,43,26508.26,13,14,16.08,grocery,0
44102.729999999996,42,39636.85,18,3,68.68,travel,1
16826.13,35,173821.4,13,14,16.74,entertainment,0
11035.5,27,82836.8,12,12,0.0,electronics,0
12623.64,19,52540.73,26,9,4.35,travel,1
23324.670000000002,26,74372.8,11,20,19.18,electronics,0
17866.65,20,43656.44,13,16,16.31,travel,1
14117.670000000002,40,86229.41,10,19,2.35,utilities,1
24717.21,23,42559.36,11,16,26.25,travel,1
47408.25,27,39205.22,14,7,8.98,travel,0
3531.7799999999997,32,63460.5,13,12,6.56,grocery,1
18087.39,44,39469.38,20,13,28.38,grocery,0
7742.789999999999,41,69268.74,14,12,11.46,utilities,0
5889.54,47,41495.84,13,19,22.45,grocery,1
37493.58,31,37351.35,21,12,18.61,travel,1
11594.31,46,41349.09,14,12,9.62,grocery,0
19264.829999999998,26,33562.58,13,9,19.37,grocery,0
48984.96,18,56810.21,24,3,34.13,grocery,1
12812.670000000002,31,182467.14,11,10,4.75,travel,0
30580.44,48,50018.91,20,7,7.85,electronics,0
9672.900000000001,53,56701.21,15,14,6.93,utilities,0
23178.81,45,41280.11,41,2,53.0,grocery,1
22867.739999999998,23,46351.89,26,8,10.35,electronics,1
37463.01,18,76083.74,13,8,10.04,electronics,1
10455.27,31,40158.81,13,18,14.07,electronics,1
13984.5,25,40756.49,13,14,22.56,electronics,0
14479.650000000001,30,52825.84,17,17,5.72,utilities,1
11787.45,25,185253.62,10,9,11.26,travel,0
41623.979999999996,28,44445.34,26,3,96.45,electronics,1
28259.97,25,35133.72,10,11,1.07,entertainment,1
8815.44,42,56073.64,20,14,17.0,travel,0
10202.97,46,66306.71,20,18,32.1,entertainment,0
4622.5199999999995,29,28947.9,14,11,11.69,entertainment,0
17004.81,26,121708.02,13,18,9.98,entertainment,0
48644.64,31,51483.35,9,1,6.83,travel,1
20333.61,28,148362.0,18,17,16.33,utilities,0
10338.09,32,294123.21,13,14,4.97,utilities,1
11954.099999999999,35,83285.76,15,22,19.28,utilities,1
39164.82,42,71189.77,22,6,77.07,travel,1
30942.149999999998,24,68957.33,16,7,6.87,travel,0
23584.11,34,47405.3,23,10,17.59,travel,0
7878.84,18,240583.01,13,9,0.99,travel,0
9054.539999999999,50,126635.34,14,18,1.59,grocery,0
7517.789999999999,23,64301.3,12,13,1.21,electronics,1
14449.920000000002,19,149424.52,9,12,25.25,entertainment,0
15272.52,32,70472.75,13,13,8.2,grocery,0
8453.76,39,69006.3,17,9,1.8,travel,0
6644.07,55,124439.24,18,15,1.25,electronics,0
21422.579999999998,27,119504.3,15,13,3.64,utilities,1
11220.27,24,62797.03,13,15,3.01,utilities,0
13520.79,25,93794.05,11,8,3.52,grocery,1
12329.189999999999,27,37814.3,20,19,3.8,electronics,1
67838.70000000001,39,64525.11,13,16,11.54,electronics,1
7495.349999999999,46,92340.77,14,11,0.91,electronics,1
23710.260000000002,39,61766.93,8,20,0.75,electronics,0
15704.04,45,44990.42,12,14,10.13,entertainment,0
18414.87,18,49356.99,13,11,11.9,electronics,0
37937.25,24,34345.6,21,13,33.81,electronics,0
39816.96,31,95697.04,12,11,35.48,travel,0
7733.64,30,26886.57,15,11,3.98,travel,1
8850.210000000001,18,242663.46,18,17,0.11,electronics,1
21051.09,28,69787.21,18,15,3.52,electronics,0
88496.70000000001,25,113046.31,27,4,51.69,travel,1
16136.22,29,106993.09,14,10,16.3,travel,1
6505.98,18,39253.1,14,14,31.02,entertainment,1
6140.37,26,38298.98,15,10,25.22,utilities,0
36216.090000000004,39,52194.66,12,14,1.77,utilities,1
10761.03,64,96799.38,18,13,2.95,grocery,0
6631.4400000000005,35,108341.2,21,8,29.2,travel,0
5237.07,33,173016.16,14,16,9.84,grocery,0
16408.38,42,62050.46,12,13,8.57,entertainment,1
5918.76,18,61865.82,8,18,2.63,grocery,0
6844.5599999999995,54,35866.62,18,12,13.45,entertainment,0
22299.03,30,44618.6,18,15,8.43,utilities,1
5841.93,28,49525.26,14,16,5.04,grocery,0
18861.69,23,107822.17,13,22,19.46,electronics,0
9025.98,31,101235.19,10,19,5.09,grocery,0
13932.18,49,28077.5,14,18,10.09,grocery,1
7337.849999999999,52,69535.07,15,10,14.92,entertainment,1
17498.07,26,23115.89,12,13,6.99,electronics,1
8051.3099999999995,19,122600.8,14,9,10.06,travel,0
17788.71,29,81742.27,21,15,12.84,grocery,1
18492.449999999997,30,129331.39,11,15,14.55,entertainment,0
3766.3500000000004,24,25442.13,12,20,9.41,grocery,1
23571.510000000002,24,33454.11,14,14,0.63,grocery,1
13768.650000000001,28,78940.63,9,14,18.52,entertainment,1
27896.22,31,25051.66,23,2,39.74,travel,1
4806.09,28,34930.5,14,19,5.42,utilities,1
19681.23,57,156795.34,12,12,11.65,utilities,1
23828.94,41,207701.31,13,9,5.72,travel,0
3154.8900000000003,32,43303.22,26,21,12.9,electronics,0
20497.050000000003,32,56814.42,23,14,13.79,entertainment,1
8388.36,49,81943.26,12,16,19.85,utilities,1
6151.17,48,110234.58,13,16,2.42,utilities,0
10583.849999999999,27,153785.13,10,10,0.63,entertainment,0
29304.69,42,54025.35,11,13,23.86,entertainment,0
23403.300000000003,25,56437.57,14,15,10.77,utilities,0
9401.55,31,202900.66,16,17,3.4,electronics,1
6819.27,43,89148.93,11,19,21.15,utilities,1
40385.07,23,73431.99,13,14,14.03,utilities,0
29797.260000000002,27,109018.49,25,5,22.27,electronics,1
24029.22,26,53759.85,10,13,31.11,travel,1
9505.23,35,99470.03,14,19,6.51,utilities,0
7450.26,43,38682.49,13,16,11.91,electronics,0
10430.67,47,24809.96,16,9,4.22,entertainment,0
11219.099999999999,29,75999.12,12,6,13.82,entertainment,1
20886.12,35,33797.13,16,16,1.41,travel,0
54348.81,22,42178.82,25,4,26.34,electronics,1
4662.9,29,38093.75,31,11,15.68,electronics,0
9395.460000000001,18,108035.28,14,18,7.62,grocery,0
9763.14,51,60727.68,21,16,3.29,electronics,0
5640.8099999999995,24,78718.71,12,15,32.82,entertainment,1
18056.88,27,84232.15,15,12,14.41,grocery,0
12016.68,18,66170.12,14,14,16.43,travel,0
6216.87,31,44385.53,10,17,14.72,entertainment,0
