transaction_amount,customer_age,account_balance,num_transactions_30d,transaction_hour,distance_from_home_km,merchant_category,is_fraud
2519.22,37,120862.92,15,13,7.35,grocery,0
4014.29,21,142727.5,7,19,25.38,travel,0
3645.01,47,93780.08,12,21,23.47,entertainment,0
4007.87,25,212962.2,17,11,7.96,utilities,0
4977.34,40,133384.83,18,8,23.82,grocery,0
2862.46,34,55996.08,5,16,14.57,travel,0
5534.07,56,68171.94,14,17,13.65,travel,0
1143.98,38,122177.19,17,16,3.07,entertainment,0
8700.17,44,142331.76,14,13,18.98,utilities,0
3452.81,22,87083.76,14,16,1.6,entertainment,0
1947.85,18,63947.49,12,14,1.5,travel,0
900.56,24,259249.53,12,11,32.88,electronics,0
1237.06,33,132914.2,24,18,5.91,grocery,0
10829.36,27,13792.19,16,17,3.98,electronics,0
9641.33,55,177909.24,10,11,18.24,grocery,0
10659.6,38,102360.59,32,2,6.81,grocery,1
12359.36,35,141966.34,14,10,4.35,grocery,0
3837.23,54,63826.7,22,3,64.07,travel,1
9047.93,39,112733.65,14,20,4.17,grocery,0
4767.22,42,93485.51,14,10,12.27,travel,0
4309.95,29,52583.8,15,23,3.9,electronics,0
3981.28,41,93152.03,15,17,14.82,entertainment,0
17262.34,41,56771.23,20,12,0.88,electronics,0
3310.81,29,117628.38,14,14,1.85,travel,0
7422.83,30,63285.0,18,15,10.94,electronics,0
6078.94,53,112874.38,13,16,5.05,grocery,0
1888.67,40,116116.61,14,15,9.16,grocery,0
3835.19,23,39917.07,18,15,13.61,grocery,0
3792.2,42,61452.68,21,8,0.08,utilities,0
10446.63,40,292455.23,17,19,3.13,grocery,0
7410.38,18,63471.46,14,3,2.33,grocery,0
1306.26,37,48831.04,13,18,7.91,utilities,0
16906.95,43,114089.33,18,17,0.52,travel,0
2910.87,41,117470.38,16,17,3.94,grocery,0
13647.15,49,95697.75,17,17,0.06,entertainment,0
12359.08,51,80246.59,13,13,3.62,grocery,0
8408.99,35,107125.67,10,6,11.97,grocery,0
5417.65,39,152036.04,17,7,19.55,utilities,0
3952.54,40,96163.19,18,9,26.21,utilities,0
1772.04,58,87384.89,15,11,0.99,utilities,0
5808.1,25,60417.05,10,14,8.65,travel,0
9362.2,37,12829.96,23,19,44.38,grocery,1
4296.37,31,41350.32,12,9,10.38,entertainment,0
7423.9,39,85067.8,11,10,0.95,grocery,0
3043.49,31,195592.78,15,9,3.97,grocery,0
6255.66,31,68372.3,11,16,2.89,grocery,0
22031.75,32,49315.21,23,10,7.55,travel,1
5546.34,18,87785.8,13,17,9.45,grocery,0
4361.56,40,83384.06,22,17,2.6,entertainment,0
5085.73,18,96187.31,13,14,0.28,grocery,0
8305.79,30,75184.59,14,20,4.08,grocery,0
6504.84,52,80621.0,14,5,6.33,utilities,0
11563.88,48,115362.25,16,17,6.44,grocery,0
11613.54,18,19486.34,18,19,0.54,entertainment,0
6148.24,51,13615.7,15,18,5.58,entertainment,0
4291.35,45,66240.26,11,18,2.84,grocery,0
5507.31,46,54189.47,16,12,8.53,entertainment,0
4663.96,23,24121.69,19,8,25.4,entertainment,0
9233.52,18,51405.85,31,1,74.36,electronics,1
10300.44,29,46623.51,25,4,1.6,grocery,1
2648.08,40,73250.8,11,17,0.05,utilities,0
6065.73,39,32954.45,15,11,3.79,grocery,0
2287.26,37,24208.78,16,14,8.74,grocery,0
2952.03,31,110917.38,20,6,1.44,travel,0
6428.9,24,92617.91,15,16,17.83,grocery,0
1340.1,31,26068.45,12,18,3.89,utilities,0
1511.92,62,65363.91,16,15,4.54,utilities,0
6485.93,41,157422.28,14,20,12.23,utilities,0
1839.8,58,77091.5,11,12,16.07,electronics,0
815.43,20,145173.26,14,13,13.16,grocery,0
9023.96,19,113238.94,10,18,7.35,travel,0
15117.96,18,91171.22,13,3,6.86,entertainment,0
2944.0,39,23787.89,10,10,13.03,utilities,0
2297.84,25,130240.83,10,18,2.38,grocery,0
3936.96,42,55940.71,18,7,5.87,utilities,0
2074.95,40,69067.05,13,11,3.56,grocery,0
1612.59,32,13575.42,15,11,11.82,grocery,0
2989.35,31,77312.36,23,19,6.92,electronics,0
19075.67,23,65177.82,21,14,0.39,utilities,0
40294.41,37,138755.18,34,8,35.88,utilities,1
15437.63,18,23979.07,23,16,108.6,travel,1
3296.65,37,147097.44,18,7,10.14,grocery,0
6636.65,33,91750.52,10,8,7.02,entertainment,0
6124.19,32,167058.55,14,16,4.05,grocery,0
9959.62,40,68754.93,15,16,0.33,entertainment,0
6219.53,40,65446.97,13,12,9.77,grocery,0
10186.06,18,121211.78,16,16,19.67,grocery,0
4126.68,27,57798.04,16,9,9.22,grocery,0
12576.43,29,78571.54,19,12,18.42,entertainment,0
6429.41,47,37082.03,22,5,36.94,travel,1
2846.42,18,139356.11,10,20,5.94,grocery,0
5222.49,37,12828.81,32,0,15.42,travel,1
8571.36,26,35005.63,13,16,40.83,entertainment,0
3658.31,41,91491.98,13,14,3.14,grocery,0
1917.12,25,37279.33,14,16,4.63,utilities,0
7752.98,35,158680.57,11,15,10.22,entertainment,0
5467.05,20,41171.45,15,11,0.48,utilities,0
9088.36,61,78281.97,14,6,2.72,grocery,0
3889.99,24,50453.59,12,13,0.78,utilities,0
3186.61,39,41148.48,13,11,19.59,grocery,0
1736.6,51,54460.18,10,3,1.46,utilities,0
10607.87,46,93398.07,13,12,5.63,entertainment,0
41631.14,28,41517.39,24,5,109.55,travel,1
13798.09,18,263949.97,16,17,20.85,grocery,0
10906.23,33,62025.07,14,5,22.41,entertainment,0
4086.36,54,85520.03,17,18,6.36,utilities,0
8198.66,22,33857.04,9,13,8.11,utilities,0
6552.78,35,87928.58,16,9,18.77,travel,0
5623.21,43,61937.87,16,10,15.25,utilities,0
10684.61,47,104107.71,16,16,0.66,utilities,0
6248.45,26,48344.07,18,10,25.1,entertainment,0
2556.66,32,69073.57,15,14,1.29,electronics,0
3141.79,51,89304.16,13,17,15.97,grocery,0
6811.06,49,45676.32,14,10,4.64,travel,0
3221.47,38,85614.13,16,11,4.79,utilities,0
4186.57,19,100620.23,16,13,8.32,electronics,0
8691.43,29,26510.76,25,11,31.28,entertainment,1
1828.25,18,81710.57,9,15,2.75,electronics,0
9515.13,18,37671.44,16,16,2.72,entertainment,0
5418.59,50,63765.01,12,16,5.75,utilities,0
17891.14,49,127473.69,9,15,14.92,entertainment,0
3607.67,41,32723.43,19,9,11.47,utilities,0
3914.78,21,132564.03,9,12,16.46,grocery,0
8599.35,34,140620.5,24,15,5.09,electronics,0
9544.73,46,50537.72,13,16,9.62,grocery,0
1987.4,51,32507.64,14,10,2.95,grocery,0
4070.91,18,26735.52,15,12,5.4,electronics,0
8567.7,29,155863.74,16,11,14.41,utilities,0
18777.85,43,143731.87,15,14,8.67,grocery,0
1877.93,46,34874.56,22,13,22.8,grocery,1
2900.79,18,67349.21,14,11,2.56,grocery,0
11508.36,23,71126.33,18,19,2.3,entertainment,0
4394.2,30,240403.96,17,10,7.15,grocery,0
4814.31,34,36739.84,19,1,171.41,electronics,1
9396.22,46,54409.97,9,10,3.86,travel,0
15701.15,31,102832.61,17,11,12.94,entertainment,0
9066.38,42,126478.04,19,16,0.22,travel,0
10765.43,40,38040.81,28,21,7.49,travel,1
13675.96,40,104827.5,12,21,11.09,grocery,0
3191.36,18,56251.17,18,15,2.51,grocery,0
14194.69,32,177004.86,10,5,33.56,utilities,0
8267.58,32,35582.32,17,13,4.65,grocery,0
4927.77,32,56229.2,18,15,13.68,grocery,0
15320.3,36,116963.29,18,13,0.15,travel,0
7884.19,53,20662.93,5,12,10.41,grocery,0
2838.76,44,74131.81,10,6,2.3,travel,0
10631.67,48,14005.03,24,11,61.47,travel,1
18002.46,21,44907.07,12,9,3.4,electronics,0
5911.8,32,156322.78,25,12,17.42,utilities,0
3778.18,35,94819.39,14,12,8.91,grocery,0
4930.38,44,39675.48,14,9,4.34,grocery,0
14210.29,24,68269.87,8,12,0.52,grocery,0
5758.44,31,51786.98,14,9,32.63,grocery,0
3743.82,27,35507.34,11,15,4.73,entertainment,0
4100.4,52,53484.69,12,16,13.04,grocery,0
3686.38,32,35656.23,10,16,14.45,electronics,0
7309.39,58,55433.22,14,19,16.52,entertainment,0
2559.43,68,156487.55,12,16,1.94,grocery,0
3082.04,43,82978.79,12,12,0.29,utilities,0
10824.28,50,38149.32,18,15,15.47,entertainment,0
3884.29,26,45385.25,20,20,8.69,travel,0
7963.05,33,142528.66,18,19,2.65,grocery,0
2559.6,25,110719.01,13,13,1.4,grocery,0
2846.51,50,161148.58,9,15,5.76,grocery,0
9275.58,43,72541.83,15,13,0.26,travel,0
3161.02,30,31662.01,20,0,13.89,travel,0
3440.8,24,112190.53,10,12,21.29,utilities,0
6041.78,50,68126.58,14,14,3.38,utilities,0
6271.69,39,70647.32,19,15,0.95,grocery,0
3662.25,38,158036.21,9,15,0.81,grocery,0
12675.22,43,116522.85,10,13,15.81,grocery,0
11629.95,45,94862.66,14,14,3.88,utilities,0
1323.67,47,45274.71,14,12,10.96,electronics,0
1184.04,41,68321.89,12,16,6.7,electronics,0
4143.38,28,27327.33,20,10,0.07,electronics,0
5598.38,35,142001.36,15,21,7.18,travel,0
4399.42,29,36264.16,22,14,1.11,electronics,0
2845.0,48,82109.15,20,11,0.1,grocery,0
1609.41,49,72374.32,17,12,7.91,grocery,0
8973.98,18,96299.79,11,15,0.8,electronics,0
17793.68,50,30135.14,38,3,54.33,grocery,1
35271.79,35,169070.33,25,11,14.94,grocery,1
2321.91,47,141747.48,14,12,5.16,utilities,0
3418.01,30,316986.15,19,13,0.45,utilities,0
6339.6,26,127007.16,14,15,4.46,grocery,0
6039.75,24,146773.91,16,19,3.13,utilities,0
8287.27,38,86337.64,10,6,1.19,grocery,0
4650.6,46,74302.01,15,12,0.74,entertainment,0
8294.33,18,111612.71,13,13,1.29,electronics,0
3791.22,25,29424.93,20,12,6.22,grocery,0
15347.71,42,15214.92,29,1,30.55,travel,1
20949.68,40,47742.94,11,15,18.78,travel,0
5741.13,37,36428.84,26,4,24.08,electronics,1
12676.8,38,60707.01,11,16,2.29,travel,0
3216.67,26,159113.66,10,15,13.9,electronics,0
3304.75,31,110576.97,11,8,3.19,grocery,0
15058.52,21,39839.03,15,7,4.74,travel,0
4905.46,43,114035.0,16,17,19.3,utilities,0
980.95,41,52785.14,13,18,5.03,grocery,0
4050.62,18,33868.47,35,1,6.66,travel,1
4138.65,28,87332.78,26,1,16.37,travel,1
8895.91,37,58860.73,9,11,15.44,grocery,0
3791.36,30,95145.67,13,16,1.4,utilities,0
6609.92,33,21754.4,13,19,21.3,utilities,0
5440.38,22,110695.46,13,14,5.83,grocery,0
5791.8,35,95464.99,14,17,0.45,entertainment,0
8422.15,34,93925.59,15,15,0.31,grocery,0
1350.46,43,58046.22,11,11,12.85,electronics,0
3571.13,28,21256.94,11,15,4.3,utilities,0
42945.49,18,72236.5,9,15,11.42,entertainment,0
7686.4,18,14898.52,23,7,11.87,grocery,0
12617.65,18,58015.62,29,7,172.62,electronics,1
3628.96,44,51077.05,16,13,10.53,grocery,0
3683.3,18,125006.66,11,16,6.33,entertainment,0
3966.86,39,70239.93,15,13,2.58,travel,0
5807.99,30,85483.2,16,15,0.32,electronics,0
3206.37,58,39777.63,8,20,6.91,travel,0
5487.69,33,54664.92,15,17,4.5,grocery,0
3717.11,46,128651.7,17,15,3.88,utilities,0
19525.47,25,123521.81,22,23,43.49,grocery,0
5572.08,48,67550.96,15,9,19.22,entertainment,0
1394.72,33,52332.97,9,10,2.84,grocery,0
7999.81,28,100635.37,10,15,1.48,electronics,0
3883.82,24,149751.17,22,10,13.95,travel,0
24526.82,31,108349.31,23,23,94.15,grocery,1
1445.89,18,79534.98,10,10,4.05,entertainment,0
1768.35,21,104866.26,18,13,2.64,entertainment,0
13354.77,39,67911.16,29,7,6.63,utilities,1
3676.95,34,129735.42,14,13,2.5,grocery,0
6847.32,39,193540.25,7,12,19.67,utilities,0
4165.92,45,106183.66,16,16,6.12,grocery,0
22613.55,45,118788.34,31,1,202.2,entertainment,1
13104.99,21,76974.72,16,15,0.58,travel,0
3850.11,40,48175.98,15,10,3.02,travel,0
6076.64,29,52173.91,20,16,17.77,utilities,0
4988.36,41,290479.38,20,11,2.19,travel,0
5619.25,57,225795.01,10,14,12.5,utilities,0
5600.18,36,39893.99,15,11,6.21,entertainment,0
5218.05,37,66980.46,35,3,132.82,electronics,1
14458.36,45,66503.66,11,11,0.3,grocery,0
5067.27,31,65183.61,14,12,1.37,utilities,0
10625.85,44,24975.13,32,1,30.6,travel,1
4915.02,37,150901.93,12,15,1.25,entertainment,0
5625.78,45,141455.04,12,10,7.77,travel,0
5316.83,42,36062.47,15,7,9.42,utilities,0
5119.29,56,102884.0,11,9,5.94,electronics,0
2396.68,38,54240.3,15,11,4.15,electronics,0
4625.38,41,230198.52,16,13,6.12,utilities,0
3392.34,22,52416.78,18,10,2.63,entertainment,0
77623.98,39,231807.13,9,17,5.91,grocery,0
7988.74,56,73038.12,11,10,6.6,entertainment,0
9730.98,50,34931.39,15,20,1.19,utilities,0
15517.03,57,316303.08,11,11,11.75,utilities,0
2974.26,37,43995.23,17,11,5.8,grocery,0
11196.72,40,32915.99,31,4,43.61,travel,1
11040.0,36,120692.34,14,14,1.36,utilities,0
10125.31,34,43662.92,23,10,8.2,electronics,0
16793.01,20,74327.99,12,21,8.58,utilities,0
13568.37,37,74592.44,19,10,5.73,grocery,0
5420.14,38,33177.01,18,12,7.62,grocery,0
4603.01,48,298455.48,22,9,1.63,grocery,0
5981.36,26,17781.71,20,17,7.59,travel,0
1616.0,39,136003.61,12,15,20.17,electronics,0
4428.35,34,149589.85,22,15,0.83,grocery,0
1869.83,18,34138.75,15,23,27.69,grocery,0
3668.45,26,99889.87,15,13,7.28,grocery,0
6991.07,38,60519.77,16,13,4.41,utilities,0
2618.71,40,71317.44,18,9,5.59,grocery,0
28503.8,25,74157.47,18,8,3.11,travel,0
2357.95,18,54107.77,16,13,22.53,grocery,0
6059.78,35,210842.47,19,21,2.51,entertainment,0
5166.04,49,129999.05,17,16,0.59,utilities,0
11121.15,18,136975.64,12,13,14.69,electronics,0
11929.42,43,103696.93,8,15,17.83,grocery,0
14150.6,42,41392.38,11,17,0.6,grocery,0
7950.77,27,158872.97,13,16,2.0,electronics,0
4369.99,18,453363.55,14,13,0.41,utilities,0
8003.56,35,129453.36,19,18,1.38,entertainment,0
11808.71,49,174728.36,16,16,11.23,electronics,0
2439.28,28,74584.49,26,2,59.6,electronics,1
6090.95,18,111993.09,15,4,2.52,grocery,0
3183.13,55,150209.24,17,15,11.08,entertainment,0
3976.42,36,82017.49,15,10,6.7,grocery,0
5999.24,31,39320.79,13,14,0.55,electronics,0
6469.04,37,58637.91,14,13,11.84,grocery,0
10141.18,34,31499.12,12,10,2.84,travel,0
2952.58,40,208028.9,10,20,15.68,grocery,0
6111.86,56,226176.5,16,15,0.18,utilities,0
3431.1,22,20221.01,9,19,2.46,utilities,0
14666.76,26,82600.75,26,1,76.39,travel,1
14981.01,18,136679.47,12,22,10.52,grocery,0
14968.91,34,100289.58,30,4,8.72,travel,1
3398.64,48,73394.78,13,22,0.55,utilities,0
9943.13,36,155674.52,11,18,3.01,travel,0
2475.76,37,95596.64,9,19,2.23,utilities,0
18731.21,18,81839.84,21,5,3.32,grocery,1
17132.63,25,9125.97,9,18,7.97,grocery,0
2782.96,58,385188.43,12,14,1.05,entertainment,0
2557.74,40,97234.12,10,11,6.67,entertainment,0
8711.34,51,94687.1,16,15,17.6,utilities,0
4391.98,42,87012.86,15,12,7.53,utilities,0
15390.4,44,57590.59,39,5,20.96,electronics,1
2803.56,43,111984.37,18,15,3.01,grocery,0
1385.98,33,174558.07,23,9,3.41,grocery,0
8177.12,20,56940.81,17,19,12.8,grocery,0
22292.46,18,103266.38,25,1,41.17,grocery,1
9979.96,47,56089.62,13,9,6.44,grocery,0
3427.53,30,135114.24,12,15,1.48,grocery,0
5602.2,41,58805.67,16,15,2.4,entertainment,0
6036.93,46,36827.77,16,8,1.62,grocery,0
4990.95,47,91182.67,15,15,6.38,electronics,0
7477.16,36,52465.32,13,9,7.42,grocery,0
24335.76,46,66331.71,28,4,77.71,electronics,1
4615.58,64,157578.48,17,12,6.6,entertainment,0
5983.74,43,56754.63,22,13,1.93,entertainment,0
5027.6,32,125025.56,16,14,0.24,entertainment,0
2605.27,34,64093.81,12,17,4.76,grocery,0
6325.89,47,61469.66,21,13,1.87,grocery,0
5768.66,48,129522.56,16,23,18.08,entertainment,0
4957.58,52,221299.06,19,14,3.64,grocery,0
1331.3,45,124085.96,15,17,3.97,electronics,0
2866.31,50,58890.88,14,9,34.05,grocery,0
18538.83,50,51217.13,10,17,5.19,utilities,0
5688.74,57,144300.86,18,16,0.27,entertainment,0
13819.54,43,185852.31,21,7,4.36,grocery,0
15677.34,27,203134.93,28,4,196.93,travel,1
16089.51,46,59320.99,11,11,7.41,grocery,0
5814.8,52,77423.73,14,10,7.61,grocery,0
2731.57,48,68007.84,16,19,3.43,grocery,0
782.83,28,115029.29,7,11,6.48,utilities,0
4819.43,58,56914.42,10,19,5.22,entertainment,0
2341.01,57,57018.68,15,10,12.74,travel,0
3759.77,45,103447.15,16,14,4.21,electronics,0
3027.97,18,116692.1,15,12,0.46,utilities,0
24652.88,37,79287.81,10,21,23.24,entertainment,0
2441.99,63,83106.38,17,11,6.93,grocery,0
9062.31,24,42729.97,14,9,21.75,grocery,0
5547.06,30,135863.34,13,14,2.97,travel,0
3987.56,43,57608.09,15,15,2.64,electronics,0
3356.7,48,71061.32,14,16,6.57,travel,0
11464.91,32,65053.79,19,10,0.25,grocery,0
10191.8,45,71796.21,8,17,7.05,utilities,0
8138.16,36,14112.32,16,17,7.2,utilities,0
8493.02,39,70544.76,15,13,6.0,entertainment,0
4227.88,40,113328.5,19,9,40.46,entertainment,0
1088.87,18,106457.04,14,21,0.99,grocery,0
3248.18,45,50590.4,18,8,19.7,entertainment,0
1762.1,30,90689.45,20,13,5.64,grocery,0
11945.94,27,47202.4,22,10,4.82,grocery,0
2844.0,34,122117.78,14,12,6.8,utilities,0
4265.82,29,32072.06,20,10,23.16,entertainment,0
5438.4,23,163371.27,22,19,3.71,utilities,0
1859.73,53,54782.2,15,16,1.58,grocery,0
16105.7,18,70840.61,14,11,13.33,entertainment,0
5199.23,33,91560.74,17,14,1.92,electronics,0
20447.33,44,46064.41,22,11,5.09,utilities,0
13556.07,51,67808.52,16,18,7.05,grocery,0
5850.34,47,118390.23,17,12,16.93,entertainment,0
16865.94,36,45943.66,13,6,9.98,entertainment,0
15421.37,63,62298.43,19,17,8.11,grocery,0
4841.63,33,96169.8,12,19,5.22,travel,0
7689.41,35,112976.97,20,14,0.98,entertainment,0
2538.88,50,75722.45,23,20,21.59,travel,0
3467.45,42,184124.48,12,21,2.61,grocery,0
25386.88,22,59739.63,27,4,53.01,electronics,1
3968.11,34,20133.35,15,6,2.84,utilities,0
4438.64,24,105207.67,20,19,15.1,grocery,0
8591.22,38,105230.21,16,11,16.62,electronics,0
17578.05,35,178175.53,16,10,0.26,electronics,0
3803.65,61,135758.78,19,16,1.69,grocery,0
1394.25,36,107972.05,11,13,3.65,grocery,0
6491.07,32,49300.19,14,16,3.43,grocery,0
5694.18,35,84999.96,12,3,2.66,grocery,0
1644.6,26,189748.31,10,10,0.01,utilities,0
20340.37,29,174363.46,9,13,6.32,grocery,0
2436.26,53,59427.0,17,15,18.86,grocery,0
22438.25,28,45186.68,28,1,47.57,electronics,1
10631.08,58,34341.91,20,21,1.09,grocery,0
2788.47,28,46262.7,12,13,4.76,grocery,0
2149.37,46,54290.39,10,14,2.69,grocery,0
4449.26,18,46784.07,17,16,0.97,entertainment,0
8445.08,49,122891.25,12,16,18.41,grocery,0
2543.77,32,310012.31,15,11,5.54,utilities,0
3018.88,29,35788.46,14,19,9.87,electronics,0
6411.72,43,36494.09,19,15,4.59,travel,0
5203.83,50,110659.24,14,11,0.27,travel,0
3879.81,29,82524.68,9,16,3.54,travel,0
1883.37,37,221218.89,13,17,18.96,utilities,0
1977.44,41,60236.49,15,14,1.68,electronics,0
2530.86,35,203406.03,18,10,0.7,entertainment,0
5409.33,18,171683.25,9,18,22.58,utilities,0
11087.6,33,164963.23,14,11,3.41,travel,0
2541.26,35,143551.04,15,17,0.56,travel,0
5178.53,24,84504.85,13,11,13.69,utilities,0
1470.59,18,137638.42,16,16,11.84,grocery,0
15255.12,29,73599.98,21,18,16.12,entertainment,1
2129.09,34,406032.71,20,11,5.61,grocery,0
2810.36,18,61504.62,19,11,32.26,entertainment,0
2587.88,34,46479.57,23,17,6.77,travel,0
3005.57,44,119255.52,15,19,3.9,utilities,0
3516.67,45,171739.28,16,12,6.69,electronics,0
9480.73,35,82897.31,17,15,40.78,travel,0
9450.95,51,69630.14,22,15,17.94,travel,1
4554.19,53,112253.6,15,11,0.3,entertainment,0
3251.79,18,66555.43,18,15,4.58,utilities,0
14952.19,32,48205.44,16,11,4.24,grocery,0
18320.17,54,28532.52,26,4,26.91,travel,1
2758.64,39,69636.86,15,10,0.36,entertainment,0
15893.17,46,67872.56,17,8,27.56,entertainment,0
4057.03,18,32358.47,15,19,16.47,grocery,0
5731.43,39,90685.54,12,13,5.51,utilities,0
11457.05,33,92575.75,12,19,0.69,grocery,0
6478.0,29,32562.97,14,16,7.08,entertainment,0
1898.19,40,63246.6,17,12,4.75,grocery,0
1912.9,31,220985.87,24,13,1.89,entertainment,0
9918.89,25,87469.9,17,16,12.0,grocery,0
2840.35,46,77366.3,11,7,5.21,entertainment,0
4014.93,30,44645.43,16,14,12.64,utilities,0
3815.72,43,48686.52,9,18,3.13,utilities,0
5211.7,45,81298.94,11,12,10.13,grocery,0
5081.21,21,46187.49,10,14,4.39,utilities,0
5546.76,19,84522.82,10,10,5.73,grocery,0
7824.32,20,79162.4,14,8,14.01,entertainment,0
25944.29,24,18065.72,27,11,7.14,utilities,1
3465.78,41,48485.97,21,12,11.82,entertainment,0
2457.01,52,46738.21,20,9,23.51,grocery,0
5205.45,24,106796.51,17,9,9.6,utilities,0
1764.37,37,103276.64,20,19,3.53,utilities,0
1697.15,39,121113.86,10,9,2.06,grocery,0
4664.69,32,75123.8,11,11,29.15,utilities,0
8745.6,30,37649.4,14,11,26.87,grocery,0
3369.85,33,89468.5,9,15,10.64,utilities,0
5472.46,29,85506.18,14,16,1.73,grocery,0
12427.72,35,128493.94,21,17,2.45,entertainment,0
4053.65,19,106066.74,16,11,5.73,electronics,0
6294.68,53,54097.43,25,15,1.9,grocery,0
8742.94,50,56741.02,9,16,9.41,grocery,0
5866.57,45,93607.97,7,15,11.62,grocery,0
841.93,40,66919.06,21,16,0.08,utilities,0
9244.13,37,34769.09,13,11,0.42,entertainment,0
1930.67,48,183383.75,17,9,2.97,utilities,0
13498.7,47,25131.32,24,14,52.74,travel,1
7412.55,54,109657.94,15,13,8.07,grocery,0
6047.36,42,127834.91,19,15,10.91,utilities,0
5815.74,40,76879.97,19,14,18.54,entertainment,0
3838.84,30,82267.99,11,14,0.3,grocery,0
9328.89,37,32652.36,23,17,0.34,utilities,0
4610.2,20,24642.88,16,10,2.36,grocery,0
9577.4,36,59815.01,18,17,7.44,electronics,0
9268.68,21,86933.77,20,12,11.04,utilities,0
13082.58,44,323588.02,13,11,2.15,electronics,0
2463.06,60,135413.79,14,15,1.4,electronics,0
5108.5,18,82494.45,15,12,0.27,utilities,0
6509.55,43,47035.46,14,18,11.4,electronics,0
5742.58,46,61457.59,17,10,3.12,electronics,0
6665.84,18,51787.68,17,13,5.08,utilities,0
4469.1,23,119770.49,11,16,7.47,grocery,0
17380.77,37,21854.3,26,5,76.03,utilities,1
9752.95,53,87585.01,14,14,6.16,grocery,0
3809.87,43,96144.1,16,10,18.69,grocery,0
837.34,44,63346.98,19,18,0.47,grocery,0
10711.79,24,81280.04,12,16,16.4,grocery,0
6609.51,18,69346.87,16,7,20.16,grocery,0
2720.23,48,99325.59,12,12,2.46,entertainment,0
3401.03,18,189960.24,14,12,11.87,electronics,0
5158.59,40,42512.24,16,11,11.76,entertainment,0
4050.73,51,64777.79,22,9,10.21,grocery,0
1942.04,37,173219.96,11,13,3.42,entertainment,0
16855.62,35,30760.51,12,17,10.56,entertainment,0
4800.94,21,121789.42,13,16,3.31,grocery,0
5157.73,39,130058.97,12,12,15.82,utilities,0
6838.12,22,46063.0,13,14,3.23,travel,0
7178.1,18,46740.6,33,7,18.08,entertainment,1
13948.13,23,49647.25,8,8,0.2,utilities,0
19494.51,42,25542.65,29,5,73.49,electronics,1
8604.2,55,94583.5,29,7,24.3,travel,1
13491.36,31,170723.04,13,16,16.75,grocery,0
5208.91,42,42915.47,14,9,2.4,electronics,0
6870.21,19,367583.42,18,15,13.62,utilities,0
7046.23,47,296610.63,9,11,8.33,utilities,0
3228.43,27,119810.87,19,19,0.61,grocery,0
28075.29,49,106246.42,24,2,1.74,utilities,1
4390.12,23,178757.24,10,11,3.52,grocery,0
7789.55,41,75273.2,12,15,0.44,grocery,0
4099.03,29,78127.42,13,20,5.33,utilities,0
6404.66,24,64796.08,13,14,17.49,grocery,0
13512.58,45,29117.04,29,20,88.9,entertainment,1
9859.22,28,95563.29,16,21,0.1,entertainment,0
6305.78,26,94236.86,22,10,14.11,travel,0
4892.06,22,77359.47,23,13,9.15,electronics,0
6145.27,28,160369.01,16,19,7.6,grocery,0
2115.99,22,29630.43,10,19,0.24,entertainment,0
16105.67,21,80604.59,20,15,4.35,utilities,0
6558.26,36,60200.18,7,6,10.69,entertainment,0
4387.11,40,76423.35,16,8,2.6,entertainment,0
2204.93,55,70273.76,15,20,10.21,grocery,0
4716.5,58,26206.86,17,8,14.63,grocery,0
14416.78,33,112210.0,25,11,93.01,travel,1
5712.94,36,106078.34,16,14,3.98,grocery,0
1544.07,39,63612.02,8,17,1.04,electronics,0
2943.64,28,190794.72,18,3,2.96,utilities,0
2960.12,34,81692.15,11,16,7.25,entertainment,0
5917.86,47,215567.34,14,4,1.96,electronics,0
4318.14,18,105114.25,15,12,3.84,grocery,0
3955.64,48,147265.83,18,10,0.85,electronics,0
2949.05,33,49910.35,19,12,17.59,utilities,0
5680.37,22,106018.05,15,12,2.08,electronics,0
3641.31,63,149038.09,23,8,9.88,grocery,0
5925.66,26,62595.29,21,12,0.56,electronics,0
3957.9,31,349672.93,18,20,2.38,grocery,0
12758.23,37,154728.5,16,21,2.09,entertainment,0
6692.6,43,82296.54,14,13,4.5,utilities,0
7430.26,34,89002.77,17,19,6.34,entertainment,0
6805.41,62,417306.44,12,13,0.01,entertainment,0
3797.11,32,73729.02,22,14,8.18,grocery,0
23932.14,55,57108.28,26,1,3.61,travel,1
5652.44,32,138137.99,17,11,3.09,grocery,0
6397.75,45,91801.12,18,10,37.78,grocery,0
8334.23,47,51620.13,20,15,0.49,electronics,0
7797.99,42,242961.63,16,19,0.16,grocery,0
9409.49,27,82485.2,16,10,4.38,entertainment,0
11199.74,18,190954.98,22,15,22.52,utilities,0
2733.71,41,33761.11,11,16,9.51,grocery,0
12405.81,18,135457.23,14,14,3.98,grocery,0
13374.71,58,85430.01,10,20,0.86,travel,0
5853.62,37,114274.35,13,10,23.48,electronics,0
3795.34,26,65369.33,15,9,8.17,electronics,0
1980.06,18,260244.76,17,12,0.13,travel,0
7373.95,18,131345.5,12,15,5.0,entertainment,0
1827.96,33,59531.45,16,16,6.79,utilities,0
2905.28,33,105271.36,11,19,8.32,entertainment,0
4716.27,38,141348.19,36,1,1.75,electronics,1
9867.96,35,81194.59,13,22,1.42,electronics,0
1437.93,35,208356.45,15,20,26.29,entertainment,0
1498.76,43,306261.05,14,17,10.35,grocery,0
5887.01,40,29435.91,15,20,17.09,electronics,0
12348.22,45,156155.1,19,22,8.78,electronics,1
16023.61,27,23460.8,22,9,13.48,entertainment,0
5258.93,35,56133.47,16,5,9.58,utilities,0
16981.78,32,41085.16,38,22,13.23,utilities,1
4347.19,18,68153.4,13,7,9.95,entertainment,0
4510.03,42,50657.76,11,13,6.63,travel,0
20646.02,23,79872.87,12,12,0.62,utilities,0
11525.11,20,76996.15,14,18,6.12,utilities,0
11000.21,30,45027.38,25,4,72.93,electronics,1
3403.55,25,174861.8,16,17,7.2,entertainment,0
8400.5,38,80382.38,24,12,11.12,utilities,0
5538.04,52,118452.99,16,13,0.92,grocery,0
12317.6,29,72001.06,16,19,0.48,grocery,0
5385.8,55,49168.99,22,12,8.23,utilities,0
4807.93,31,16926.81,20,14,5.13,entertainment,0
23957.25,49,36973.41,34,18,179.01,travel,1
3432.44,42,103587.9,15,11,2.87,grocery,0
5375.87,32,137102.5,12,9,1.04,entertainment,0
3452.23,35,100749.41,17,7,5.12,utilities,0
7729.58,37,82940.21,17,12,2.11,electronics,0
3356.87,35,35011.13,20,12,0.06,entertainment,0
6512.74,32,217404.47,18,12,1.45,entertainment,0
6418.17,21,50602.55,14,13,11.98,entertainment,0
12517.72,44,52681.63,24,5,27.43,travel,1
4528.97,18,76935.14,11,7,10.05,electronics,0
3910.66,31,63726.11,12,10,3.39,grocery,0
3074.62,53,41678.67,15,17,15.0,electronics,0
12616.61,35,62118.94,29,10,59.69,utilities,1
5233.3,35,59363.72,10,21,0.72,entertainment,0
21692.04,50,24976.64,25,4,14.27,grocery,1
5016.2,37,164016.61,22,9,3.68,entertainment,0
7116.51,40,62812.8,44,19,2.23,entertainment,1
3112.2,24,36763.18,12,20,0.57,utilities,0
12801.99,48,55083.69,17,10,20.91,grocery,0
9102.73,51,70803.41,13,18,15.8,travel,0
3707.57,45,63468.56,11,18,2.72,electronics,0
7798.6,48,57098.13,35,4,163.33,travel,1
8277.67,48,261240.24,9,13,10.38,grocery,0
3874.32,35,39858.55,9,13,9.1,travel,0
7038.38,64,61085.43,15,13,19.29,travel,0
8509.34,20,107731.96,20,23,1.66,grocery,0
7990.01,39,132799.33,22,16,9.49,grocery,0
4189.13,45,221814.73,18,18,16.78,grocery,0
6299.42,33,32320.32,19,14,2.2,entertainment,0
9236.92,26,116709.94,15,14,0.11,entertainment,0
7713.59,39,74946.1,22,13,20.04,electronics,0
5992.87,42,71217.88,13,17,7.91,grocery,0
1663.88,24,31991.97,13,11,13.3,travel,0
17663.34,23,11268.54,32,0,34.89,utilities,1
9879.28,46,109860.1,19,13,7.95,grocery,0
4030.7,49,210419.24,11,17,1.68,utilities,0
10447.85,41,77382.3,10,23,1.48,entertainment,0
4277.31,26,19899.33,12,19,13.05,electronics,0
5279.4,37,141891.4,24,1,77.88,grocery,1
6157.43,18,157468.21,14,20,7.67,travel,0
24788.29,45,64421.72,10,15,1.85,grocery,0
6956.67,46,156098.92,16,16,12.15,utilities,0
10105.46,36,73402.13,13,11,7.98,grocery,0
48024.1,52,27581.91,36,0,63.04,electronics,1
2363.73,32,76953.61,15,9,3.62,grocery,0
4113.84,34,80010.98,11,16,6.8,electronics,0
2370.92,48,90888.1,17,9,5.84,electronics,0
6766.5,36,169124.01,8,13,7.89,entertainment,0
7162.57,43,50334.8,9,9,12.83,grocery,0
1598.97,33,146435.46,14,19,2.15,grocery,0
3634.31,38,149902.47,22,10,24.82,utilities,0
18614.59,39,60278.68,11,16,4.17,grocery,0
2961.78,34,108675.58,15,13,2.33,grocery,0
2101.49,18,176620.22,13,5,2.99,grocery,0
656.4,18,103826.39,16,9,18.09,grocery,0
13160.43,38,60228.42,16,16,5.93,electronics,0
3714.98,34,85381.78,15,12,4.27,utilities,0
1663.22,47,106049.11,17,14,1.13,grocery,0
27615.96,36,14881.87,13,15,0.09,electronics,0
5755.63,18,42139.17,25,22,10.26,electronics,1
3202.83,18,28743.66,13,9,0.4,travel,0
5130.08,56,128664.26,21,18,0.78,entertainment,0
5578.29,51,29618.36,21,21,2.72,grocery,0
6910.66,20,473140.55,19,16,9.69,utilities,0
747.55,30,105115.41,14,11,7.51,entertainment,0
16446.42,23,112755.87,12,11,4.91,grocery,0
9565.27,39,32137.68,18,17,14.23,entertainment,0
18263.11,47,38609.11,24,22,30.91,travel,1
3335.06,45,221562.37,18,15,13.04,utilities,0
10360.86,27,53236.63,20,11,14.52,grocery,0
3062.53,41,36813.23,12,7,11.49,travel,0
10329.84,39,298502.18,18,13,6.82,utilities,0
15074.85,28,57623.8,11,15,0.08,utilities,0
7793.8,46,47553.28,12,13,1.51,utilities,0
5762.89,39,76243.41,16,9,7.24,entertainment,0
5222.26,29,78527.84,15,13,14.78,electronics,0
3117.13,34,80847.8,12,14,25.88,grocery,0
2208.93,35,72789.98,18,13,21.03,entertainment,0
13299.73,53,112506.92,9,16,3.24,grocery,0
13201.46,51,142566.61,19,9,5.54,entertainment,0
3871.88,51,50171.6,10,7,2.73,grocery,0
5174.46,20,47374.5,33,10,49.36,travel,1
14396.28,28,62530.91,26,1,19.7,entertainment,1
6203.65,33,62721.46,17,22,3.51,grocery,0
9273.44,18,80197.85,30,20,3.13,electronics,1
13728.89,34,46628.94,22,3,52.94,travel,1
14289.41,39,82576.59,18,15,26.6,travel,0
7987.86,33,28525.67,5,19,5.2,entertainment,0
1896.99,34,36143.2,19,17,7.94,entertainment,0
4911.09,18,227976.45,22,11,8.43,utilities,0
11407.12,32,307767.48,41,1,18.47,grocery,1
2242.63,22,164757.62,15,11,15.23,utilities,0
2699.25,26,109516.67,16,11,11.92,grocery,0
2367.77,42,77164.27,15,14,8.21,grocery,0
6812.6,50,28856.81,18,15,33.99,grocery,0
10168.58,18,77504.31,17,15,0.98,electronics,0
1660.27,45,62902.86,19,6,11.2,grocery,0
6783.82,26,34070.15,15,11,6.03,electronics,0
2074.47,49,49896.45,11,18,11.04,electronics,0
2535.57,33,85892.67,17,17,0.2,entertainment,0
7870.75,52,21246.41,11,13,1.54,grocery,0
6156.63,43,163552.36,14,17,9.37,electronics,0
28146.4,40,154873.18,27,10,58.15,electronics,1
4094.46,41,73577.73,23,5,5.79,entertainment,0
4112.94,28,161419.28,16,17,11.05,grocery,0
3931.97,21,30255.7,27,3,37.84,electronics,1
2021.89,33,32823.43,13,19,8.6,entertainment,0
3200.3,23,127607.63,19,17,0.64,travel,0
2335.8,51,22474.32,13,12,29.55,grocery,0
10325.71,24,55444.69,15,12,5.99,entertainment,0
5864.54,27,51145.32,11,19,13.19,grocery,0
2420.91,46,32255.49,7,11,5.87,grocery,0
10989.74,32,23848.85,32,1,11.09,grocery,1
1153.01,49,95967.42,13,13,15.91,grocery,0
8589.5,18,42835.06,14,13,6.16,entertainment,0
2814.79,24,47497.82,16,17,14.47,travel,0
6695.14,40,120804.73,15,12,2.72,grocery,0
4674.79,19,77788.59,8,14,5.08,travel,0
4025.62,25,82431.1,18,18,2.48,grocery,0
9238.49,55,116506.92,18,16,4.78,entertainment,0
5329.08,20,94616.31,13,5,5.48,grocery,0
9296.05,25,111971.96,6,18,0.78,entertainment,0
6449.45,40,78689.09,15,15,8.33,electronics,0
6118.88,32,61818.87,13,18,6.63,entertainment,0
6177.04,45,71375.0,22,13,13.42,grocery,0
5915.77,18,68392.19,11,15,4.6,grocery,0
3381.3,18,78233.03,12,15,7.96,entertainment,0
3939.14,21,34524.21,16,15,18.96,entertainment,0
9574.46,18,83671.4,17,21,17.46,electronics,0
2984.11,60,32712.11,11,6,1.14,electronics,0
2389.68,29,37711.0,9,23,2.26,electronics,0
7105.21,50,75323.98,17,18,2.36,travel,0
2551.5,50,309049.41,16,11,0.02,electronics,0
3495.48,41,80470.55,12,11,14.41,grocery,0
7841.36,35,50929.63,13,13,5.02,utilities,0
11610.68,70,102814.63,18,16,0.62,travel,0
11898.44,42,45805.57,22,3,39.65,electronics,1
4487.05,18,164485.82,16,23,2.26,electronics,0
5545.23,42,69465.67,14,15,30.54,grocery,0
7803.61,18,113852.79,16,10,4.44,grocery,0
2642.9,18,27029.73,13,18,9.27,electronics,0
4388.4,28,89789.12,15,10,17.91,entertainment,0
5209.06,30,100146.89,27,17,98.14,entertainment,1
3351.67,18,78592.0,18,12,12.85,grocery,0
22154.92,20,90780.7,10,9,11.44,entertainment,0
2997.83,38,67178.69,16,11,4.13,grocery,0
597.43,36,49376.42,10,16,4.3,electronics,0
8710.11,35,50527.86,23,10,4.43,travel,0
10439.22,21,43176.21,16,18,5.45,grocery,0
11326.93,35,55713.97,14,19,5.32,electronics,0
2161.0,55,211571.79,21,14,41.58,grocery,0
11420.8,53,49441.35,37,0,228.45,electronics,1
5222.96,25,242769.69,17,14,2.16,electronics,0
5337.38,19,80224.2,15,15,21.18,entertainment,0
8206.19,35,58002.74,17,22,2.56,grocery,0
1354.18,28,52236.02,15,13,16.67,entertainment,0
11710.82,35,160246.97,19,14,2.18,grocery,0
3362.77,48,65166.72,17,11,12.02,utilities,0
1716.99,37,49138.97,12,17,10.86,grocery,0
5635.27,54,125774.06,16,20,17.81,utilities,0
2884.14,28,128721.34,10,14,2.39,entertainment,0
3144.9,18,76291.24,16,15,3.27,travel,0
6005.28,36,70114.77,17,17,0.72,utilities,0
10458.75,62,71992.44,13,17,4.6,utilities,0
2150.73,20,56837.59,22,13,15.77,electronics,0
2201.85,50,82979.18,17,22,4.95,electronics,0
5632.11,50,67382.75,12,13,16.17,travel,0
3815.94,41,64342.0,11,10,23.12,entertainment,0
1969.03,54,44798.51,8,14,0.85,entertainment,0
4402.56,48,73545.4,13,8,7.48,entertainment,0
3628.78,24,78789.17,21,13,11.63,entertainment,0
3733.6,18,38341.07,16,13,3.24,grocery,0
3808.62,27,56979.44,36,9,12.28,travel,1
10146.0,21,30989.82,27,2,98.09,travel,1
10654.31,18,84661.67,10,17,10.6,grocery,0
3942.05,47,126872.5,15,10,6.08,utilities,0
4973.28,35,90057.46,20,13,10.05,grocery,0
2550.42,24,32350.31,22,1,10.62,travel,1
4690.34,36,152212.48,19,10,3.73,entertainment,0
4539.09,25,34432.8,14,22,8.7,grocery,0
3636.26,25,64806.75,22,22,6.49,utilities,0
2318.14,46,76281.31,22,11,3.8,grocery,0
6147.72,41,88995.16,17,11,0.22,utilities,0
4019.04,38,72486.56,12,21,7.34,grocery,0
5399.55,18,167206.32,10,17,0.07,electronics,0
4114.14,43,109300.21,19,14,14.09,entertainment,0
5751.49,33,66301.54,18,14,10.03,electronics,0
5908.37,26,88432.7,18,20,0.15,utilities,0
1343.94,35,78586.12,16,19,3.83,utilities,0
24919.17,53,145241.51,37,4,18.31,travel,1
4255.82,47,127776.23,16,14,7.61,grocery,0
11390.79,34,121434.44,20,16,3.13,grocery,0
9759.27,23,83311.69,20,4,43.79,travel,1
3345.32,22,71015.91,15,14,1.39,entertainment,0
5198.43,51,103105.72,24,9,2.42,entertainment,0
5765.02,45,113693.53,14,14,5.31,grocery,0
4263.26,28,145271.26,15,18,3.22,grocery,0
7335.31,18,104918.15,10,18,5.92,utilities,0
5225.67,21,89706.11,15,10,23.49,grocery,0
8906.77,43,60845.32,19,21,12.96,grocery,0
1110.07,26,58087.57,14,23,10.99,entertainment,0
8561.86,51,99512.09,13,13,3.7,utilities,0
6244.67,21,121494.45,12,14,0.52,grocery,0
5419.6,35,32300.8,17,12,0.11,utilities,0
11964.74,36,138407.67,27,1,24.13,electronics,1
16179.55,51,93477.66,9,20,1.66,entertainment,0
7167.23,30,100963.18,15,17,0.98,grocery,0
4787.3,42,222241.99,14,17,11.12,entertainment,0
30552.41,49,111002.67,27,5,64.46,utilities,1
1835.28,45,81331.83,18,6,28.17,grocery,0
8043.8,18,364027.16,15,17,13.71,grocery,0
5338.15,22,88932.77,19,15,15.69,travel,0
4447.16,47,32065.8,18,14,4.05,grocery,0
2740.35,26,66556.77,18,21,5.36,utilities,0
2095.67,39,39277.11,13,15,1.88,grocery,0
2572.71,18,73692.87,17,9,5.94,electronics,0
7894.5,42,35703.18,11,11,16.33,travel,0
3387.03,52,21210.56,7,17,3.91,grocery,0
3413.58,27,25668.37,17,13,3.51,grocery,0
3218.23,70,108393.9,16,12,8.29,grocery,0
7611.72,18,59604.19,14,8,20.6,utilities,0
9793.41,36,39786.54,18,23,6.14,electronics,0
3746.11,63,84332.2,17,15,16.92,utilities,0
2656.07,39,65154.78,14,15,7.35,utilities,0
5702.32,49,100740.1,19,16,3.31,grocery,0
7925.63,43,57720.6,19,9,2.39,utilities,0
5277.54,40,93146.18,17,15,17.48,utilities,0
8376.95,32,38818.98,20,13,15.83,entertainment,0
3275.09,31,124721.96,17,17,0.25,entertainment,0
29522.51,26,57322.49,20,10,16.41,entertainment,0
6339.21,61,76876.35,13,16,2.32,grocery,0
3752.66,24,40870.95,16,15,4.95,electronics,0
3516.77,65,19241.23,17,15,39.45,entertainment,0
8837.0,23,178719.12,20,11,6.86,grocery,0
7207.5,31,97527.12,14,18,0.67,grocery,0
640.29,18,91353.54,12,16,25.11,grocery,0
5523.69,18,73866.91,15,14,2.56,electronics,0
956.61,30,115819.26,11,16,8.97,entertainment,0
12889.35,19,103776.56,23,19,5.03,electronics,0
2690.67,45,71937.42,15,11,2.02,entertainment,0
3961.88,31,87732.52,15,10,1.23,electronics,0
6734.08,42,45365.21,15,12,12.02,grocery,0
2575.04,28,98453.04,16,13,3.84,grocery,0
5133.31,21,42126.07,18,10,1.93,electronics,0
2041.34,60,133313.71,19,14,13.26,grocery,0
6940.05,36,44605.28,11,22,4.65,electronics,0
26599.92,30,70914.45,18,9,2.67,grocery,0
5286.08,27,56546.39,14,14,8.95,entertainment,0
6925.56,23,47130.5,15,19,4.0,grocery,0
4106.34,43,47005.7,20,14,12.39,electronics,0
18757.78,37,65187.76,30,5,6.78,travel,1
6261.81,18,45703.82,18,7,0.01,utilities,0
5497.79,31,77030.0,13,22,3.05,utilities,0
1758.8,29,81671.25,17,16,2.07,grocery,0
15202.12,35,85372.03,29,0,42.59,electronics,1
3932.39,29,34890.37,14,14,10.74,entertainment,0
2479.09,18,169807.7,12,16,14.07,grocery,0
2746.48,20,88711.75,12,9,7.97,travel,0
8525.37,40,313029.11,14,18,6.12,grocery,0
6608.79,26,61307.68,13,18,0.76,entertainment,0
2150.22,54,67351.6,15,15,11.5,utilities,0
18421.72,18,105051.98,18,13,3.51,grocery,0
19927.28,18,89828.8,26,13,125.74,electronics,1
3352.02,27,84262.05,21,13,11.55,travel,0
3051.3,25,110964.1,17,14,7.77,grocery,0
17403.0,21,118820.23,16,10,4.04,entertainment,0
8755.34,20,145911.53,13,12,28.9,grocery,0
9310.6,26,85902.19,15,15,36.76,entertainment,0
12477.65,51,13018.73,38,3,84.28,travel,1
1467.35,25,118165.32,15,9,9.16,travel,0
781.58,32,58304.55,9,13,4.66,entertainment,0
11474.54,51,66062.73,13,20,7.07,grocery,0
4045.28,47,62735.3,10,15,0.46,entertainment,0
7893.71,39,129862.91,20,9,4.16,travel,0
5253.68,49,55497.87,12,9,2.05,electronics,0
6995.2,40,107358.64,12,11,0.02,utilities,0
3262.89,30,38322.64,21,10,4.66,electronics,0
12677.66,19,127837.16,12,19,17.29,grocery,0
2390.61,56,62207.19,21,22,7.06,electronics,0
17666.84,26,174171.75,35,4,37.27,electronics,1
8313.06,36,68012.69,12,17,8.76,grocery,0
5274.63,56,26373.92,16,19,17.87,electronics,0
2437.0,25,91945.89,14,15,5.18,grocery,0
5105.3,23,82480.92,15,14,14.41,entertainment,0
8386.04,26,96062.26,16,13,2.91,grocery,0
3208.65,28,27953.39,13,20,8.91,entertainment,0
7842.66,25,16746.97,27,0,147.37,travel,1
2908.04,18,35615.01,19,9,7.77,travel,0
19925.3,34,103244.39,26,1,29.83,electronics,1
22400.06,34,253000.79,18,18,2.81,utilities,0
6634.97,36,49868.7,11,19,9.72,entertainment,0
3931.92,40,134965.76,9,18,3.13,grocery,0
3953.72,31,161084.8,10,19,19.3,electronics,0
6879.98,30,95741.93,18,19,3.59,entertainment,0
5742.62,33,59471.01,17,8,19.44,utilities,0
10273.44,20,98238.26,23,20,3.19,entertainment,0
1874.45,52,62150.04,13,15,14.8,entertainment,0
7936.35,18,59634.7,31,5,105.68,electronics,1
19106.5,31,18278.78,16,6,7.68,utilities,0
13985.88,44,77467.95,19,10,4.4,utilities,0
7955.95,35,132343.08,16,17,5.9,grocery,0
4522.42,45,119897.52,13,13,2.69,travel,0
4486.66,41,139421.65,13,13,9.98,electronics,0
7319.67,49,66024.7,21,8,23.22,entertainment,0
1721.93,49,43373.52,15,7,4.41,utilities,0
6031.99,19,80242.46,30,20,73.96,travel,1
17134.85,23,67550.35,27,0,5.12,electronics,1
8459.42,38,65390.21,22,12,2.52,travel,0
2890.87,36,164932.79,34,14,19.26,travel,1
3688.24,22,88626.79,17,11,0.88,utilities,0
14696.5,36,59749.35,28,0,12.1,travel,1
6243.41,40,149375.93,14,21,0.46,entertainment,0
5780.55,47,100455.54,19,15,2.33,grocery,0
3458.79,33,75907.38,9,10,2.83,entertainment,0
2898.57,35,191754.74,5,3,3.1,travel,0
12814.63,24,162806.49,12,18,15.25,grocery,0
3377.87,57,37861.01,17,14,5.63,grocery,0
8485.85,24,43878.4,12,10,3.77,travel,0
1175.4,40,84360.33,12,18,8.44,electronics,0
6211.7,36,86530.71,11,17,3.54,grocery,0
4495.92,48,33859.5,28,4,38.44,entertainment,1
2135.6,22,63450.23,22,12,19.23,electronics,0
11916.02,44,65258.65,16,16,3.67,entertainment,0
5953.62,51,29823.48,9,8,3.21,entertainment,0
6483.32,29,31371.72,10,21,7.64,travel,0
10317.41,28,63912.55,24,18,66.78,electronics,1
11228.64,45,72692.61,15,14,60.12,entertainment,0
2292.83,18,109113.4,10,21,34.96,grocery,0
5181.09,18,96856.31,30,3,10.86,electronics,1
5305.69,47,105855.22,22,12,3.23,grocery,0
4731.29,22,109802.8,19,16,2.91,grocery,0
2252.61,49,36266.0,18,7,0.43,entertainment,0
9334.43,28,33078.76,15,18,18.45,entertainment,0
3456.54,50,38709.9,18,9,5.67,utilities,0
6762.08,41,52744.15,15,17,2.06,utilities,0
9347.41,21,85743.5,7,17,8.32,grocery,0
9065.32,41,142592.5,10,17,0.64,entertainment,0
5212.5,38,81590.72,13,8,0.47,travel,0
2877.58,28,130216.75,10,15,8.19,electronics,0
9108.41,33,164347.27,20,13,2.43,grocery,0
3869.32,30,61255.85,14,9,5.6,utilities,0
15187.64,35,55214.08,36,1,6.44,travel,1
5217.18,42,45701.88,10,11,3.33,utilities,0
5189.12,23,73883.8,7,17,23.91,grocery,0
9574.07,33,67593.21,17,13,23.73,electronics,0
5452.02,18,252239.23,18,13,8.76,utilities,0
9636.25,26,156662.64,17,12,12.42,utilities,0
11147.01,39,143386.49,33,4,14.67,travel,1
10062.36,59,65364.93,24,9,2.64,electronics,1
10589.47,34,81738.28,19,19,0.42,utilities,0
2293.79,37,66410.11,17,16,6.74,travel,0
12499.04,39,58498.96,27,12,6.08,grocery,0
9774.0,40,129345.04,16,11,3.86,utilities,0
7124.65,42,84078.75,14,18,5.13,grocery,0
3497.15,18,63062.48,18,10,2.55,grocery,0
1380.2,23,47412.69,16,17,2.43,electronics,0
4010.74,31,97532.9,16,14,3.92,utilities,0
2743.0,24,138230.15,18,15,2.48,utilities,0
7314.85,31,166363.04,18,18,7.78,grocery,0
5184.01,24,67747.54,21,6,17.42,grocery,0
2277.68,35,48553.98,9,15,6.53,entertainment,0
6555.99,44,47962.27,28,15,50.51,electronics,1
5876.68,29,156131.46,16,17,16.8,electronics,0
2810.93,45,172494.98,17,10,2.3,entertainment,0
3212.71,48,34132.62,19,15,17.3,grocery,0
21894.99,46,86519.2,40,4,35.35,electronics,1
17036.15,49,280284.13,25,13,3.75,entertainment,0
2527.11,43,44882.88,13,13,10.62,grocery,0
8823.54,25,205725.19,12,18,12.88,grocery,0
5222.6,27,95240.14,15,5,12.98,grocery,0
28816.56,50,37506.64,21,5,5.04,electronics,1
903.8,33,83936.06,16,14,20.96,travel,0
6617.23,18,92512.82,10,15,25.35,grocery,0
7603.71,35,132703.4,17,17,2.93,travel,0
6924.82,33,92471.15,11,20,1.7,utilities,0
13859.06,30,64561.01,19,18,8.86,grocery,0
1782.96,23,134071.72,17,16,6.62,entertainment,0
8553.98,24,72664.07,21,18,51.34,travel,1
5271.31,57,74049.82,11,9,0.17,grocery,0
4193.88,33,30620.57,16,20,8.17,entertainment,0
3914.46,41,120079.56,11,14,4.81,grocery,0
3846.3,25,72879.62,12,16,29.12,utilities,0
3714.15,37,38861.19,10,19,2.46,travel,0
4818.96,18,69681.98,16,9,7.46,grocery,0
3968.88,18,49515.06,13,15,10.45,grocery,0
5537.58,38,284732.31,22,15,8.59,entertainment,0
2296.54,48,174048.82,19,11,4.42,utilities,0
4995.12,48,54438.17,12,18,3.77,utilities,0
21365.49,29,61136.33,35,1,18.47,travel,1
3358.8,32,83564.83,11,17,2.73,utilities,0
9314.21,19,50251.61,13,11,2.9,entertainment,0
4086.93,43,236823.25,20,14,4.9,grocery,0
6296.74,18,50928.39,10,11,7.94,electronics,0
14099.52,26,60282.64,28,12,16.44,electronics,1
8799.74,42,183514.33,16,17,0.34,grocery,0
5416.5,62,93418.57,14,15,7.87,entertainment,0
17296.88,47,50972.77,17,17,17.77,grocery,0
7895.16,43,74884.7,15,18,10.56,electronics,0
2365.85,27,10963.18,15,17,3.86,grocery,0
8337.51,46,19126.53,13,11,0.35,electronics,0
17132.68,18,100751.89,21,12,3.54,utilities,0
2500.13,31,55394.94,17,9,5.97,electronics,0
4173.16,43,86392.23,17,16,14.94,electronics,0
3628.58,26,102255.18,20,9,28.74,travel,0
5013.69,39,97288.17,16,21,2.69,entertainment,0
4820.88,39,12624.9,13,13,11.94,entertainment,0
17660.43,46,10298.34,19,4,27.01,electronics,1
8963.55,38,125886.96,18,7,1.9,electronics,0
32685.33,34,81553.98,14,16,5.34,entertainment,0
1303.49,24,49057.96,13,17,3.04,grocery,0
5273.43,42,240733.63,17,11,9.88,electronics,0
4587.07,51,116485.82,28,20,1.19,electronics,1
3262.13,36,99852.94,18,15,3.08,utilities,0
9159.28,31,94280.67,17,10,12.68,entertainment,0
1952.98,39,33033.03,17,16,5.64,utilities,0
2660.51,31,19408.34,11,10,23.26,travel,0
16325.39,39,80488.57,27,16,114.39,electronics,1
7349.43,42,54160.34,19,18,4.27,grocery,0
10933.59,27,124184.56,25,4,49.8,grocery,1
4170.68,47,37285.91,18,6,3.77,grocery,0
8811.56,30,167912.64,4,18,13.32,grocery,0
1475.52,50,169610.36,21,17,5.07,grocery,0
12447.66,23,259120.29,11,18,12.34,grocery,0
1837.08,29,117845.23,24,21,38.49,electronics,1
1960.02,55,81374.88,15,14,4.04,electronics,0
1988.08,36,31903.74,13,16,1.47,electronics,0
2838.66,40,121839.88,15,18,6.08,grocery,0
5031.74,27,70373.6,16,18,14.24,utilities,0
4527.69,50,124379.69,13,9,3.29,grocery,0
3980.31,22,89491.24,18,15,8.01,entertainment,0
9229.35,36,41655.93,18,13,4.44,utilities,0
2511.1,49,60295.66,11,16,8.75,entertainment,0
4459.26,46,171709.99,15,9,5.67,grocery,0
7329.22,19,104474.96,16,21,6.42,utilities,0
7077.69,49,127815.33,21,11,13.06,electronics,0
4961.96,24,169662.41,14,14,7.07,entertainment,0
8157.23,46,52373.51,13,16,4.92,utilities,0
10787.64,44,126942.57,13,11,1.81,utilities,0
5061.12,41,134950.41,13,10,4.49,travel,0
5444.92,30,36261.21,11,14,7.25,grocery,0
7813.77,18,52169.65,20,17,20.5,entertainment,0
9791.39,21,121061.9,12,19,13.83,entertainment,0
5680.1,21,73209.15,34,11,45.55,entertainment,1
2473.33,31,179462.32,12,18,1.57,grocery,0
11745.02,35,62017.6,23,10,1.07,entertainment,0
2384.82,19,98699.49,16,16,17.06,utilities,0
11636.63,51,58007.38,18,23,3.66,grocery,0
3291.55,39,55385.86,17,15,7.89,grocery,0
4975.77,50,96026.35,15,17,6.15,electronics,0
9688.96,40,76414.31,29,5,113.77,entertainment,1
7899.65,55,80511.84,15,11,18.93,electronics,0
2458.47,42,47676.59,25,16,13.65,travel,0
6322.29,28,73954.61,15,20,14.62,utilities,0
5326.86,28,67201.68,16,10,2.31,grocery,0
5948.86,68,96261.59,28,19,3.52,grocery,0
4929.28,47,43195.33,12,16,5.2,travel,0
3883.85,40,90119.04,28,19,8.4,utilities,0
4420.5,31,79632.81,10,16,0.65,grocery,0
5041.98,36,67774.49,9,17,1.09,electronics,0
4405.28,31,42816.77,17,17,13.66,entertainment,0
8712.43,30,127283.43,20,17,0.25,travel,0
15149.85,25,12809.1,21,0,28.5,utilities,1
7020.9,48,178640.13,16,20,1.65,utilities,0
7332.9,65,67691.2,13,10,3.17,entertainment,0
8402.6,39,36278.85,23,15,0.49,grocery,0
2470.83,26,79122.74,15,14,7.7,utilities,0
5471.1,44,177391.94,13,8,2.73,grocery,0
17700.14,18,113925.94,14,17,10.21,grocery,0
7310.52,50,109544.58,23,7,11.71,electronics,0
4888.81,18,181605.92,8,15,8.32,grocery,0
5804.9,31,156318.26,20,15,1.21,travel,0
6365.04,46,257402.16,15,16,18.1,entertainment,0
3859.93,44,110548.81,18,15,3.02,grocery,0
822.59,49,34590.08,16,18,1.59,entertainment,0
5940.39,30,240618.32,24,17,0.38,travel,0
6434.28,58,164857.56,14,14,0.6,utilities,0
2247.28,36,90723.48,17,7,2.7,entertainment,0
4451.31,36,35919.83,24,3,23.93,entertainment,1
4343.84,55,119708.28,15,12,6.62,utilities,0
9309.79,28,73881.55,18,12,0.68,grocery,0
6984.17,41,86887.12,19,17,21.22,electronics,0
2871.87,34,90659.43,15,19,16.4,utilities,0
3910.84,51,114842.04,18,13,4.56,utilities,0
2996.51,19,47033.23,10,15,25.34,utilities,0
5707.39,25,169718.03,10,12,14.22,electronics,0
15630.57,27,114250.91,6,15,3.05,grocery,0
6449.24,52,47156.86,25,12,11.37,grocery,0
4117.43,46,94580.82,13,13,1.7,utilities,0
5234.67,52,152828.38,16,15,7.31,electronics,0
9458.68,41,112100.95,14,16,10.25,entertainment,0
1991.7,23,243473.95,18,16,5.09,entertainment,0
3641.33,39,44495.22,16,7,5.82,grocery,0
7767.51,22,80417.21,11,14,29.33,entertainment,0
8137.6,20,126730.59,20,17,3.26,utilities,0
3357.39,31,197738.32,20,20,7.3,grocery,0
6742.35,35,17474.11,22,16,5.37,grocery,0
2715.99,39,203084.74,9,13,10.1,electronics,0
3929.16,48,69965.74,15,18,1.14,grocery,0
4747.37,32,61030.27,9,10,13.72,travel,0
4798.14,28,81535.48,16,17,10.26,utilities,0
18912.52,41,115930.03,17,15,4.48,utilities,0
9567.11,68,56380.43,13,12,15.75,grocery,0
12184.67,39,120413.33,26,2,38.7,electronics,1
1339.03,33,70481.76,17,20,4.61,utilities,0
9341.51,38,112895.49,16,10,7.78,grocery,0
5824.43,35,75486.2,21,10,6.07,utilities,0
6799.47,26,60411.45,15,16,13.77,electronics,0
2586.55,47,43880.72,19,16,3.85,grocery,0
4088.7,18,580377.61,15,11,35.98,entertainment,0
10993.84,40,64228.38,17,12,26.89,entertainment,0
5954.79,35,211334.1,11,23,19.55,entertainment,0
4020.48,50,50045.56,18,6,5.92,electronics,0
5164.11,32,80392.6,14,11,46.22,utilities,0
4885.91,46,31116.47,14,14,11.29,entertainment,0
28034.28,37,39548.08,26,1,118.42,electronics,1
4545.7,27,83618.83,13,14,13.85,entertainment,0
1298.87,27,67412.8,15,14,6.68,entertainment,0
1977.3,37,131001.7,21,13,8.59,entertainment,0
10079.01,40,77098.99,11,12,26.71,grocery,0
8584.68,59,43608.24,26,4,59.27,travel,1
3011.99,44,55115.26,11,11,11.59,utilities,0
7454.0,36,40128.79,12,15,5.6,grocery,0
3898.17,33,116317.29,21,15,15.74,utilities,0
8882.36,33,136725.09,19,15,0.17,electronics,0
17376.49,35,55937.03,15,12,2.65,grocery,0
5570.57,57,154081.09,17,15,1.32,grocery,0
9312.84,27,134835.27,20,14,14.38,grocery,0
15067.24,31,146391.05,8,14,12.53,utilities,0
1096.74,29,171483.25,13,16,0.02,electronics,0
2329.35,32,184176.5,14,18,6.03,grocery,0
11758.31,52,91560.21,10,13,3.8,grocery,0
2667.41,24,129884.83,10,16,17.05,utilities,0
3272.75,20,98762.75,10,17,2.13,grocery,0
11318.62,37,220405.67,16,14,3.0,travel,0
6463.33,36,110757.85,22,14,6.5,utilities,0
17994.41,25,43698.24,19,17,2.79,utilities,0
20145.75,26,74183.54,31,5,19.97,electronics,1
3276.23,20,59365.84,14,15,2.73,grocery,0
24845.7,58,25878.06,27,3,64.16,electronics,1
8191.81,50,248981.84,19,15,1.16,entertainment,0
5934.06,47,86607.69,21,12,2.02,grocery,0
1290.96,40,50912.5,8,16,5.88,travel,0
3139.85,41,113115.93,12,17,8.05,travel,0
8340.29,18,51324.92,11,11,17.13,grocery,0
3025.01,51,98317.53,14,11,14.64,entertainment,0
8123.79,36,107640.61,16,15,3.03,electronics,0
3848.24,41,146947.85,13,18,0.69,grocery,0
6111.8,22,70847.44,10,18,6.27,entertainment,0
20699.19,18,94395.98,25,5,11.16,entertainment,1
1358.94,18,189113.09,9,19,22.68,travel,0
4759.0,29,42624.4,21,16,30.19,grocery,0
3588.54,35,80615.18,17,15,28.94,entertainment,0
18871.83,49,107870.59,17,9,19.29,grocery,0
2341.17,51,76561.86,9,13,0.07,grocery,0
3003.05,48,52486.78,20,8,1.31,entertainment,0
12747.33,18,267392.86,13,17,17.41,grocery,0
2396.48,36,87709.61,15,15,4.08,electronics,0
2838.1,32,80051.88,16,17,1.21,electronics,0
4959.35,57,100461.1,19,12,3.11,electronics,0
6183.13,36,92865.85,14,12,8.59,electronics,0
4014.62,18,89478.94,10,13,2.7,utilities,0
12810.7,22,160794.61,16,13,4.11,electronics,0
5502.57,31,149688.98,15,19,3.19,electronics,0
3735.38,18,50710.22,16,20,7.73,utilities,0
7065.36,52,132358.11,10,14,3.74,utilities,0
14391.81,26,67718.25,25,8,16.88,electronics,1
16402.43,46,41024.72,10,18,13.26,entertainment,0
4199.88,44,15217.84,15,5,11.79,utilities,0
2553.44,58,41669.0,15,15,3.43,grocery,0
5157.08,58,166791.85,12,13,5.7,entertainment,0
3447.89,47,130046.08,13,12,4.44,electronics,0
8903.61,40,130989.5,15,11,2.43,utilities,0
19655.41,26,68688.08,12,8,6.06,utilities,0
3767.58,34,88008.94,5,15,1.0,entertainment,0
1357.4,29,70927.03,7,13,13.41,grocery,0
3444.84,18,22473.44,15,13,5.56,grocery,0
4710.36,36,349383.23,8,14,5.28,grocery,0
11025.48,24,51712.46,10,18,4.71,utilities,0
2576.21,35,79005.12,16,19,3.82,travel,0
8916.47,32,113346.43,19,16,5.01,electronics,0
1840.05,49,61671.43,14,21,19.26,electronics,0
11906.44,38,53494.25,18,17,12.66,grocery,0
8508.16,37,129859.63,11,21,1.61,utilities,0
2002.42,30,52843.41,14,16,12.42,utilities,0
3851.37,25,59409.86,13,15,1.19,grocery,0
11272.66,36,109219.1,11,12,4.8,entertainment,0
13297.42,39,68311.29,26,11,2.02,entertainment,0
7373.94,33,53650.12,12,12,2.02,grocery,0
9960.4,43,102730.87,23,16,1.92,travel,0
6262.3,22,152494.17,14,20,3.1,utilities,0
30229.95,29,52842.25,29,5,16.03,travel,1
7096.84,47,34246.22,15,23,14.11,utilities,0
15893.34,47,72421.54,11,15,18.56,electronics,0
15351.72,19,71238.27,18,12,3.61,electronics,0
8520.82,25,58813.87,18,15,8.03,travel,0
3162.51,43,141560.84,17,17,4.74,grocery,0
28429.48,27,115439.3,28,7,24.23,electronics,1
4552.54,23,200144.26,16,7,4.72,grocery,0
1648.85,49,51273.11,16,9,4.64,entertainment,0
1283.04,21,37039.12,19,12,0.45,grocery,0
3346.47,42,101037.69,17,12,6.61,electronics,0
3100.25,18,75878.75,30,0,34.72,entertainment,1
7869.24,40,181073.87,13,20,20.9,grocery,0
34549.15,29,124509.14,16,9,1.3,utilities,0
3949.14,44,37880.01,16,13,0.02,travel,0
2351.37,40,63065.98,14,15,0.7,grocery,0
5157.12,31,27559.65,19,10,1.83,grocery,0
13252.66,23,69289.11,19,12,11.02,grocery,0
5243.75,47,185359.87,12,14,6.44,electronics,0
14431.85,40,115275.56,13,17,7.37,entertainment,0
5392.45,18,172014.1,15,17,10.13,utilities,0
4631.94,43,139836.2,24,16,3.99,grocery,0
2442.63,55,113281.59,17,19,9.08,utilities,0
8735.01,36,95869.2,18,13,6.58,travel,0
4730.32,52,86211.78,9,19,16.95,utilities,0
6508.72,37,53996.19,18,11,27.3,electronics,0
4709.76,46,33536.08,9,11,1.87,electronics,0
889.74,47,37402.06,18,12,7.27,grocery,0
4042.53,34,67968.87,18,10,0.94,travel,0
7989.37,47,101647.91,7,14,3.51,travel,0
12121.25,38,14085.73,12,18,10.54,electronics,0
9873.47,45,356891.92,21,10,9.21,electronics,0
6485.92,20,68324.27,18,20,13.51,electronics,0
1783.99,33,49692.31,16,18,3.18,utilities,0
3713.92,36,182742.06,14,8,0.24,grocery,0
4777.32,23,102839.33,13,14,5.59,entertainment,0
2461.78,37,47312.08,11,8,2.03,utilities,0
22450.46,31,46480.37,12,19,15.26,grocery,0
3724.57,26,40896.93,18,9,14.88,electronics,0
2805.17,43,178798.61,25,23,0.79,entertainment,1
7945.83,34,82986.96,15,9,3.06,grocery,0
6295.84,23,56959.26,35,22,22.97,grocery,1
3560.42,18,110908.76,22,9,8.85,entertainment,0
7470.54,51,122107.65,15,10,3.4,utilities,0
1816.8,55,255345.49,12,14,6.24,grocery,0
3317.42,32,40345.69,12,12,1.25,utilities,0
3865.1,36,155460.44,15,18,5.69,entertainment,0
9133.15,35,24053.7,10,14,3.31,grocery,0
21594.21,54,90544.84,20,8,8.55,grocery,0
2787.94,29,60450.99,18,12,18.35,entertainment,0
5676.97,37,45744.5,15,15,3.78,grocery,0
1251.5,33,48439.42,15,7,4.13,utilities,0
3160.23,37,104611.43,12,10,4.39,electronics,0
3787.37,38,44815.96,28,14,46.33,electronics,1
5530.9,27,131025.06,12,14,7.4,travel,0
9724.95,32,48659.77,27,7,13.58,electronics,1
1944.29,28,154102.94,17,7,4.53,entertainment,0
9935.27,29,61799.65,10,13,5.01,grocery,0
2824.18,49,162955.7,12,7,18.16,electronics,0
2717.25,27,247566.97,18,14,0.55,utilities,0
3650.98,36,262147.49,20,16,2.33,utilities,0
2558.55,40,65279.37,32,1,69.97,electronics,1
4125.97,42,41272.39,19,15,13.75,electronics,0
18950.1,39,54462.13,9,14,4.58,entertainment,0
3151.51,42,53411.9,16,14,21.94,travel,0
16327.89,41,47388.87,22,1,12.06,travel,1
4520.98,38,59322.21,20,7,3.55,entertainment,0
2923.81,35,73351.17,12,10,7.43,entertainment,0
1875.53,41,49542.01,24,17,2.34,utilities,0
2012.01,32,71673.04,19,15,0.57,electronics,0
4427.01,39,53063.8,16,21,2.84,utilities,0
16409.03,32,125667.28,9,17,1.61,entertainment,0
7624.8,49,81661.0,14,18,6.88,grocery,0
2484.15,18,200495.8,8,18,3.6,travel,0
3717.03,34,153532.64,15,11,4.84,travel,0
2220.34,18,105643.4,8,17,3.6,utilities,0
1913.83,18,114203.5,23,13,0.39,utilities,0
2936.95,50,91176.77,14,18,2.5,grocery,0
1716.95,22,119089.1,19,18,2.5,utilities,0
7086.95,44,172881.94,18,14,3.46,electronics,0
5524.4,30,92873.06,15,15,20.84,grocery,0
9615.15,34,46453.81,14,9,10.75,entertainment,0
5823.06,18,49486.3,17,19,7.79,grocery,0
6632.77,37,106595.7,18,16,17.19,grocery,0
3960.54,51,91229.38,9,20,0.44,entertainment,0
2734.85,60,45360.59,11,12,14.86,grocery,0
5041.18,54,49226.18,15,16,4.3,grocery,0
1010.73,28,350621.21,17,11,1.97,entertainment,0
3442.87,20,53328.92,10,20,11.24,grocery,0
5449.92,39,64209.93,11,21,4.16,grocery,0
3096.06,29,138676.3,14,17,9.54,grocery,0
8953.8,40,58131.14,11,19,0.61,utilities,0
8851.99,34,111151.68,24,9,1.41,utilities,0
7973.54,34,93372.16,14,14,6.76,utilities,0
2609.99,48,94026.11,10,13,10.22,travel,0
4935.05,36,55643.66,7,16,13.35,electronics,0
2997.61,27,61135.79,12,10,1.69,entertainment,0
7166.6,41,96398.74,16,12,4.98,utilities,0
4679.38,48,153350.39,12,9,14.74,utilities,0
2915.76,36,65855.44,14,11,1.01,entertainment,0
6927.01,44,56425.5,21,14,184.2,travel,1
2310.33,44,73696.81,15,13,3.85,entertainment,0
3449.78,35,139256.18,25,13,0.78,entertainment,0
7229.89,18,144679.7,16,18,0.49,grocery,0
4146.25,58,67768.98,10,20,4.99,entertainment,0
1772.5,27,126162.49,11,16,11.57,electronics,0
3878.75,18,30742.41,16,18,6.72,entertainment,0
21952.55,46,96873.28,16,11,13.29,grocery,0
2552.16,18,83543.67,18,21,0.1,utilities,0
9156.21,19,115519.42,14,15,5.54,travel,0
2679.24,35,98893.0,21,17,15.0,utilities,0
6203.25,32,51266.91,17,13,6.41,grocery,0
10010.62,30,128223.38,9,10,17.88,utilities,0
2074.39,57,71724.02,29,2,14.41,electronics,1
5213.67,47,114077.33,11,14,7.38,utilities,0
21318.12,31,56010.08,11,5,6.64,grocery,0
5231.39,39,45051.61,10,13,12.23,utilities,0
8742.83,49,54268.55,9,8,7.52,grocery,0
6384.0,24,166414.39,23,2,31.32,grocery,1
13055.29,35,76181.97,31,1,13.38,grocery,1
10669.22,29,66659.47,16,18,0.87,grocery,0
8288.96,26,56834.25,22,13,15.7,grocery,0
12688.17,24,101772.59,16,18,24.81,grocery,0
9425.78,27,54578.48,13,20,2.06,grocery,0
6603.86,43,205370.2,14,19,14.74,electronics,0
5017.74,18,108563.29,10,20,3.75,entertainment,0
26220.88,40,74110.11,16,10,5.31,entertainment,0
4892.1,55,32576.67,19,21,5.69,utilities,0
13533.23,40,76236.26,10,11,0.06,travel,0
5155.9,18,68849.97,10,12,14.53,grocery,0
8486.88,33,207706.56,14,12,20.44,electronics,0
2979.66,62,32690.32,14,12,0.81,utilities,0
2079.52,34,73935.06,8,22,5.75,electronics,0
12307.42,32,60626.2,29,0,61.7,travel,1
5984.63,45,27627.67,18,15,8.85,grocery,0
14245.48,24,56410.94,15,13,7.53,entertainment,0
4261.38,18,191193.11,15,8,7.25,utilities,0
1309.25,22,93563.13,18,12,3.67,travel,0
2163.33,42,64862.16,16,11,4.31,grocery,0
5973.7,32,145204.54,18,19,0.02,grocery,0
10510.64,36,69159.26,15,20,3.24,entertainment,0
3564.8,21,66923.12,12,16,3.36,utilities,0
6076.06,29,52293.61,18,11,7.42,entertainment,0
2316.65,32,235352.54,15,12,31.26,electronics,0
1833.72,18,25790.06,14,16,7.74,entertainment,0
5632.03,36,102809.7,15,13,1.62,utilities,0
10273.27,18,84795.48,12,14,3.27,entertainment,0
17647.59,37,209330.26,19,13,13.43,entertainment,0
8068.64,48,59817.7,22,2,7.43,electronics,1
2287.84,43,60306.33,16,11,6.93,utilities,0
6467.14,21,87655.49,14,14,7.83,grocery,0
4535.22,18,21332.92,13,15,1.01,grocery,0
3919.49,37,49511.35,23,13,0.32,entertainment,0
1445.05,26,55205.44,18,6,3.38,grocery,0
6354.59,18,33983.92,13,11,4.57,entertainment,0
10137.11,42,256504.89,15,14,20.07,utilities,0
6867.22,28,116278.37,16,14,9.21,travel,0
2333.06,38,98839.52,18,17,5.09,travel,0
1462.77,35,217759.95,15,13,1.44,electronics,0
7624.93,41,216904.61,12,16,18.03,electronics,0
3956.93,22,49790.13,18,15,30.62,grocery,0
12785.92,46,97678.0,9,17,8.97,entertainment,0
6318.5,39,82945.5,20,23,7.35,utilities,0
3842.49,37,84238.06,13,12,10.06,entertainment,0
5690.47,32,92866.39,14,16,1.93,entertainment,0
1962.94,41,141010.17,21,12,3.48,entertainment,0
2122.58,19,77210.24,14,13,12.66,grocery,0
4626.38,41,40351.03,10,18,13.64,entertainment,0
2729.01,27,98376.34,19,12,1.21,entertainment,0
9248.51,48,48688.28,13,14,5.37,utilities,0
1590.51,29,287004.62,12,15,14.0,grocery,0
2968.72,23,32759.78,21,16,1.89,travel,0
6504.27,42,94278.75,14,14,25.8,electronics,0
9975.69,22,293297.73,5,17,12.1,travel,0
1223.45,42,99684.87,12,7,32.54,grocery,0
3259.18,36,192260.41,12,16,11.78,utilities,0
9024.72,32,73263.65,19,20,5.61,electronics,0
8432.38,37,125669.22,10,19,1.29,utilities,0
15888.21,56,181255.34,13,19,4.15,grocery,0
3247.11,33,240645.13,14,14,10.66,travel,0
11833.13,22,178975.25,11,16,0.54,travel,0
5059.23,70,59868.66,16,17,2.19,utilities,0
4383.55,51,143868.66,14,18,2.1,travel,0
5819.02,28,87930.79,18,14,22.17,entertainment,0
5179.15,55,99697.59,19,19,22.97,entertainment,0
5102.37,32,57433.51,20,13,5.99,utilities,0
10523.95,27,74085.85,19,13,4.57,grocery,0
1515.43,56,128057.88,11,19,16.21,entertainment,0
21152.66,28,105486.23,16,15,1.69,utilities,0
14071.54,33,135830.45,15,15,1.74,entertainment,0
1951.94,39,175797.69,14,22,7.52,entertainment,0
7827.0,47,65517.25,16,8,2.44,utilities,0
5215.66,48,66169.31,9,14,4.69,grocery,0
11115.78,34,130194.49,20,22,0.4,utilities,0
2643.4,37,53769.78,18,11,12.37,utilities,0
1289.9,52,187978.81,9,17,15.64,electronics,0
10384.61,26,109707.93,25,9,27.52,electronics,1
13795.84,22,77299.96,11,9,3.75,grocery,0
1010.74,33,134094.13,12,18,2.88,grocery,0
17738.42,44,129966.16,24,0,291.15,grocery,1
1740.56,34,123051.38,9,18,30.35,grocery,0
2287.73,58,219341.64,27,4,74.12,electronics,1
8936.86,22,72778.32,17,21,2.57,grocery,0
7164.75,30,75735.3,17,14,4.82,grocery,0
6074.9,44,59902.82,19,21,2.02,travel,0
3194.95,19,105019.78,35,5,52.26,travel,1
14164.42,29,27508.05,14,16,16.52,utilities,0
10174.19,24,209275.64,25,11,13.14,grocery,0
6040.34,40,40566.42,19,20,23.0,electronics,0
10146.62,49,48532.8,13,19,2.0,utilities,0
10693.04,49,43562.11,13,7,12.15,electronics,0
5873.34,32,73603.24,13,23,2.48,entertainment,0
21805.72,25,63256.18,16,14,4.81,entertainment,0
3368.39,42,79122.13,17,13,2.67,entertainment,0
7610.05,32,51761.63,18,16,26.32,grocery,0
8907.65,23,81558.35,14,11,12.19,utilities,0
11755.48,31,63567.31,14,12,9.17,grocery,0
12580.75,45,62442.73,12,15,19.85,electronics,0
4122.04,56,81068.62,13,15,1.54,travel,0
11853.45,30,99376.1,17,15,17.06,entertainment,0
7648.44,22,103264.46,29,23,172.98,electronics,1
1457.93,38,69672.73,9,18,8.74,grocery,0
2746.18,37,48269.42,18,15,1.81,grocery,0
3336.23,40,36645.07,17,17,6.88,entertainment,0
9185.96,33,49389.67,20,15,11.47,utilities,0
7476.23,29,95325.83,12,20,13.39,electronics,0
3047.51,41,80100.19,11,13,3.72,electronics,0
2395.86,29,64701.37,7,20,10.52,utilities,0
14236.51,18,192318.89,13,17,9.06,grocery,0
7945.46,28,65900.49,32,1,132.7,entertainment,1
8765.76,48,613331.56,19,15,2.29,entertainment,0
4156.03,37,140527.99,18,13,1.88,travel,0
6922.05,44,124442.19,22,9,12.49,travel,0
6983.64,48,59781.29,15,12,0.31,grocery,0
3470.33,38,140076.02,13,19,4.42,utilities,0
10830.5,34,40967.59,35,23,10.8,travel,1
2469.76,19,33360.67,16,16,8.11,grocery,0
3371.29,28,108804.71,14,19,7.03,electronics,0
5405.05,29,95832.46,13,11,11.36,grocery,0
2117.76,44,52671.12,19,23,20.32,grocery,0
2180.11,31,48227.55,15,18,13.76,utilities,0
7748.22,18,115746.42,13,11,0.66,utilities,0
8209.02,53,48350.27,13,12,4.56,entertainment,0
4208.57,27,44208.24,14,7,5.85,grocery,0
3006.08,35,101295.33,14,18,3.48,entertainment,0
20228.25,39,40572.67,12,16,5.61,entertainment,0
22273.25,41,69332.75,21,20,13.13,electronics,1
2753.39,35,16187.74,14,8,19.57,grocery,0
3001.88,59,209763.92,17,16,0.71,utilities,0
2035.91,18,81161.07,21,11,11.96,grocery,0
2875.21,37,165638.86,16,16,11.87,grocery,0
1635.01,28,102767.14,11,17,0.6,grocery,0
16405.55,35,116201.36,17,23,17.16,electronics,0
8272.41,28,75598.17,14,11,3.6,utilities,0
1922.06,36,27180.09,20,7,0.18,grocery,0
27626.59,59,35321.11,29,4,58.53,entertainment,1
2426.49,40,23372.35,12,9,5.54,utilities,0
5207.28,61,66354.38,16,16,5.97,utilities,0
13241.85,51,88810.41,22,12,4.41,utilities,0
5016.17,59,78794.69,20,16,0.4,electronics,0
1529.28,59,56831.52,15,10,21.35,entertainment,0
5065.61,50,55608.53,12,14,24.87,entertainment,0
4753.72,30,58304.06,11,19,18.81,entertainment,0
2411.32,48,199292.27,19,21,10.6,utilities,0
5267.03,18,93468.03,14,9,14.1,electronics,0
4450.8,42,19170.01,15,14,3.41,entertainment,0
11650.77,65,27237.86,13,15,12.63,grocery,0
5715.65,53,69937.84,11,17,0.05,grocery,0
1190.91,29,96234.97,14,21,6.54,utilities,0
7437.86,43,85686.49,16,17,0.42,travel,0
5062.64,50,56551.65,22,3,60.75,travel,1
9213.32,24,97438.88,12,12,0.74,travel,0
13788.86,48,42087.8,13,14,0.95,utilities,0
2181.49,50,40151.52,8,5,1.85,utilities,0
5326.44,43,128056.92,15,22,1.11,electronics,0
1025.03,38,72512.59,12,17,2.12,grocery,0
4417.53,23,111214.21,16,16,3.39,grocery,0
2819.01,27,91920.37,19,11,8.46,travel,0
5543.3,23,37837.91,11,20,9.31,grocery,0
6797.32,44,30740.18,24,0,13.69,grocery,1
3658.33,36,64641.31,19,11,3.57,entertainment,0
13924.02,24,70447.33,25,0,30.37,electronics,1
2670.85,36,66592.9,15,14,6.0,travel,0
2226.61,67,56323.19,19,17,2.85,entertainment,0
30473.72,60,76833.65,30,1,10.46,entertainment,1
3082.1,38,35606.13,8,15,7.94,utilities,0
9243.06,47,118947.67,10,14,26.11,utilities,0
2545.98,37,139677.04,15,10,2.99,grocery,0
9148.42,34,49473.81,19,12,7.52,utilities,0
3372.87,42,101410.89,13,9,2.3,grocery,0
3184.63,57,60993.44,17,12,23.89,utilities,0
1198.22,30,41532.62,11,12,13.1,travel,0
4874.21,33,53908.17,8,16,5.6,grocery,0
10999.27,41,72347.3,18,17,17.0,electronics,0
5334.38,41,109597.2,13,13,2.92,utilities,0
4896.19,38,329626.08,11,9,16.21,grocery,0
7905.85,38,53473.95,27,5,1.08,travel,1
8900.14,39,127440.87,20,11,9.99,electronics,0
5610.42,33,213115.38,12,23,1.94,utilities,0
4408.28,25,158157.61,16,15,2.16,grocery,0
9862.67,39,90418.54,13,15,14.98,electronics,0
7187.44,41,82206.71,18,12,10.83,utilities,0
4233.13,45,132655.6,17,10,6.57,utilities,0
1280.86,45,80618.13,22,13,5.11,utilities,0
3262.66,26,48550.0,11,11,11.31,entertainment,0
5612.17,31,130926.57,19,12,10.22,grocery,0
3061.15,23,79695.12,10,9,15.22,travel,0
5837.45,47,134842.97,12,12,14.03,electronics,0
7740.03,34,71671.45,14,12,0.91,grocery,0
9246.88,47,82232.78,10,9,16.52,grocery,0
12736.24,24,205876.22,14,17,11.48,entertainment,0
4165.13,41,220814.43,17,14,4.18,electronics,0
4906.84,37,132267.32,17,13,7.77,grocery,0
10448.27,40,55231.42,9,17,23.01,grocery,0
8112.04,20,140573.91,20,16,6.26,entertainment,0
18600.97,59,103865.79,16,9,3.04,travel,0
3062.55,35,199894.3,14,13,5.3,utilities,0
1291.15,54,22100.74,12,14,1.55,electronics,0
5023.88,35,47721.01,19,12,20.17,grocery,0
2149.5,41,29950.27,20,10,12.03,electronics,0
4854.87,44,29714.81,18,9,30.24,electronics,0
4269.38,43,86207.72,16,9,16.79,electronics,0
2170.74,45,154054.56,20,16,10.35,grocery,0
4306.95,18,18466.96,12,23,2.91,utilities,0
10880.33,27,110192.7,21,0,48.84,grocery,1
4464.43,18,70005.35,17,10,4.57,entertainment,0
9460.17,35,209428.94,10,16,2.57,utilities,0
5968.41,26,134670.94,11,19,7.53,grocery,0
23381.68,53,52816.7,20,15,2.66,entertainment,0
3239.59,18,36772.54,17,18,3.02,grocery,0
6583.83,48,53841.15,15,16,2.26,entertainment,0
13515.85,48,23344.9,21,12,12.58,entertainment,1
3335.79,20,29248.29,22,11,20.77,entertainment,0
6350.18,40,185865.64,15,11,6.66,grocery,0
5000.3,25,75158.52,18,9,1.66,grocery,0
14273.76,20,63503.37,16,2,161.72,entertainment,1
3895.1,29,48865.45,10,14,0.93,grocery,0
3187.39,19,66600.73,18,23,15.99,entertainment,0
9771.99,18,110479.6,8,14,3.66,utilities,0
4017.35,18,101550.57,13,9,0.2,grocery,0
1193.45,35,70095.41,14,13,22.85,electronics,0
3552.27,22,59232.14,12,13,0.73,grocery,0
3767.16,60,56024.39,21,9,2.5,utilities,0
13426.34,30,133177.8,16,7,2.92,electronics,0
8460.62,48,200700.11,12,14,3.36,grocery,0
6785.56,26,117660.57,9,8,31.41,grocery,0
6756.57,38,155713.87,12,12,1.63,entertainment,0
2663.39,18,90498.39,16,18,16.52,entertainment,0
1498.89,29,126909.29,17,4,0.6,grocery,0
7026.72,45,41269.57,15,15,3.14,entertainment,0
4798.6,33,56511.82,11,20,2.15,entertainment,0
13447.22,33,78968.86,14,16,12.24,electronics,0
8189.1,41,80712.79,22,15,5.65,electronics,0
9471.64,40,108370.1,13,13,7.25,utilities,0
4555.84,18,40121.77,12,13,6.63,electronics,0
21712.81,30,30633.46,37,4,16.54,electronics,1
5149.78,55,161965.61,11,12,3.5,grocery,0
3862.49,48,140700.61,14,14,3.25,electronics,0
1026.95,18,73697.85,13,9,3.65,electronics,0
6796.73,18,113556.55,16,8,26.89,grocery,0
5804.25,53,34715.48,21,22,0.84,electronics,0
5124.35,32,91709.5,14,14,7.79,electronics,0
4643.89,28,94930.49,15,13,0.39,entertainment,0
2874.82,27,30425.84,13,20,11.58,travel,0
5840.59,35,114717.38,16,21,9.09,entertainment,0
3172.85,35,71954.54,10,13,2.71,electronics,0
5485.85,18,61408.89,23,13,9.67,electronics,0
5681.58,18,129882.43,14,14,6.43,utilities,0
6405.09,18,64129.81,19,19,0.27,utilities,0
2826.43,26,62776.64,21,19,18.42,utilities,0
4485.97,31,45095.13,21,14,7.12,entertainment,0
10117.19,35,45807.89,13,18,9.75,electronics,0
2907.81,60,106040.29,15,16,12.01,electronics,0
3925.28,18,152394.23,15,16,4.42,utilities,0
24731.9,37,59318.22,23,19,16.92,entertainment,1
4966.01,26,47280.41,18,17,5.61,utilities,0
6007.74,53,106200.9,20,15,10.23,utilities,0
2771.19,31,87630.19,12,13,13.09,grocery,0
4232.12,52,61104.15,14,13,0.66,travel,0
13197.38,56,31721.27,11,16,5.33,entertainment,0
5724.84,25,129246.87,16,10,9.3,grocery,0
5019.89,38,124699.99,12,15,3.95,utilities,0
5843.6,61,51940.76,12,14,0.98,grocery,0
5813.03,40,92806.87,17,11,15.44,electronics,0
4193.4,31,46741.74,21,10,34.06,grocery,0
18450.92,18,105329.82,12,13,1.24,grocery,0
9004.92,32,68562.78,25,0,30.29,electronics,1
6661.26,18,69870.59,17,8,14.44,electronics,0
6090.71,38,80680.4,14,15,0.64,travel,0
31083.08,38,117806.84,22,5,49.82,travel,1
4175.26,21,59598.42,17,13,15.11,travel,0
8831.2,20,144372.27,11,13,10.24,entertainment,0
13924.18,37,129968.47,18,15,11.55,electronics,0
30064.19,44,189916.42,15,10,10.69,grocery,0
20807.7,39,106986.47,31,4,6.2,travel,1
7372.48,35,19897.68,24,6,5.8,electronics,0
19755.37,32,98771.59,16,8,5.09,utilities,0
4329.57,36,91147.73,14,19,11.91,utilities,0
12472.93,53,53328.48,11,16,3.54,entertainment,0
3581.89,34,65943.07,17,14,5.68,electronics,0
27526.39,29,112782.82,28,19,3.53,travel,1
9889.25,32,31331.93,10,17,13.81,entertainment,0
18808.83,26,73946.19,16,12,6.04,grocery,0
12934.69,36,135774.52,11,16,5.41,entertainment,0
3540.65,39,64689.98,9,18,7.95,grocery,0
13745.26,42,47354.1,14,13,4.5,entertainment,0
34131.16,50,256593.28,23,2,91.95,grocery,1
2714.47,33,100811.85,18,11,7.62,entertainment,0
16047.64,22,94871.8,16,12,11.2,grocery,0
2607.15,38,167697.48,21,13,0.0,electronics,0
6005.7,33,95289.61,11,13,2.94,grocery,0
953.77,20,40863.16,15,13,3.72,grocery,0
5878.1,27,78063.69,10,12,3.66,utilities,0
6023.76,33,327685.59,12,13,1.39,entertainment,0
15845.73,52,30467.92,30,2,3.69,utilities,1
8642.22,25,83582.75,21,12,36.72,electronics,1
13667.43,40,28644.95,22,3,5.24,electronics,1
4050.95,28,86399.23,17,14,3.61,utilities,0
6685.24,54,190557.98,17,11,7.85,grocery,0
14357.23,30,44177.79,36,20,30.82,travel,1
1966.19,28,105959.11,17,23,16.81,grocery,0
3474.35,51,221844.74,21,17,15.38,utilities,0
10664.09,23,63421.51,12,18,0.57,grocery,0
3836.85,31,107271.9,11,15,5.57,electronics,0
3134.51,30,174089.4,9,13,1.59,grocery,0
1355.61,36,286704.0,10,10,4.85,grocery,0
13593.92,28,205728.37,13,16,0.05,grocery,0
9584.62,43,61749.54,15,12,5.8,grocery,0
1522.03,51,86423.64,18,14,5.2,utilities,0
1843.89,32,83024.74,9,14,12.35,grocery,0
3979.62,24,155898.5,7,18,2.74,entertainment,0
20797.3,18,146714.55,21,16,3.51,utilities,0
4312.92,36,47358.47,18,17,6.07,entertainment,0
1415.75,36,76453.68,16,21,13.19,electronics,0
16822.61,18,49899.48,11,23,9.89,grocery,0
4066.85,18,65723.98,16,15,0.41,entertainment,0
3640.78,57,42940.61,30,5,7.84,travel,1
4276.54,51,63992.96,27,14,69.48,electronics,1
1999.27,32,26241.06,18,22,11.04,electronics,0
4124.56,53,73366.94,9,7,10.93,grocery,0
6583.86,40,237956.46,17,10,3.11,grocery,0
2332.87,25,94552.56,16,15,1.68,utilities,0
5926.41,29,141923.98,8,16,8.61,electronics,0
5733.47,32,118100.47,17,17,17.76,grocery,0
1367.81,30,54979.94,22,19,18.32,grocery,0
10545.33,21,40065.41,31,6,19.44,travel,1
11299.33,25,134009.29,12,7,7.55,grocery,0
1924.67,30,140625.05,11,19,5.02,electronics,0
1966.96,39,37572.55,12,9,5.9,grocery,0
12893.98,53,63531.82,8,14,18.27,electronics,0
4592.94,44,149482.09,10,12,0.02,entertainment,0
3063.99,41,57991.71,14,15,8.48,grocery,0
6916.8,18,48580.63,22,12,24.09,utilities,0
8119.46,29,56853.27,13,13,11.57,utilities,0
10229.43,39,57351.74,13,15,5.23,grocery,0
3289.11,21,75006.2,11,11,12.31,grocery,0
2394.38,33,127027.73,22,18,23.46,utilities,0
2140.54,25,117444.0,18,14,5.39,utilities,0
1244.67,30,63598.5,17,11,4.11,travel,0
6071.44,45,48056.44,20,15,0.77,utilities,0
8545.64,43,28873.34,24,5,183.48,travel,1
1593.6,56,70818.41,14,14,6.51,utilities,0
3156.72,46,97266.04,15,16,34.55,entertainment,0
14057.25,50,164005.41,11,17,8.47,grocery,0
2020.79,18,88254.46,10,12,1.61,utilities,0
2016.07,18,126001.24,19,17,8.06,utilities,0
5453.28,18,160923.07,12,14,11.56,entertainment,0
11585.24,40,120887.5,17,16,9.51,grocery,0
8084.73,43,82969.32,19,14,11.08,grocery,0
2772.06,43,78613.82,11,11,2.44,travel,0
7716.94,52,62783.02,12,11,4.09,grocery,0
5382.69,37,70618.53,18,16,0.81,entertainment,0
7325.94,35,183979.14,15,20,5.9,entertainment,0
6882.71,32,84100.25,19,12,5.2,grocery,0
12446.86,44,28408.05,38,1,43.52,entertainment,1
8099.0,29,36764.79,23,10,7.95,utilities,0
7539.44,45,77638.96,8,20,9.76,travel,0
3425.68,28,92867.09,13,19,1.44,grocery,0
3527.01,61,79539.16,22,2,82.37,electronics,1
6811.89,35,199928.36,18,8,0.49,grocery,0
14370.73,41,22597.26,15,8,36.71,entertainment,0
22667.77,26,46209.9,26,2,12.52,travel,1
1710.17,22,40230.22,17,16,0.3,electronics,0
11416.0,18,266553.64,12,17,18.68,entertainment,0
36058.82,26,174634.09,15,22,45.15,travel,0
7778.69,46,224856.44,12,12,1.68,grocery,0
23883.01,23,156207.65,15,15,1.32,electronics,0
13818.0,42,113865.12,13,11,9.06,travel,0
2533.54,48,53412.34,15,7,8.73,grocery,0
26708.1,18,32061.04,25,23,21.64,entertainment,1
2421.89,36,91951.74,17,15,7.18,grocery,0
8750.45,49,54888.68,16,12,2.02,grocery,0
3932.84,70,34801.3,15,15,24.68,grocery,0
2844.24,42,26176.35,16,23,5.8,entertainment,0
10719.91,43,76376.96,21,13,7.51,grocery,0
4704.34,44,76966.57,10,9,20.77,grocery,0
3151.58,25,28497.96,29,5,4.05,travel,1
2134.2,32,72755.08,13,16,9.92,grocery,0
7154.82,23,67206.38,9,20,5.17,electronics,0
7052.48,45,85942.12,15,14,1.52,utilities,0
6421.1,50,50112.84,13,19,12.3,grocery,0
2961.92,42,38176.85,8,8,20.74,electronics,0
35433.05,32,43227.97,12,20,2.0,grocery,0
7632.05,35,73461.03,9,11,13.31,entertainment,0
3900.59,22,205789.19,13,12,2.61,travel,0
4035.74,33,74884.51,12,15,15.66,electronics,0
3013.31,31,119736.26,16,12,17.36,grocery,0
4932.75,23,74592.59,29,22,49.69,electronics,1
6449.72,38,58348.38,15,15,5.25,electronics,0
3921.28,38,79127.04,22,16,12.22,grocery,0
7612.78,45,83893.85,9,9,13.33,grocery,0
2183.1,42,339696.34,11,12,21.05,grocery,0
8414.25,33,48372.34,16,12,13.1,entertainment,0
3484.72,68,34308.89,13,15,1.74,grocery,0
5853.5,33,124678.97,14,15,1.2,grocery,0
2179.95,39,122781.1,9,18,0.23,travel,0
1833.0,37,65640.62,14,9,4.01,grocery,0
3773.19,22,140296.27,10,7,3.87,utilities,0
3661.95,18,39846.32,19,11,15.67,grocery,0
6725.55,28,255651.07,12,16,8.18,grocery,0
6737.33,40,73065.84,12,12,13.96,grocery,0
19687.89,18,259406.2,17,4,4.14,utilities,0
3415.37,23,105287.93,21,14,7.71,utilities,0
12036.87,66,41035.77,10,15,9.87,entertainment,0
4249.95,18,19066.09,22,0,47.22,travel,1
10852.76,23,91021.15,12,15,4.42,entertainment,0
5240.66,34,64212.25,21,13,13.75,grocery,0
7450.73,37,33912.75,28,0,270.09,electronics,1
8594.75,32,75641.42,15,14,0.26,grocery,0
5149.57,31,51526.15,20,14,0.29,travel,0
9885.39,41,41170.61,8,14,8.2,utilities,0
4937.35,23,146548.57,15,10,13.39,electronics,0
1555.75,38,61147.62,14,19,2.92,grocery,0
1395.97,37,241223.22,11,15,10.78,entertainment,0
2957.71,36,57408.91,15,9,4.49,electronics,0
2726.25,24,35844.61,13,18,9.49,grocery,0
2074.1,35,30876.86,15,19,5.37,electronics,0
6059.83,28,632443.58,16,12,2.39,grocery,0
2397.47,41,204257.32,15,13,22.99,entertainment,0
3392.35,35,47444.66,14,19,7.92,electronics,0
2882.83,18,64103.72,13,19,1.24,utilities,0
3975.36,34,142618.83,20,12,6.11,grocery,0
11225.5,37,39909.49,26,3,19.51,entertainment,1
9142.92,38,72134.49,21,2,3.6,electronics,1
6433.83,26,42146.84,10,12,11.73,entertainment,0
5375.42,27,140087.69,23,10,10.18,grocery,0
4567.62,18,56917.27,20,10,24.57,utilities,0
2595.78,31,56229.39,13,16,1.7,utilities,0
2609.52,19,113817.41,17,19,12.21,grocery,0
5078.16,43,147564.34,10,14,2.44,electronics,0
7661.61,36,88095.66,18,18,6.6,entertainment,0
2953.58,33,152429.33,15,16,3.2,grocery,0
2539.12,28,129520.66,15,14,9.54,travel,0
5552.58,58,73754.71,15,7,5.82,grocery,0
7590.2,33,107188.35,10,20,2.57,grocery,0
5431.45,38,43862.94,38,18,63.27,travel,1
2157.69,32,104538.5,23,5,70.5,electronics,1
13340.71,26,198161.69,18,15,18.61,utilities,0
1711.69,44,115566.94,8,16,1.82,utilities,0
14165.5,35,60470.63,16,20,5.0,grocery,0
12866.19,29,110131.65,18,7,9.89,travel,0
7429.96,28,84653.64,31,1,7.67,travel,1
2393.12,18,104032.64,14,3,1.13,utilities,0
5297.71,49,115259.64,16,19,5.72,grocery,0
3642.02,18,56234.83,11,10,6.28,entertainment,0
3012.35,24,70078.13,21,8,0.78,grocery,0
7496.84,44,160172.71,13,22,10.51,utilities,0
3571.61,38,176271.16,18,15,12.99,electronics,0
6976.02,44,169290.3,22,16,12.34,travel,0
3513.54,35,137849.0,11,8,0.32,electronics,0
3248.17,38,90118.13,11,15,10.61,electronics,0
16913.93,46,81963.65,14,5,46.85,travel,0
5669.18,27,156793.77,9,14,4.12,grocery,0
12151.45,40,87098.77,17,14,2.49,travel,0
5942.54,50,79351.62,10,17,0.12,electronics,0
12139.54,53,68138.24,16,11,24.72,entertainment,0
4205.86,67,35304.51,15,5,1.35,utilities,0
7237.71,30,196439.51,21,8,2.55,grocery,0
1971.69,43,70573.58,14,12,9.21,electronics,0
2248.37,43,83782.36,13,12,13.79,entertainment,0
2259.17,37,150846.2,20,16,7.25,electronics,0
12697.43,55,54161.11,24,15,9.09,grocery,1
3748.15,18,34905.31,12,6,10.34,travel,0
10761.13,53,83553.14,15,18,6.91,grocery,0
4698.06,46,94016.01,13,9,6.77,grocery,0
10765.38,26,95660.15,14,15,1.78,grocery,0
8624.15,46,83262.63,15,9,3.44,entertainment,0
6919.86,18,40768.01,19,22,17.95,utilities,0
14154.65,34,154771.46,15,14,0.53,utilities,0
12260.07,21,147154.15,14,6,12.41,utilities,0
7087.03,44,284492.54,29,0,17.41,electronics,1
1346.7,60,10664.25,14,12,2.87,grocery,0
7757.02,49,54344.97,12,14,4.65,utilities,0
5473.29,44,177154.68,20,20,6.35,electronics,0
7292.08,33,53013.42,13,12,1.1,grocery,0
6313.83,29,111934.01,15,10,2.32,grocery,0
4650.15,48,56791.1,15,11,24.43,utilities,0
3230.87,31,65460.29,14,17,1.69,grocery,0
3109.05,40,59983.34,20,17,20.86,grocery,0
3820.04,25,49081.0,20,10,28.52,grocery,0
25135.6,31,82850.75,14,12,22.21,grocery,0
12600.25,23,73870.82,17,15,8.4,entertainment,0
2002.62,24,88679.95,23,23,2.16,travel,0
5461.5,45,66777.03,14,16,7.44,grocery,0
4417.01,24,119521.09,15,17,10.86,grocery,0
12581.17,35,211972.41,19,14,1.24,entertainment,0
4768.34,18,36832.79,27,23,24.02,entertainment,1
5046.0,56,124927.98,15,10,3.34,electronics,0
5778.99,34,122651.17,24,8,11.16,utilities,0
5457.31,22,54769.41,13,17,0.57,grocery,0
5385.04,51,62223.35,13,19,0.27,grocery,0
3948.94,30,84000.41,16,19,3.09,grocery,0
4917.6,18,48372.19,14,14,12.33,entertainment,0
8315.65,30,129921.28,20,16,2.55,grocery,0
6412.81,19,157270.89,23,3,38.56,grocery,1
12319.11,48,109460.97,15,6,0.21,grocery,0
5583.07,20,104789.65,12,13,20.45,grocery,0
6040.23,41,83517.96,14,16,4.03,electronics,0
6321.2,42,110756.21,23,15,8.66,grocery,0
10841.27,31,103491.28,22,12,28.19,electronics,0
14427.29,18,193977.33,18,10,6.85,entertainment,0
3348.0,27,168289.55,15,10,3.57,entertainment,0
4823.09,33,55586.51,15,8,1.03,entertainment,0
3587.08,45,197033.68,7,16,12.04,grocery,0
3609.35,47,49795.04,16,19,4.01,entertainment,0
4763.41,25,171321.2,10,16,2.8,utilities,0
11473.15,25,39670.5,22,8,147.1,electronics,1
4972.59,26,202422.3,11,14,30.01,grocery,0
8233.93,50,36258.75,27,5,43.46,entertainment,1
5759.81,28,163690.94,14,22,27.16,electronics,0
4390.55,31,76603.53,17,18,6.42,grocery,0
4200.59,50,22842.91,17,21,3.31,grocery,0
2943.43,46,92212.86,14,14,2.05,grocery,0
18525.48,23,154629.96,23,18,2.8,grocery,0
1395.56,18,31221.19,11,8,1.1,grocery,0
9274.87,22,41395.37,21,13,10.45,travel,0
3424.66,41,81213.77,12,18,3.05,grocery,0
11715.59,32,112665.27,13,16,2.14,utilities,0
2752.48,32,76958.33,15,11,29.81,utilities,0
3652.42,36,80815.25,18,11,8.14,electronics,0
14106.73,57,75287.92,13,12,2.19,grocery,0
4163.98,29,54546.21,21,9,2.63,grocery,0
2603.57,19,82689.73,10,20,9.1,grocery,0
4672.99,38,51973.43,13,18,20.78,utilities,0
603.84,48,64055.6,12,10,21.26,utilities,0
2250.6,35,111939.99,14,7,1.38,electronics,0
3071.57,54,117130.54,19,8,2.83,utilities,0
3877.24,18,50379.77,22,19,4.76,entertainment,0
5220.94,31,146773.55,19,11,11.6,entertainment,0
4544.43,25,110809.36,21,12,4.95,grocery,0
8782.71,46,88066.81,11,17,7.22,grocery,0
8343.86,49,106268.27,18,16,4.63,utilities,0
5349.22,33,87208.96,20,12,16.01,entertainment,0
7906.45,36,100232.21,16,5,4.13,entertainment,0
3403.53,40,51435.64,15,18,8.53,electronics,0
11540.31,31,56631.49,10,20,1.6,electronics,0
4433.02,40,208539.59,22,18,0.91,travel,0
4763.7,37,228109.38,14,16,15.62,entertainment,0
7429.79,21,107366.34,16,14,12.56,utilities,0
5507.38,44,70618.56,14,14,10.49,grocery,0
13390.79,27,90297.15,11,21,1.1,entertainment,0
2550.56,50,84511.59,12,14,1.3,utilities,0
1240.21,49,136925.59,7,8,23.18,utilities,0
4142.82,23,43950.73,8,16,23.84,electronics,0
2386.54,37,96356.03,11,11,12.35,grocery,0
6031.43,32,41086.93,10,12,1.67,grocery,0
1669.22,32,17568.75,22,1,5.82,electronics,1
5135.12,33,140398.16,14,16,13.0,utilities,0
2897.13,22,26377.13,20,13,13.35,entertainment,0
6782.95,18,65093.33,15,11,8.6,grocery,0
10715.7,49,65574.57,10,22,3.98,electronics,0
6344.21,23,53422.78,22,13,13.37,travel,0
972.71,18,22154.1,22,12,4.13,electronics,0
4763.34,44,127148.5,14,7,0.08,entertainment,0
8594.89,57,119342.02,10,10,5.25,grocery,0
4681.5,21,157361.33,16,13,18.59,grocery,0
5597.72,29,219509.62,15,15,4.99,electronics,0
11932.58,35,50828.67,10,15,5.92,grocery,0
14344.48,20,72240.45,12,12,8.67,electronics,0
13001.8,49,82955.04,17,8,4.79,entertainment,0
3225.5,39,48794.41,11,14,2.31,grocery,0
40056.2,31,60130.29,12,15,7.25,entertainment,0
2807.6,54,122156.94,8,12,22.69,entertainment,0
15143.58,18,115587.13,12,15,2.75,grocery,0
7658.73,31,128545.72,17,18,6.34,travel,0
22407.23,24,62400.26,33,3,58.49,travel,1
22012.99,31,37351.12,20,18,6.58,grocery,0
2781.23,46,84093.51,15,17,1.33,utilities,0
8925.87,26,71637.7,14,12,0.82,grocery,0
8982.13,42,135490.77,18,12,4.09,electronics,0
12905.1,43,57926.19,15,13,0.33,grocery,0
16922.0,43,193945.26,14,21,9.58,grocery,0
9763.38,31,77273.7,17,10,1.71,utilities,0
1406.85,30,63802.38,11,9,22.77,grocery,0
4798.32,26,108861.2,18,11,16.79,electronics,0
5401.52,33,33835.59,10,16,3.21,travel,0
2046.6,38,138756.34,8,11,10.94,grocery,0
1480.86,64,51593.21,17,15,10.34,grocery,0
6521.34,45,63944.02,18,16,0.32,utilities,0
17380.68,46,74569.09,12,15,17.15,entertainment,0
1203.74,21,31439.57,17,6,0.2,utilities,0
17376.66,42,43857.21,12,19,11.05,electronics,0
6873.19,33,71230.69,21,10,4.01,grocery,0
8581.96,41,134991.46,16,13,3.59,electronics,0
15063.4,36,60059.19,21,1,45.08,travel,1
2044.48,25,84688.19,14,18,23.94,utilities,0
3036.3,22,238624.51,18,12,9.8,grocery,0
8282.87,26,56109.28,15,11,1.38,grocery,0
7275.66,28,51696.55,15,23,2.39,utilities,0
4508.01,29,52443.28,35,18,44.09,travel,1
5286.97,36,126020.52,13,9,3.06,grocery,0
18027.81,31,25459.46,11,20,2.17,electronics,0
12097.32,31,168095.21,16,12,3.29,entertainment,0
1798.72,49,74434.36,14,13,7.49,utilities,0
2051.64,53,25971.34,15,17,1.16,electronics,0
21612.77,40,110988.39,20,16,12.84,grocery,0
11336.18,26,51096.66,24,18,45.6,travel,1
4068.22,33,125408.39,16,16,26.0,grocery,0
5088.63,32,168663.81,15,12,3.2,grocery,0
835.47,18,117002.15,13,16,12.82,grocery,0
4403.43,18,156765.31,15,14,4.67,electronics,0
2344.64,20,54118.98,14,12,9.06,grocery,0
19876.76,31,154810.5,13,16,6.25,travel,0
4097.68,29,50076.48,16,22,13.23,grocery,0
5060.28,32,73421.85,14,9,5.94,travel,0
4429.16,23,43102.45,16,15,10.55,grocery,0
2381.86,45,180063.13,10,14,10.73,grocery,0
5365.65,21,99669.81,9,18,14.01,electronics,0
8004.27,38,245356.78,14,16,3.43,electronics,0
2283.61,40,52253.72,16,14,12.02,electronics,0
5353.28,29,52250.41,10,12,1.47,travel,0
4529.04,37,54153.05,14,13,3.34,grocery,0
4612.28,27,38615.65,9,15,7.69,utilities,0
6034.75,43,32498.42,13,14,6.59,entertainment,0
10099.23,32,69242.16,25,10,8.7,travel,0
7588.17,23,46629.32,35,3,1.11,electronics,1
4584.01,51,114787.19,12,10,8.24,entertainment,0
8511.52,48,172001.2,15,12,2.48,electronics,0
2586.23,18,47671.85,14,18,10.3,utilities,0
1321.23,44,158087.05,23,6,2.62,entertainment,0
14839.25,43,69876.88,16,10,0.1,grocery,0
4824.69,47,65127.08,15,10,32.1,electronics,0
7156.51,33,68788.6,14,15,1.29,entertainment,0
9390.04,35,98475.61,25,3,28.16,travel,1
11468.81,34,79011.71,32,4,46.59,electronics,1
7086.43,37,47908.38,14,11,7.43,travel,0
16102.9,38,56734.88,16,13,33.42,utilities,0
4286.79,31,76900.51,15,14,15.83,grocery,0
3738.63,30,99911.12,12,13,0.44,travel,0
4666.89,24,187913.95,13,21,0.64,utilities,0
11466.98,58,123361.42,16,9,11.94,grocery,0
10915.07,38,58074.71,19,21,3.21,utilities,0
1422.91,18,47695.4,12,16,0.87,utilities,0
3883.51,18,91924.21,7,22,6.79,grocery,0
4673.81,54,56830.31,11,10,1.93,entertainment,0
3995.21,30,93878.39,15,22,2.06,electronics,0
3592.23,34,81697.77,13,14,19.37,entertainment,0
2149.88,18,205872.02,13,10,6.39,travel,0
5994.36,40,68318.33,15,11,4.72,utilities,0
6878.53,32,127757.01,15,22,11.46,grocery,0
6838.76,18,120108.27,27,16,31.86,grocery,1
5083.39,41,35271.21,13,17,1.57,entertainment,0
6019.87,28,68237.79,10,11,5.53,grocery,0
2654.63,46,46630.81,14,19,0.25,utilities,0
6265.09,40,63309.49,11,10,1.14,grocery,0
3173.85,39,36350.07,13,14,37.07,electronics,0
3873.1,30,86895.57,22,10,13.76,utilities,0
2744.01,18,131820.25,21,19,15.24,grocery,0
5276.87,40,95503.94,9,17,6.04,electronics,0
11734.37,35,23876.9,17,3,2.29,electronics,1
8948.11,27,99083.41,8,16,3.19,travel,0
8286.6,47,58257.7,12,13,1.37,grocery,0
19407.01,33,69450.81,29,22,1.62,electronics,1
2972.81,31,41040.25,11,15,16.9,grocery,0
1930.0,47,102880.02,20,15,5.29,entertainment,0
14688.35,43,59811.03,15,14,3.67,entertainment,0
6019.97,45,219183.9,16,16,2.12,entertainment,0
2623.48,18,41229.23,13,13,2.92,electronics,0
15316.76,36,129641.21,16,13,0.73,electronics,0
7253.2,45,69573.32,14,16,1.38,grocery,0
12444.5,29,62310.98,14,14,28.12,grocery,0
3737.51,26,59769.71,16,13,5.28,grocery,0
3179.74,30,256102.94,14,10,8.68,travel,0
7262.05,30,71663.23,16,12,17.64,grocery,0
4468.16,39,90787.71,17,13,2.67,electronics,0
3779.3,50,82218.82,18,14,10.1,grocery,0
23792.08,30,60131.67,21,4,34.25,electronics,1
9558.34,54,99551.85,18,14,2.9,grocery,0
6258.46,41,76637.08,19,18,6.36,utilities,0
5786.61,37,25124.43,14,21,4.22,utilities,0
6622.43,32,52315.68,18,15,4.13,travel,0
9400.93,66,114027.41,14,15,16.23,entertainment,0
5067.84,18,65329.03,16,18,16.95,grocery,0
39572.83,20,53201.14,17,16,27.53,grocery,0
42189.88,32,107721.94,17,16,6.07,grocery,0
8757.93,22,35248.89,16,6,9.6,grocery,0
8999.44,28,22922.78,30,3,18.23,travel,1
26593.97,45,91717.13,27,4,9.4,utilities,1
4287.13,53,131076.8,8,19,3.0,travel,0
4919.43,28,34233.58,17,21,1.09,travel,0
4309.95,18,45489.8,16,15,5.06,travel,0
3045.49,31,100762.09,14,13,11.57,grocery,0
9915.02,33,102374.64,11,12,5.21,utilities,0
3921.1,35,45215.36,16,19,18.1,grocery,0
7463.32,28,76178.53,19,15,9.87,entertainment,0
20979.05,27,128676.1,26,13,10.77,electronics,0
1099.12,37,108738.21,11,12,14.66,utilities,0
17477.39,32,35511.59,26,16,7.91,utilities,1
6797.35,45,73403.73,13,11,4.28,electronics,0
2362.69,43,42955.44,21,18,22.39,entertainment,0
4091.13,25,34469.11,15,10,0.6,electronics,0
3350.61,34,30534.35,15,14,5.7,utilities,0
9026.84,51,91821.08,39,15,34.95,electronics,1
6467.8,42,118441.15,11,19,5.93,grocery,0
2326.62,47,73610.78,17,8,4.33,utilities,0
9815.0,35,65818.28,20,13,2.41,grocery,0
2220.57,18,46405.48,11,13,8.58,electronics,0
8169.37,52,28492.28,13,15,19.49,utilities,0
1634.47,26,166183.89,12,8,8.13,grocery,0
5351.52,23,39982.92,31,1,27.01,electronics,1
3795.99,44,53719.97,9,15,4.38,travel,0
4090.76,28,44415.57,7,22,38.48,electronics,0
9295.84,30,139601.08,16,20,5.82,travel,0
3354.68,62,132262.67,18,11,0.36,utilities,0
11997.98,29,110140.7,33,11,54.48,electronics,1
4641.9,22,401276.19,16,8,17.11,grocery,0
7756.52,29,61343.03,24,18,6.76,grocery,0
3667.97,37,181787.98,19,15,4.63,utilities,0
2663.17,23,83130.07,17,23,4.39,entertainment,0
2220.28,40,161854.52,15,16,9.13,electronics,0
4187.18,33,39767.4,14,17,8.74,utilities,0
6571.85,42,147693.95,27,18,5.44,grocery,0
18024.57,34,95292.69,13,15,1.85,entertainment,0
7093.75,23,312368.14,26,1,103.88,grocery,1
12428.11,44,65518.14,12,10,5.59,utilities,0
5797.06,45,142197.39,12,7,1.33,entertainment,0
11491.74,18,35708.8,34,15,2.18,entertainment,1
4171.14,49,91736.43,22,9,4.32,utilities,0
14734.89,40,97621.94,22,15,10.77,utilities,0
946.76,34,107835.99,15,21,12.64,electronics,0
6001.1,33,54523.07,10,14,2.19,travel,0
7460.92,18,98142.86,22,14,1.58,grocery,0
6617.31,39,58526.42,15,10,1.48,entertainment,0
9289.33,18,25179.09,41,0,1.63,entertainment,1
2734.16,37,67237.54,18,7,4.51,grocery,0
7409.49,44,111032.69,12,13,0.58,utilities,0
2518.77,18,46176.71,18,16,1.24,electronics,0
7043.73,33,69029.95,12,13,3.99,entertainment,0
7244.36,24,38913.42,14,22,13.42,entertainment,0
8738.64,50,103313.94,9,13,5.1,grocery,0
4081.99,34,132808.71,20,13,6.27,grocery,0
4891.25,30,87637.45,15,17,13.02,grocery,0
11759.11,22,91482.54,13,18,0.02,electronics,0
1900.09,29,136979.2,16,14,27.35,travel,0
11625.62,18,24003.02,24,4,10.37,travel,1
2107.01,37,72861.23,13,10,0.16,electronics,0
2835.18,52,43728.67,22,15,0.63,entertainment,0
23228.15,36,66277.44,22,17,0.76,entertainment,0
17016.99,28,124823.61,15,8,11.44,electronics,0
7047.32,36,13410.27,13,12,1.21,grocery,0
2122.32,30,67343.44,20,9,29.5,utilities,0
11110.1,34,93309.78,22,18,2.96,travel,0
4776.76,40,94786.84,26,5,47.68,electronics,1
1750.98,45,111455.88,19,13,15.83,entertainment,0
6271.3,39,135679.18,12,14,2.02,grocery,0
2087.42,34,85659.78,7,16,2.4,entertainment,0
1647.58,20,56156.9,22,15,1.79,entertainment,0
1614.37,51,39040.53,15,12,11.74,utilities,0
14990.54,28,84408.66,7,14,8.6,grocery,0
16355.28,25,58474.27,14,10,10.68,electronics,0
13494.78,41,20557.94,19,14,36.48,grocery,0
6904.41,42,64501.45,19,10,16.36,grocery,0
4501.85,39,71366.65,14,20,14.93,electronics,0
10434.26,40,66695.87,12,8,5.35,grocery,0
1981.48,40,71598.71,7,12,0.03,electronics,0
27283.39,18,24232.47,36,0,0.93,entertainment,1
1431.15,36,58710.82,19,17,15.9,travel,0
7870.12,36,68377.99,11,20,2.96,utilities,0
9982.33,40,101998.62,13,16,4.72,travel,0
9830.75,31,233457.94,23,12,19.33,travel,0
8712.53,32,44599.75,18,19,1.89,grocery,0
3288.39,22,48258.97,15,11,13.95,grocery,0
6631.86,52,48458.18,16,15,40.4,travel,0
7316.2,35,39496.71,13,9,18.52,electronics,0
13283.54,50,96021.96,20,13,0.97,travel,0
2999.49,40,202051.81,18,12,1.82,entertainment,0
1949.13,47,173272.03,12,16,1.93,entertainment,0
7941.77,43,70793.79,17,13,2.75,utilities,0
3971.68,45,121904.19,28,5,14.1,electronics,1
9285.62,18,77495.27,19,15,6.04,utilities,0
5341.94,53,63909.17,17,23,0.57,utilities,0
8092.3,60,54751.18,13,18,0.44,entertainment,0
20325.15,27,38427.09,27,1,10.99,electronics,1
7493.38,21,87808.68,19,14,0.95,travel,0
5092.35,48,207264.38,13,13,4.6,travel,0
16623.97,23,48052.9,20,17,27.52,grocery,0
3678.26,34,200233.76,21,16,8.82,grocery,0
3780.65,39,71588.22,23,15,5.73,grocery,0
15403.07,52,29052.95,7,12,4.37,electronics,0
3765.64,33,159566.03,19,15,8.11,grocery,0
20421.11,25,191283.88,15,10,1.38,travel,0
6300.43,29,84941.57,11,16,13.38,entertainment,0
2166.12,21,56140.13,16,10,0.62,electronics,0
10095.17,18,50927.36,33,17,28.77,utilities,1
951.96,50,85858.66,11,16,4.47,travel,0
2275.45,51,84811.95,14,13,13.79,utilities,0
36655.75,33,85919.13,32,6,130.21,electronics,1
9726.17,21,66057.3,18,20,1.72,grocery,0
6059.7,38,141716.5,13,20,0.9,electronics,0
4497.37,20,82750.52,15,15,1.21,entertainment,0
5838.81,54,61607.9,13,15,0.47,travel,0
12243.03,38,44807.83,25,12,12.83,entertainment,0
4360.59,18,77496.04,17,17,1.14,grocery,0
1107.64,33,44230.82,23,12,1.2,travel,0
7485.76,22,69161.06,14,18,1.23,electronics,0
2905.27,27,35776.47,14,8,5.16,travel,0
4020.33,34,78714.37,25,3,84.63,entertainment,1
2876.02,43,60534.56,16,12,2.7,grocery,0
21884.89,43,31525.14,18,12,2.51,travel,0
8066.86,26,127385.02,15,13,14.41,grocery,0
9498.41,18,90225.97,16,15,4.15,grocery,0
1621.77,34,82150.34,17,15,1.89,utilities,0
2124.19,36,64651.17,10,11,31.35,grocery,0
927.61,39,52889.18,18,21,14.46,entertainment,0
11899.27,18,165786.14,20,21,8.31,utilities,0
1383.96,18,89017.24,19,13,18.19,electronics,0
3194.63,43,151000.69,14,18,4.43,grocery,0
2598.55,23,48561.48,16,10,3.63,utilities,0
20366.92,48,31479.96,17,20,5.32,electronics,0
5866.71,18,105616.37,12,9,9.22,utilities,0
3330.12,43,115506.11,17,11,7.14,utilities,0
10226.73,39,84091.14,16,14,3.05,utilities,0
5091.35,44,86132.63,8,18,8.4,utilities,0
3839.55,24,189844.19,17,8,5.67,grocery,0
5864.74,42,59301.16,15,17,2.17,entertainment,0
7969.47,29,81877.21,20,19,0.06,grocery,0
6700.43,36,150474.62,18,13,11.98,grocery,0
23999.26,42,158275.93,29,1,8.41,travel,1
3084.44,32,71866.46,15,13,9.08,utilities,0
6617.2,41,25603.35,22,16,3.23,utilities,0
1532.62,18,285933.29,16,16,4.49,entertainment,0
4472.71,18,74788.66,10,9,9.66,electronics,0
4347.44,34,34537.67,10,16,0.89,travel,0
3598.97,19,101100.81,18,12,0.25,grocery,0
2706.38,30,95718.73,14,12,8.72,entertainment,0
2801.39,40,120173.49,10,21,5.52,grocery,0
3458.27,50,43730.63,12,8,1.18,utilities,0
4864.29,49,118528.7,20,16,5.66,travel,0
13303.96,27,96749.16,17,10,7.08,electronics,0
10706.74,33,152803.11,16,8,0.39,grocery,0
3521.29,27,81283.7,24,13,20.36,grocery,1
2886.55,38,53237.28,16,12,13.73,grocery,0
7995.92,34,88221.53,18,5,8.1,grocery,0
7538.47,42,50853.83,17,7,0.51,travel,0
1703.5,18,134337.73,7,15,7.44,grocery,0
5349.31,36,108558.42,23,19,1.79,utilities,0
16273.48,18,29000.97,22,23,65.51,entertainment,1
3684.83,45,58008.77,12,9,4.69,utilities,0
7935.84,41,124791.32,13,19,5.78,electronics,0
13534.46,50,89265.39,13,16,1.63,electronics,0
11079.54,37,69409.16,19,17,35.08,utilities,0
8235.81,19,24082.23,29,3,96.71,travel,1
8710.11,31,66347.83,13,14,3.91,electronics,0
5990.8,26,82555.23,13,11,6.74,grocery,0
1752.33,27,86155.0,16,8,3.96,utilities,0
2495.56,28,122035.26,16,14,23.68,utilities,0
1988.83,36,181798.35,13,19,8.08,grocery,0
14913.8,43,56749.27,21,14,7.35,electronics,0
14644.49,39,271214.55,9,10,18.02,entertainment,0
12823.29,38,53099.85,17,15,4.68,entertainment,0
17842.07,22,137773.18,11,20,8.33,entertainment,0
3319.63,26,77111.02,20,15,3.33,utilities,0
8595.15,45,94966.83,21,15,19.71,utilities,0
5059.95,26,35672.6,15,9,5.64,utilities,0
5067.22,67,142090.83,17,14,0.82,grocery,0
3467.1,18,46293.56,15,12,0.21,travel,0
5825.68,54,96742.03,21,11,6.02,electronics,0
2037.06,26,56567.86,12,14,19.58,electronics,0
4355.67,40,205454.04,14,19,9.83,entertainment,0
37177.17,20,55480.3,12,12,8.79,utilities,0
1904.28,25,40467.68,18,12,0.19,travel,0
4086.35,18,224099.55,10,9,7.83,grocery,0
5686.9,52,47549.88,22,12,22.04,utilities,0
4198.24,20,77522.77,16,9,9.77,grocery,0
1962.15,18,45206.6,15,13,4.45,entertainment,0
19148.9,18,60655.36,37,11,55.82,entertainment,1
4328.62,64,59476.52,14,19,3.69,utilities,0
2449.64,63,65130.42,13,20,3.84,grocery,0
1844.25,21,278230.43,19,11,11.97,travel,0
2800.73,33,69529.04,10,16,2.02,grocery,0
8937.6,38,36402.2,16,15,4.68,travel,0
13389.48,44,85958.02,16,9,9.54,grocery,0
1332.96,36,39444.69,15,6,17.01,entertainment,0
22368.85,32,57233.13,15,16,1.67,electronics,0
11467.45,71,215543.43,18,9,9.99,grocery,0
3437.35,28,99257.28,13,14,4.6,utilities,0
12020.07,36,259473.69,11,9,9.55,utilities,0
2232.21,42,64224.69,12,14,7.9,grocery,0
7263.06,18,113328.12,19,15,25.37,grocery,0
11312.01,23,66742.36,17,15,0.89,utilities,0
13830.84,60,211206.65,28,2,9.38,electronics,1
7555.6,32,83266.53,37,2,9.36,electronics,1
7257.26,47,89376.12,17,12,4.23,electronics,0
5880.68,24,36856.58,14,14,4.55,grocery,0
3769.55,28,61577.04,15,21,3.0,travel,0
8954.67,35,42272.91,35,8,7.9,electronics,1
6051.23,40,119267.97,14,15,3.58,entertainment,0
2272.27,42,444878.39,11,15,7.22,travel,0
30393.01,33,39651.02,24,11,38.85,electronics,1
1928.54,18,124716.47,19,10,1.26,utilities,0
16664.2,38,116828.64,14,15,7.9,entertainment,0
4174.73,20,73341.44,13,10,2.92,grocery,0
7021.72,39,40930.56,16,19,1.08,utilities,0
1453.2,18,37830.57,18,14,0.77,grocery,0
11004.51,18,84618.72,12,8,3.66,utilities,0
6887.25,28,129519.21,19,12,1.9,entertainment,0
5929.45,18,56097.59,25,4,117.5,travel,1
28043.81,37,70745.75,29,5,37.5,entertainment,1
12078.06,51,44461.24,21,13,2.17,electronics,0
3460.4,26,107207.48,16,16,12.42,entertainment,0
4940.42,30,40799.63,25,18,4.06,grocery,0
2652.33,48,105385.6,13,19,5.71,grocery,0
9835.3,32,322047.35,12,13,5.45,entertainment,0
4855.32,49,90421.86,15,12,9.36,electronics,0
5308.56,39,180893.94,11,16,20.46,grocery,0
1713.17,43,154361.99,11,14,8.84,electronics,0
15674.83,30,31942.39,26,2,247.63,grocery,1
19933.33,42,41525.31,23,0,3.35,entertainment,1
7249.63,47,49545.41,12,10,11.98,utilities,0
2120.8,18,139465.49,9,19,7.41,utilities,0
19200.45,25,55081.04,14,9,8.79,electronics,0
4123.46,33,92044.9,18,10,6.71,utilities,0
15582.27,43,103692.69,10,11,21.4,entertainment,0
2200.93,41,95717.9,14,20,2.14,entertainment,0
17487.21,29,68623.36,41,3,15.9,entertainment,1
29692.75,25,66715.51,19,11,43.38,travel,1
4010.01,49,29569.93,25,4,104.07,electronics,1
2510.59,18,42581.35,14,9,6.7,grocery,0
2868.28,50,60212.94,15,17,2.0,electronics,0
5512.46,23,72262.17,13,11,8.39,grocery,0
3811.3,18,109526.37,12,21,15.64,entertainment,0
1389.61,38,146411.98,22,19,3.29,utilities,0
17600.37,47,85514.56,18,15,23.69,utilities,0
8016.3,22,51015.17,16,14,4.23,grocery,0
5934.85,24,72466.81,7,11,2.97,grocery,0
7287.36,18,66813.67,8,19,15.98,entertainment,0
5733.62,18,151641.83,14,8,6.82,travel,0
5705.37,37,95334.71,16,8,0.97,utilities,0
9788.93,25,55045.32,22,13,5.67,grocery,0
9020.96,39,180736.97,13,15,0.17,grocery,0
3542.8,37,72976.77,19,7,0.4,utilities,0
5494.02,40,91125.17,10,10,4.1,grocery,0
25265.02,36,268812.19,21,10,1.75,electronics,0
3384.64,33,21406.27,16,10,0.73,electronics,0
2281.96,30,66513.14,18,11,0.1,grocery,0
4202.96,40,50861.72,18,19,9.21,utilities,0
1533.99,30,136221.31,12,7,3.75,grocery,0
2956.85,26,151241.27,13,20,3.51,travel,0
6023.39,24,71941.11,14,14,14.04,travel,0
2989.32,31,60072.13,13,12,7.76,travel,0
2056.78,44,44680.17,24,13,8.05,grocery,0
1578.3,18,60925.44,13,16,0.56,grocery,0
7266.21,42,66043.77,10,14,6.52,entertainment,0
5260.22,41,204512.95,8,10,12.21,electronics,0
5823.0,43,22534.68,14,16,31.7,entertainment,0
5483.11,25,81879.12,9,14,33.71,grocery,0
2479.39,40,78686.23,15,18,0.01,utilities,0
9839.42,38,165370.78,16,15,5.18,entertainment,0
2311.91,37,124213.54,12,10,3.73,grocery,0
7974.06,32,66391.41,22,13,20.88,travel,0
2116.47,35,33913.59,10,19,16.54,travel,0
7440.51,25,90008.35,12,14,9.47,grocery,0
9776.21,46,152301.63,19,11,4.25,travel,0
6004.54,34,61650.09,27,8,98.81,grocery,1
4786.62,70,48268.64,14,19,7.0,grocery,0
2775.97,27,42222.36,11,14,3.14,electronics,0
8543.58,36,48836.58,9,11,19.41,grocery,0
8995.9,40,54229.53,19,22,8.11,entertainment,0
4113.58,40,105036.23,21,17,17.17,grocery,0
1842.95,29,77762.43,15,10,1.27,grocery,0
2477.8,39,45954.8,19,12,6.03,grocery,0
9513.45,39,203375.59,20,15,16.62,grocery,0
6316.93,50,176024.51,13,13,2.81,grocery,0
5599.19,50,134944.87,9,12,12.33,utilities,0
2718.53,37,37112.21,11,13,9.75,entertainment,0
9301.06,48,172055.13,19,12,0.41,grocery,0
4404.79,37,56097.41,16,13,6.48,utilities,0
15428.81,36,84116.1,19,11,5.77,utilities,0
17198.24,59,120418.86,17,14,5.45,grocery,0
5427.55,50,59394.8,14,14,6.34,utilities,0
1666.64,24,43562.34,15,15,12.54,entertainment,0
6703.35,22,107923.8,15,18,1.0,electronics,0
2320.71,29,126168.44,22,12,17.25,entertainment,0
4120.6,44,175300.2,15,11,4.28,grocery,0
4079.49,28,130116.25,13,18,0.23,grocery,0
5175.12,36,33392.15,11,12,3.9,grocery,0
3361.48,45,81158.14,19,14,0.24,entertainment,0
13973.81,36,41561.84,29,20,14.64,travel,1
3218.9,25,67549.07,13,14,0.85,grocery,0
3569.23,24,44457.39,13,15,17.01,entertainment,0
14932.67,29,155135.68,17,17,29.07,travel,0
4962.6,35,55544.26,12,10,0.68,grocery,0
20152.98,32,103060.5,27,22,28.13,electronics,1
7870.72,43,63909.29,16,16,1.05,grocery,0
11106.63,20,64895.37,18,18,1.36,entertainment,0
3006.57,29,53221.83,19,15,9.43,entertainment,0
4264.0,35,26408.42,25,14,0.01,entertainment,0
1066.92,29,83608.85,14,20,20.51,entertainment,0
6310.91,23,39238.05,16,18,1.4,utilities,0
28553.95,35,39478.24,21,19,2.32,electronics,0
3186.62,43,193073.32,10,10,2.38,grocery,0
6074.35,32,75524.42,16,12,12.73,utilities,0
3300.52,33,395826.21,22,13,1.83,grocery,0
3197.32,27,71268.95,17,11,1.62,electronics,0
4596.59,19,48228.03,13,17,1.19,electronics,0
14556.65,31,71148.52,18,14,8.21,grocery,0
4056.69,38,90065.97,13,13,13.07,utilities,0
2421.82,50,80653.02,11,16,0.07,grocery,0
8314.56,28,182346.5,14,8,1.07,grocery,0
2150.16,18,225795.42,21,12,11.65,grocery,0
3790.17,28,74506.32,20,15,0.25,entertainment,0
4282.97,42,58381.24,15,11,2.69,utilities,0
3383.97,28,137608.99,14,20,0.86,travel,0
6980.06,47,97592.94,18,10,9.35,grocery,0
16684.81,44,72149.22,17,15,1.6,grocery,0
4921.35,32,65064.83,12,16,0.49,grocery,0
2522.29,32,92088.75,17,14,2.63,travel,0
9798.73,52,92000.59,26,14,93.46,entertainment,1
4433.35,33,47816.89,14,21,12.2,electronics,0
5449.05,34,158464.37,17,12,7.64,electronics,0
6048.27,34,60323.27,18,23,0.99,utilities,0
9544.35,23,92481.11,13,18,7.99,entertainment,0
6804.62,53,62494.8,12,16,14.14,entertainment,0
4639.16,37,48638.03,14,14,2.45,grocery,0
2549.24,40,193737.82,14,17,1.03,utilities,0
11071.7,18,98150.08,12,15,5.73,entertainment,0
3616.71,22,21483.34,12,13,2.28,travel,0
5251.75,30,98909.53,18,7,6.18,entertainment,0
5935.02,18,187411.02,25,0,34.07,electronics,1
3286.72,44,69685.83,17,11,4.38,entertainment,0
3577.01,39,39536.06,15,8,25.33,grocery,0
6248.73,41,84755.15,19,13,12.5,utilities,0
9433.56,63,200019.87,15,16,5.09,utilities,0
5203.84,31,56275.91,14,19,12.46,grocery,0
2280.46,61,46603.48,20,14,4.21,utilities,0
8790.13,23,51079.53,14,18,0.93,grocery,0
3676.83,53,139014.68,20,18,0.15,electronics,0
14779.37,39,58870.76,28,5,5.19,entertainment,1
3354.28,41,315336.3,24,22,3.71,entertainment,0
4179.78,42,164898.43,21,17,33.6,entertainment,0
10340.26,33,56399.2,16,9,5.5,grocery,0
2917.81,30,95064.23,12,15,3.05,grocery,0
5421.49,35,407919.15,9,16,6.47,grocery,0
4135.17,23,66709.37,16,15,10.15,travel,0
3301.14,38,87565.23,15,14,5.16,electronics,0
1173.87,46,75194.76,12,11,1.55,electronics,0
5983.44,33,59694.17,13,14,5.36,grocery,0
3813.56,33,351214.42,16,14,0.96,grocery,0
4035.23,33,129481.02,12,14,0.28,grocery,0
5526.75,42,36501.19,12,4,0.92,entertainment,0
2572.96,25,38377.26,20,7,2.1,electronics,0
4583.27,32,58051.77,24,8,5.15,grocery,0
15975.53,32,48588.18,28,19,61.89,travel,1
3072.85,35,32814.99,16,10,1.82,grocery,0
3337.14,22,97821.1,15,17,2.22,grocery,0
7014.87,52,91019.96,9,14,15.45,grocery,0
9504.88,35,59070.53,11,14,0.74,entertainment,0
3451.33,39,196706.18,14,20,28.23,entertainment,0
1285.1,23,48888.92,14,19,1.71,grocery,0
5749.59,21,162388.71,29,5,56.01,electronics,1
7421.62,47,122567.79,17,14,4.63,entertainment,0
1894.25,32,47879.53,15,4,3.18,grocery,0
2928.78,37,32329.25,12,12,23.85,grocery,0
2350.18,54,98752.01,16,18,9.34,entertainment,0
12402.87,18,92757.48,13,19,6.04,entertainment,0
4179.65,48,38261.36,12,23,15.76,electronics,0
7072.14,41,28422.65,17,13,17.29,entertainment,0
13111.02,25,53407.61,28,19,8.61,grocery,1
10329.19,48,247126.54,13,13,3.93,grocery,0
7631.42,21,76899.01,30,3,16.65,electronics,1
7309.18,24,150697.78,13,12,3.51,travel,0
28354.63,46,69797.96,18,15,6.69,entertainment,0
1365.99,36,104550.32,18,12,16.49,grocery,0
4358.92,40,57710.01,16,12,3.66,entertainment,0
3360.25,22,117139.97,28,4,17.27,travel,1
8610.95,36,67249.36,16,11,1.73,utilities,0
2656.3,18,29785.77,19,11,8.01,grocery,0
24254.05,18,54933.86,33,18,20.75,electronics,1
19103.45,41,51689.64,26,10,0.81,grocery,0
3737.98,30,403437.64,20,16,15.08,grocery,0
9111.32,38,130354.18,17,17,0.18,grocery,0
4556.96,30,81697.9,9,12,15.78,entertainment,0
3340.91,32,152979.84,17,13,4.98,electronics,0
15979.6,21,135595.89,13,16,7.98,entertainment,0
4499.41,60,81635.58,11,11,10.02,utilities,0
9183.27,39,89139.1,11,16,13.29,grocery,0
7323.53,34,244565.83,18,13,15.82,grocery,0
4082.0,42,23019.41,14,12,7.16,travel,0
2972.93,31,121685.6,15,14,6.38,entertainment,0
5901.63,40,55748.55,10,14,12.77,grocery,0
7470.11,48,95290.08,18,13,4.41,travel,0
11721.42,49,50111.15,39,0,54.46,utilities,1
2959.36,43,45573.36,17,15,4.68,grocery,0
5715.18,29,161975.48,18,12,5.52,grocery,0
1593.2,39,52050.27,13,16,9.79,utilities,0
6268.35,35,48650.73,13,18,5.58,entertainment,0
3154.76,24,36456.44,15,12,9.45,grocery,0
3922.78,31,100619.5,17,14,5.68,utilities,0
23902.1,28,42452.67,13,12,4.49,grocery,0
4889.93,48,60296.89,8,10,11.25,utilities,0
14892.34,18,65907.65,18,12,7.43,utilities,0
8983.58,25,28620.16,13,14,2.11,entertainment,0
1878.22,53,56894.96,22,8,2.82,electronics,0
476.07,43,196941.19,15,10,2.92,grocery,0
12399.42,18,26920.77,26,14,56.66,utilities,1
7927.9,45,88373.9,15,14,19.49,utilities,0
4215.93,39,103281.22,10,15,12.71,travel,0
3100.51,39,104069.7,13,5,6.21,travel,0
5375.57,50,145351.52,31,1,5.3,entertainment,1
2534.51,29,68033.17,22,11,13.95,grocery,0
3829.57,41,531922.85,14,15,1.35,travel,0
36924.52,31,91483.37,22,17,70.22,grocery,1
2337.81,47,15922.06,10,13,9.29,utilities,0
1170.17,31,95459.05,20,14,1.62,grocery,0
3500.21,22,60278.15,28,5,43.75,travel,1
20788.39,30,183994.16,13,9,20.54,entertainment,0
13218.35,18,57404.84,12,21,6.98,utilities,0
26790.13,40,110628.32,14,19,34.0,utilities,0
3481.23,44,163669.85,18,10,4.97,utilities,0
1156.01,30,68815.24,17,12,8.69,utilities,0
16888.41,39,51130.49,13,13,0.7,electronics,0
2657.93,32,77162.35,16,18,5.64,grocery,0
4447.32,27,32759.9,15,21,5.61,travel,0
4930.06,41,36960.24,23,12,0.76,entertainment,0
3107.3,48,48580.3,16,12,0.68,entertainment,0
9479.38,21,56946.28,24,14,9.74,grocery,0
4342.35,34,103572.09,12,16,3.91,utilities,0
5171.72,38,57890.08,13,14,11.25,grocery,0
2822.62,38,33969.39,13,22,1.26,grocery,0
2018.11,43,81388.64,21,10,5.89,grocery,0
9653.83,18,87128.31,32,16,9.8,travel,1
3100.27,26,20164.61,20,17,2.37,entertainment,0
7058.02,54,157508.77,18,15,0.25,grocery,0
2995.97,23,72335.83,14,11,8.71,travel,0
1550.94,31,55590.65,21,12,2.01,utilities,0
2217.59,22,121256.35,15,16,2.4,grocery,0
3842.82,38,18223.62,19,14,0.5,electronics,0
8666.62,27,150170.01,19,15,26.82,utilities,0
7023.04,29,146954.39,8,15,18.84,grocery,0
2388.52,32,85758.84,15,16,3.69,travel,0
4258.41,32,57851.3,11,20,8.69,entertainment,0
6316.73,36,48844.57,36,5,13.71,entertainment,1
897.51,36,55382.45,19,16,10.07,entertainment,0
2234.76,20,71092.55,13,19,2.41,travel,0
2841.08,49,185216.89,20,10,3.64,entertainment,0
2678.88,23,32663.19,14,11,3.03,grocery,0
2212.46,40,48286.85,11,8,4.07,grocery,0
12758.06,43,49030.36,12,11,1.99,utilities,0
6214.58,29,163702.57,14,20,4.58,grocery,0
15886.34,18,101260.14,16,23,0.11,utilities,0
4295.78,37,97932.61,14,11,15.56,travel,0
4631.17,29,106019.04,15,22,2.6,grocery,0
4389.57,41,82935.19,12,14,9.9,utilities,0
10060.81,40,158446.19,18,13,4.25,travel,0
8337.88,50,106951.43,26,0,29.57,electronics,1
4611.72,56,138837.41,11,17,11.05,electronics,0
6340.34,31,115571.99,9,14,1.98,entertainment,0
5472.0,40,142150.26,19,11,2.26,entertainment,0
4355.43,26,67375.96,20,18,0.16,grocery,0
3922.29,41,23584.16,14,11,7.13,entertainment,0
2886.69,51,57159.15,14,13,3.39,grocery,0
16137.82,18,53241.4,10,17,1.77,grocery,0
9258.75,48,43254.99,9,20,13.87,entertainment,0
5956.12,49,82616.29,17,14,2.39,grocery,0
3121.94,35,84228.97,15,20,13.94,grocery,0
9985.05,23,24646.94,15,9,15.18,utilities,0
4535.31,49,41050.63,10,18,6.66,electronics,0
1255.07,26,298460.31,10,11,10.51,utilities,0
3304.25,30,116528.08,8,14,7.41,entertainment,0
4682.31,31,145335.74,10,17,2.08,travel,0
5015.11,49,48429.3,19,17,4.29,entertainment,0
3396.7,63,80848.8,19,9,0.26,electronics,0
5570.92,31,42524.97,15,13,2.81,grocery,0
3345.7,18,119651.13,17,14,1.94,utilities,0
3286.45,33,46583.9,19,22,2.24,entertainment,0
5388.73,35,108852.51,16,19,0.11,utilities,0
2296.36,36,125808.58,25,21,9.81,utilities,0
7822.7,25,26848.54,28,0,0.54,electronics,1
1040.7,43,174339.84,8,17,19.94,electronics,0
5924.07,35,90331.18,14,16,13.0,electronics,0
19988.8,35,69087.9,23,0,0.36,electronics,1
2155.25,68,119610.59,26,5,10.16,grocery,1
4961.97,25,158650.28,14,11,16.32,utilities,0
9485.83,22,343514.33,12,10,1.25,utilities,0
4986.48,29,78342.77,21,14,13.02,entertainment,0
8182.61,36,59095.0,16,15,0.75,electronics,0
3299.93,35,123388.01,15,12,4.14,electronics,0
11440.09,37,80228.5,11,17,42.52,utilities,0
4375.72,22,148823.88,13,19,5.45,grocery,0
1816.28,56,40131.08,14,14,4.5,entertainment,0
11419.42,37,52609.83,23,1,52.79,travel,1
3708.23,40,87989.71,26,21,69.3,electronics,1
4874.45,35,88274.5,20,9,8.69,grocery,0
32416.91,33,22785.92,24,3,130.87,grocery,1
23678.71,54,101080.9,9,9,7.32,electronics,0
6102.15,26,43872.71,15,4,10.13,electronics,0
3116.98,19,51375.95,20,16,1.38,grocery,0
3119.24,44,54898.86,23,12,15.08,electronics,1
16695.47,50,63003.48,15,13,17.51,electronics,0
20476.83,40,100276.99,18,10,10.4,utilities,0
1283.72,30,93077.74,18,19,5.2,electronics,0
2940.09,34,21672.76,12,18,2.73,entertainment,0
5821.66,18,92547.08,10,13,7.61,electronics,0
3533.81,47,78310.09,22,1,56.63,travel,1
5779.21,44,240037.8,17,11,0.46,grocery,0
1516.64,37,210910.37,16,11,4.74,utilities,0
2922.16,18,137076.15,17,10,16.59,entertainment,0
11822.41,43,144316.96,17,10,6.0,grocery,0
12974.57,31,97150.65,17,15,4.86,grocery,0
3283.88,39,46539.7,13,17,0.94,grocery,0
2799.63,27,80292.91,8,11,7.14,utilities,0
7794.5,30,45450.86,20,14,5.2,travel,0
10584.13,33,90982.6,14,11,7.37,utilities,0
2679.24,33,55042.54,11,14,23.47,grocery,0
4934.71,30,40890.03,16,9,6.87,grocery,0
4164.77,26,103016.55,12,15,4.09,electronics,0
1699.4,50,129434.88,15,12,6.23,utilities,0
8456.25,47,56123.73,9,11,34.36,grocery,0
9275.13,18,32128.48,7,19,3.07,entertainment,0
4727.84,25,93476.95,14,13,14.12,electronics,0
3245.68,26,112491.85,20,20,13.05,entertainment,0
6239.21,44,113148.54,17,17,0.97,utilities,0
4179.88,30,74533.64,16,16,2.58,electronics,0
2902.7,41,66851.04,16,13,5.53,utilities,0
7434.78,44,51805.25,14,16,16.57,electronics,0
3201.33,25,59380.44,12,20,2.81,grocery,0
4383.95,44,77819.04,16,14,4.23,grocery,0
6624.81,25,45270.8,17,13,1.46,grocery,0
8193.17,24,114433.22,17,18,4.05,utilities,0
22866.6,36,93155.95,19,9,26.0,travel,0
2333.6,69,167645.0,20,13,1.36,utilities,0
4785.19,38,57013.97,12,14,0.82,entertainment,0
11677.54,31,87164.66,16,12,1.24,grocery,0
4482.27,23,158801.13,15,10,2.8,travel,0
18622.86,37,81207.23,31,22,88.01,grocery,1
14025.54,50,120283.53,17,16,1.49,grocery,0
6624.95,34,50122.53,13,14,3.12,grocery,0
3585.07,28,74944.89,7,17,1.71,entertainment,0
5557.37,31,117437.49,21,17,22.57,entertainment,0
2013.45,19,63036.77,19,15,18.28,travel,0
7574.08,27,115381.81,14,20,11.45,grocery,0
6843.85,38,368135.46,22,5,7.84,entertainment,0
6250.14,36,88077.47,18,16,2.23,utilities,0
9600.64,18,57042.7,16,17,0.86,utilities,0
12735.34,35,110879.87,27,2,11.43,entertainment,1
7036.09,20,124493.42,22,6,15.19,electronics,0
5554.96,39,114696.29,13,21,4.4,grocery,0
19938.32,49,37631.04,24,1,26.15,grocery,1
3879.94,18,41068.19,12,12,0.02,entertainment,0
13055.9,37,80719.3,17,14,5.51,grocery,0
10210.47,18,38256.27,14,18,16.23,grocery,0
8046.86,50,53434.22,22,11,5.11,electronics,0
18161.55,35,125574.63,21,14,6.56,entertainment,0
5538.7,36,114226.28,6,21,5.24,grocery,0
4249.1,60,55824.15,16,12,4.71,travel,0
4601.94,24,53003.12,10,15,2.27,grocery,0
5480.62,26,101642.82,18,11,0.55,grocery,0
5653.93,36,37117.82,20,15,0.68,travel,0
19567.27,42,173467.6,18,6,8.26,grocery,0
5117.06,43,77159.41,16,16,10.81,electronics,0
3031.35,26,60591.06,16,12,9.97,grocery,0
3082.4,58,109451.41,16,17,0.83,electronics,0
14676.79,24,40416.56,14,14,3.05,utilities,0
5340.19,30,119108.74,26,21,5.51,grocery,0
16635.14,59,138783.03,13,12,6.68,entertainment,0
3599.39,30,72475.47,15,9,29.56,grocery,0
3554.67,42,546858.27,15,20,11.09,utilities,0
3937.96,40,51146.59,13,16,29.7,electronics,0
8537.52,36,247001.31,12,10,2.13,utilities,0
3484.27,19,129620.44,16,17,4.17,grocery,0
969.94,59,169689.06,17,8,11.85,utilities,0
3334.87,40,45250.06,12,19,12.73,entertainment,0
30219.98,30,54346.92,35,12,36.46,electronics,1
1265.02,56,87667.87,10,10,0.79,entertainment,0
2166.78,36,90788.27,12,11,13.6,utilities,0
16647.35,42,56782.48,20,15,6.9,travel,0
14801.06,25,231845.57,10,21,6.67,entertainment,0
6666.1,40,60767.23,15,18,1.34,grocery,0
2473.13,38,204401.04,20,13,1.87,travel,0
8695.34,29,23714.02,23,19,54.07,travel,1
8094.69,27,35158.73,9,16,5.16,grocery,0
6093.14,31,115296.44,20,12,1.65,entertainment,0
13491.49,51,122660.5,12,18,4.74,grocery,0
6958.48,25,141254.71,19,9,25.75,grocery,0
3691.13,32,112563.72,13,10,4.85,grocery,0
1363.55,26,73383.69,14,19,9.82,utilities,0
4033.9,69,89522.08,11,14,1.06,grocery,0
14633.06,61,36341.82,12,8,14.69,grocery,0
8223.99,27,74494.17,14,19,0.07,travel,0
6958.3,36,102140.37,8,15,9.59,entertainment,0
9678.1,32,62523.61,13,11,3.23,grocery,0
3609.94,32,46826.7,19,14,19.72,grocery,0
11788.44,33,96933.2,4,12,0.68,grocery,0
8417.0,28,37256.2,16,7,0.93,electronics,1
2447.45,25,172700.43,13,20,1.42,utilities,0
925.65,44,89483.64,17,20,15.33,electronics,0
7300.36,41,69836.45,15,19,1.88,grocery,0
2348.12,44,246361.32,19,20,20.35,grocery,0
4019.24,44,121224.4,20,14,24.95,utilities,0
8466.27,35,136137.24,20,10,32.29,entertainment,0
5951.05,23,88042.32,10,9,5.21,grocery,0
1953.8,30,125770.45,16,7,19.48,utilities,0
5629.33,23,160841.99,19,14,2.61,entertainment,0
8887.9,46,15361.27,20,19,14.44,travel,0
3248.79,50,57634.01,10,15,17.08,utilities,0
6426.81,50,52235.65,14,14,6.44,travel,0
6937.98,62,119057.14,12,16,3.71,electronics,0
5119.99,50,61668.55,17,19,1.07,travel,0
6636.27,24,82165.65,18,11,0.39,utilities,0
5861.48,51,24051.82,15,17,16.21,travel,0
7378.28,38,65453.29,19,9,1.64,electronics,0
2245.78,34,141888.07,8,20,0.41,entertainment,0
2014.24,23,138657.1,23,15,8.13,utilities,0
1581.19,22,74766.52,21,15,8.4,utilities,0
2500.0,45,101370.04,16,15,30.2,travel,0
6128.57,30,64863.38,24,11,2.96,grocery,0
5480.23,31,86676.61,16,11,0.86,grocery,0
4264.57,25,45286.41,12,14,3.97,electronics,0
9563.79,26,141073.06,18,8,1.62,grocery,0
2916.28,57,75643.07,14,16,5.71,entertainment,0
16192.28,34,117602.59,16,21,0.48,utilities,0
7390.71,21,87145.56,11,10,10.18,entertainment,0
2175.07,45,195882.93,17,18,8.77,electronics,0
4224.22,41,69674.48,13,14,10.86,electronics,0
7251.85,26,82774.86,10,20,7.84,grocery,0
7438.48,59,164182.35,14,11,6.34,entertainment,0
19202.11,35,27695.82,16,18,14.54,entertainment,0
3483.12,55,36732.93,12,21,2.47,utilities,0
5660.4,28,115717.05,17,14,0.28,grocery,0
3299.68,35,111456.81,23,15,4.44,grocery,0
6690.63,32,160489.3,9,15,2.17,entertainment,0
3748.88,35,81603.06,8,13,5.69,entertainment,0
4575.97,35,40622.2,11,16,1.78,utilities,0
6821.38,30,87875.07,18,10,3.24,grocery,0
2440.69,56,109798.89,20,17,5.16,grocery,0
3254.87,32,64774.68,24,19,12.83,entertainment,0
19511.51,44,193137.18,19,19,5.73,grocery,0
2577.82,40,54227.07,25,19,6.7,grocery,0
2386.83,36,20713.76,14,13,18.27,grocery,0
9252.07,33,165307.68,9,12,19.41,utilities,0
8892.63,18,54443.34,15,14,2.59,electronics,0
3228.22,30,123681.95,17,17,3.36,grocery,0
3193.04,43,38733.67,13,8,3.93,entertainment,0
12393.09,18,168653.03,19,2,28.74,electronics,1
4004.76,72,146813.92,19,7,2.23,grocery,0
12731.57,50,157385.25,9,18,7.0,electronics,0
3748.32,52,261924.19,13,18,19.44,grocery,0
6106.63,32,90022.71,12,17,9.25,grocery,0
3997.24,33,39886.01,13,13,1.94,electronics,0
1927.53,19,180046.07,13,17,2.68,grocery,0
3346.94,60,82506.82,14,10,16.27,grocery,0
5821.06,49,113084.1,10,17,6.03,grocery,0
9422.86,29,52980.01,26,5,34.1,travel,1
11849.78,44,89611.18,13,13,20.38,grocery,0
7515.08,31,65486.28,16,9,0.6,grocery,0
2493.65,36,18934.38,20,10,7.61,entertainment,0
10067.28,25,33837.93,20,9,0.12,grocery,0
3947.3,35,184993.13,6,21,1.98,entertainment,0
9484.01,40,99281.26,12,14,4.07,entertainment,0
2494.45,26,43132.35,18,12,2.2,electronics,0
5858.57,18,56680.78,15,12,1.37,entertainment,0
4656.9,40,57744.77,21,9,2.57,grocery,0
1812.53,40,185958.73,14,19,0.12,grocery,0
20011.01,35,27538.32,10,11,8.74,entertainment,0
12897.14,32,62473.06,13,13,13.94,electronics,0
4597.92,66,112475.16,16,12,5.95,utilities,0
7180.38,41,152365.61,9,8,5.89,grocery,0
13086.92,32,51808.13,14,11,2.2,entertainment,0
2165.21,52,168330.53,14,12,29.07,grocery,0
9746.97,33,178442.36,21,5,33.52,travel,1
5435.01,51,68380.92,11,13,10.08,utilities,0
7210.41,49,74028.66,27,1,8.85,entertainment,1
2040.95,52,100429.85,13,9,1.23,electronics,0
44801.3,43,89406.52,32,0,29.27,grocery,1
8806.02,49,72114.55,13,17,1.31,grocery,0
20015.73,21,55676.0,19,16,2.1,utilities,0
11541.14,43,28150.7,14,18,8.68,utilities,0
5536.63,22,51159.57,7,12,6.72,utilities,0
5109.6,18,93366.94,9,15,9.95,utilities,0
10199.87,46,81798.68,13,10,1.5,entertainment,0
6224.83,29,58427.5,19,15,5.61,travel,0
2147.11,48,52668.48,11,13,11.28,entertainment,0
8429.97,52,74363.62,11,13,0.35,entertainment,0
5052.42,18,171413.65,17,11,12.47,grocery,0
2649.65,31,87347.79,18,13,0.94,utilities,0
2456.63,30,178711.68,11,13,8.6,grocery,0
14674.52,30,85633.02,20,16,13.77,entertainment,0
12515.73,51,31935.75,12,6,12.9,travel,0
8964.83,30,63880.62,18,9,2.62,grocery,0
2959.84,34,129880.57,11,9,3.46,grocery,0
2675.59,30,132605.61,16,19,14.54,utilities,0
12542.35,21,76011.52,13,16,10.5,entertainment,0
3254.89,41,31868.85,23,11,0.01,grocery,0
5291.47,26,143838.15,14,9,4.34,grocery,0
3266.76,59,112457.89,26,15,2.48,utilities,0
17199.01,42,102421.76,10,9,13.45,grocery,0
2434.68,50,37482.62,20,14,10.85,grocery,0
7143.05,46,106032.18,22,16,0.64,travel,0
9916.0,18,99825.27,11,7,13.66,grocery,0
14670.16,25,49193.36,15,17,8.96,grocery,0
4708.14,34,94547.57,25,4,51.5,utilities,1
2126.14,42,75483.85,23,17,2.84,utilities,0
3980.12,38,27509.35,19,10,0.57,entertainment,0
4365.77,47,32755.71,9,15,14.42,grocery,0
8322.05,31,70699.7,32,4,53.63,electronics,1
3251.86,43,84407.13,14,16,9.5,grocery,0
7995.35,53,52388.48,15,20,2.28,utilities,0
7795.63,26,277189.69,13,12,12.5,grocery,0
2289.66,18,17923.48,14,11,5.91,entertainment,0
7657.96,36,120803.53,16,13,5.87,electronics,0
9878.79,54,244897.74,20,12,5.96,entertainment,0
1383.59,32,85545.94,11,17,8.77,utilities,0
3521.81,54,134699.99,13,17,55.07,grocery,0
5079.58,35,40019.02,19,11,5.2,utilities,0
23106.52,18,51282.34,19,8,4.25,grocery,0
12935.01,23,34877.53,9,15,9.37,utilities,0
3595.58,18,68898.52,16,16,5.44,grocery,0
10198.6,42,30279.28,18,10,18.78,grocery,0
5578.4,61,116571.95,12,14,5.22,travel,0
4269.15,26,109370.09,13,18,11.02,electronics,0
13182.09,43,203795.91,18,20,0.69,grocery,0
2596.71,19,44348.66,10,14,6.59,grocery,0
3022.52,18,129885.91,13,22,3.49,grocery,0
23652.5,29,25710.57,28,19,2.68,travel,1
4587.49,44,46526.85,16,16,6.12,grocery,0
2821.9,26,68688.3,16,22,4.92,electronics,0
2434.93,41,54901.47,13,13,7.46,grocery,0
7167.88,42,190850.78,10,11,18.36,travel,0
28541.24,41,45447.57,24,13,37.68,electronics,1
10646.48,50,62742.63,20,14,13.41,grocery,0
18738.32,32,247909.68,22,18,14.37,electronics,0
3367.89,45,139325.34,11,18,20.93,grocery,0
3300.47,72,157679.13,21,16,2.28,grocery,0
3353.12,47,51929.54,11,21,6.76,entertainment,0
8013.66,51,28440.79,17,13,0.12,travel,0
6615.59,30,54388.68,14,13,4.08,entertainment,0
4136.84,30,112889.95,14,18,13.71,grocery,0
17430.99,37,11467.67,25,2,23.25,travel,1
9120.71,42,106749.76,30,4,46.03,travel,1
8170.53,39,116230.01,20,11,0.54,grocery,0
4435.68,35,87810.39,16,17,9.02,entertainment,0
2367.41,41,27496.25,12,12,9.35,utilities,0
1452.3,50,167661.02,18,15,26.69,entertainment,0
2485.66,18,37692.99,21,15,1.52,grocery,0
989.84,31,168164.75,15,16,5.25,utilities,0
2165.02,31,75384.54,17,10,8.11,electronics,0
1950.0,46,76206.3,14,17,2.24,electronics,0
24426.52,38,177976.44,35,5,96.48,entertainment,1
6310.08,38,81659.24,10,12,4.27,grocery,0
18218.63,33,81086.74,21,17,8.98,grocery,0
2985.31,55,79316.01,17,17,1.29,grocery,0
2275.58,39,42523.31,11,13,0.75,grocery,0
16433.76,36,62013.94,12,14,2.9,grocery,0
4970.84,38,92035.79,12,14,0.24,electronics,0
6047.07,48,71004.71,14,15,34.31,entertainment,0
4334.97,39,86052.12,11,16,27.52,travel,0
4887.32,40,80060.14,11,14,4.41,grocery,0
3930.75,46,29017.79,19,19,5.35,electronics,0
9789.38,29,152302.65,13,11,5.35,grocery,0
14295.67,31,230701.82,22,18,7.02,utilities,0
1733.55,37,144694.54,14,18,10.34,grocery,0
4304.22,25,72458.97,21,20,2.02,electronics,0
4260.84,18,48410.6,29,5,19.66,travel,1
2822.58,24,89524.34,14,14,2.83,travel,0
1344.58,43,30705.28,18,20,14.63,grocery,0
8567.76,32,99773.19,11,14,4.07,grocery,0
3430.83,18,111744.53,16,11,10.96,entertainment,0
9388.16,19,123972.56,21,10,12.36,grocery,0
4206.24,46,89711.49,6,14,4.37,grocery,0
9217.34,33,359039.74,15,16,16.68,utilities,0
9365.92,44,349603.31,14,11,4.99,entertainment,0
2028.32,31,46766.88,20,11,9.1,utilities,0
4578.46,24,154822.61,21,6,1.96,grocery,0
2995.8,43,78769.9,25,13,31.84,entertainment,0
7704.84,24,146909.64,15,17,1.22,utilities,0
9106.19,33,223102.77,11,8,2.32,electronics,0
2375.71,28,45774.46,10,8,2.12,electronics,0
14487.38,40,52638.42,13,10,2.19,electronics,0
2673.84,18,48780.97,14,14,4.37,grocery,0
1433.73,26,77210.33,12,13,16.03,grocery,0
2798.99,37,58225.05,13,6,1.22,electronics,0
1814.68,43,25807.6,15,10,34.35,grocery,0
7076.18,34,47728.23,29,1,15.7,travel,1
4675.43,27,24581.33,27,10,7.12,electronics,0
6185.57,36,175879.91,16,15,21.37,entertainment,0
1416.46,38,46523.22,13,18,1.95,travel,0
3742.66,59,84562.44,20,8,1.34,travel,0
8366.07,30,109691.49,15,19,3.49,travel,0
6478.09,19,114020.7,17,13,6.31,utilities,0
4515.25,49,60693.57,14,14,2.31,grocery,0
3807.59,33,72519.3,9,12,11.47,entertainment,0
5116.18,35,139436.21,16,19,8.28,electronics,0
3053.44,35,287977.61,25,8,20.62,electronics,0
3696.26,50,39422.46,18,13,3.03,electronics,0
5441.8,39,182886.76,14,12,2.73,utilities,0
8595.53,29,40747.53,14,12,40.58,grocery,0
4003.71,30,53614.37,11,19,5.41,entertainment,0
10910.37,60,54635.62,17,20,4.04,entertainment,0
6926.99,31,82448.9,16,11,11.25,grocery,0
3901.75,51,66325.87,22,19,6.49,entertainment,0
4324.75,50,113356.15,14,18,3.03,entertainment,0
3246.81,35,89329.73,18,19,6.04,entertainment,0
949.9,18,47515.16,19,17,3.94,travel,0
4105.89,24,138345.65,15,9,5.28,grocery,0
2654.71,63,94683.16,20,13,15.12,grocery,0
1673.48,38,153212.06,11,14,9.31,grocery,0
9533.66,46,119139.02,13,23,5.0,utilities,0
963.6,54,219218.75,16,12,10.16,travel,0
2816.34,38,19343.91,13,17,1.01,grocery,0
1549.99,30,73991.6,17,17,45.43,utilities,0
1304.4,22,47141.34,18,9,11.71,entertainment,0
2215.15,46,192546.64,20,10,24.15,grocery,0
4895.58,35,87035.78,16,18,1.9,electronics,0
2324.87,45,38815.79,18,9,2.84,utilities,0
8718.79,38,99162.85,16,21,12.48,grocery,0
3723.1,55,62262.07,15,10,6.67,entertainment,0
7349.84,29,146737.6,12,16,1.04,grocery,0
7258.81,38,185583.96,17,14,2.07,travel,0
4487.23,48,25932.47,16,15,6.35,entertainment,0
1908.83,22,59226.22,15,13,6.67,travel,0
2302.52,21,82331.55,13,12,9.05,utilities,0
14307.47,38,99708.14,24,4,24.54,electronics,1
4463.28,33,71520.85,16,18,1.7,grocery,0
19056.05,57,75148.0,12,16,1.56,grocery,0
8055.63,48,108915.84,16,13,50.72,entertainment,0
1225.51,37,108510.52,16,13,11.4,utilities,0
796.02,20,52764.02,8,11,2.86,electronics,0
8589.17,25,71556.71,11,13,59.14,grocery,0
8690.95,36,110467.49,14,14,3.18,electronics,0
7174.31,43,134424.4,14,14,7.19,travel,0
13480.23,54,130796.72,19,15,25.05,entertainment,0
3277.85,29,105082.78,10,18,2.78,utilities,0
5438.62,18,123079.21,12,13,5.59,grocery,0
7003.42,34,160895.82,15,14,27.0,entertainment,0
11089.3,53,98621.04,22,13,2.94,electronics,1
2641.19,45,145103.34,18,14,12.37,utilities,0
2376.36,45,130204.87,13,16,9.52,grocery,0
11799.4,18,65256.08,20,11,0.62,grocery,0
1406.87,49,112783.78,16,8,8.56,utilities,0
4792.76,18,94764.89,6,14,19.99,grocery,0
11897.93,58,41242.82,21,12,16.61,grocery,0
12014.72,35,73941.54,18,19,2.29,utilities,0
2793.47,25,136563.38,17,12,14.56,entertainment,0
5663.31,33,25058.15,16,19,5.5,grocery,0
3435.14,41,72213.6,19,15,5.88,grocery,0
10114.37,38,132188.5,19,12,0.0,grocery,0
3025.12,31,67934.95,15,14,3.93,grocery,0
4151.65,20,77206.05,19,11,20.6,travel,0
1610.13,44,114397.78,14,13,8.14,grocery,0
1488.01,45,120256.73,20,13,17.01,grocery,0
14570.24,34,94903.68,18,13,16.09,grocery,0
3133.14,47,55993.12,18,11,13.02,utilities,0
4520.62,60,104895.94,24,11,0.82,travel,0
12144.18,49,124367.84,17,12,6.13,grocery,0
2347.04,36,96313.07,15,15,4.4,grocery,0
2189.61,41,56864.67,18,14,3.0,entertainment,0
1956.55,43,64854.39,26,2,16.66,electronics,1
1597.28,18,180103.03,16,7,2.64,utilities,0
20104.08,28,61344.29,30,4,26.8,electronics,1
3518.11,23,141572.1,19,18,15.16,grocery,0
22001.09,49,143226.2,27,11,97.68,electronics,1
5424.26,37,86032.47,17,16,10.36,electronics,0
10074.72,46,51236.58,16,21,0.26,electronics,0
6883.45,18,151877.06,25,5,87.55,travel,1
3728.36,36,65447.52,11,13,5.24,electronics,0
4564.94,32,89287.01,11,19,2.2,entertainment,0
862.37,39,35187.42,21,14,0.51,grocery,0
8106.1,19,63574.36,14,13,18.37,grocery,0
3302.24,18,49553.76,14,15,12.05,grocery,0
7275.39,31,46117.62,14,10,13.64,utilities,0
4346.97,34,196752.08,15,20,5.95,grocery,0
3235.42,18,186209.09,18,9,3.28,grocery,0
1584.45,43,71546.21,20,8,1.71,grocery,0
1648.11,33,75835.42,13,20,23.53,entertainment,0
11282.29,18,106783.45,14,21,1.82,grocery,0
6993.26,29,85774.37,16,10,35.54,electronics,0
12414.65,40,184561.71,16,11,0.39,electronics,0
12448.91,38,57783.85,11,11,7.51,entertainment,0
4949.53,18,191057.69,14,15,1.25,grocery,0
4642.06,37,58545.3,23,22,26.89,travel,0
9204.22,18,238143.12,19,20,19.73,utilities,0
3364.7,35,65573.06,15,15,1.34,travel,0
18539.83,18,116233.44,33,4,16.23,entertainment,1
6439.27,23,52327.67,17,14,26.45,electronics,0
6047.54,29,48976.8,19,18,4.63,grocery,0
3077.19,43,67035.35,16,19,14.28,entertainment,0
14966.73,32,92632.52,21,11,0.07,grocery,0
3634.51,55,97307.78,14,18,2.86,utilities,0
3380.15,45,134331.06,14,16,6.81,grocery,0
8393.56,18,40453.58,16,15,18.06,electronics,0
12317.26,45,54311.42,20,18,0.23,grocery,0
4189.46,42,146737.66,18,14,5.23,entertainment,0
14578.06,24,220148.22,16,9,11.45,utilities,0
11190.47,38,302956.94,20,17,1.76,utilities,0
5140.13,19,71480.19,18,18,17.24,grocery,0
32233.48,29,57393.61,26,17,51.3,travel,1
1660.71,18,194702.43,15,17,1.03,utilities,0
9929.03,19,252845.34,17,8,8.68,electronics,0
2219.92,47,34284.2,18,19,7.78,entertainment,0
25547.58,38,73728.87,16,17,3.7,grocery,0
8621.94,24,59087.78,16,13,16.62,electronics,0
6300.6,19,109544.0,16,6,12.92,utilities,0
1925.92,32,18353.99,16,11,0.78,utilities,0
2596.04,20,60470.42,13,20,4.52,utilities,0
3743.88,33,75073.18,9,13,2.39,travel,0
12940.8,27,122323.02,14,17,3.46,electronics,0
3371.64,28,71137.37,6,15,4.25,utilities,0
8199.08,30,105601.25,16,16,2.22,electronics,0
2374.33,18,53887.77,21,15,3.98,grocery,0
2376.31,27,63404.55,16,13,5.95,grocery,0
5969.93,35,70913.7,15,14,14.19,entertainment,0
1970.69,37,97156.07,24,15,10.37,electronics,0
8885.99,46,104691.19,13,17,2.4,utilities,0
4035.87,37,70628.71,12,17,13.04,electronics,0
3540.2,23,40038.73,14,21,1.41,grocery,0
6929.4,64,148956.82,30,8,8.22,electronics,1
12815.11,33,34274.79,17,8,6.79,utilities,0
9560.92,44,169731.29,8,16,4.26,travel,0
2370.84,26,120326.48,12,12,8.67,grocery,0
1581.38,30,86188.08,15,22,9.45,entertainment,0
12950.25,22,133724.25,16,10,3.46,grocery,0
3645.5,45,104098.87,20,17,36.98,grocery,0
3649.43,45,314123.43,15,12,20.11,grocery,0
7749.84,22,120458.87,6,14,16.38,travel,0
3981.51,30,150588.0,15,18,9.54,grocery,0
5067.81,26,66622.18,6,22,1.94,grocery,0
6300.52,55,54593.04,14,12,4.09,electronics,0
14505.4,36,211550.94,20,7,17.82,grocery,0
4309.21,31,66397.85,19,8,4.9,grocery,0
4021.08,40,126388.04,11,17,15.61,utilities,0
7746.84,35,88749.79,45,7,3.16,travel,1
2154.16,22,39676.37,11,18,0.83,grocery,0
2348.26,54,105219.28,10,13,9.83,entertainment,0
11409.92,34,60030.66,13,11,0.92,utilities,0
3774.38,38,117454.54,13,17,0.09,utilities,0
3744.34,34,189503.48,20,17,1.22,electronics,0
3765.05,36,135712.83,11,17,1.49,grocery,0
11544.45,37,109992.29,17,18,11.7,grocery,0
4111.26,44,249939.15,14,11,0.05,entertainment,0
4222.99,47,183848.75,23,14,2.45,grocery,0
1548.05,34,96714.62,10,21,9.2,electronics,0
5576.92,33,66482.36,9,13,1.26,entertainment,0
3906.32,44,153871.15,19,15,9.06,entertainment,0
2774.92,23,229290.0,13,20,19.51,grocery,0
975.57,51,65357.61,21,17,9.85,utilities,0
4773.45,26,55871.61,12,15,4.49,grocery,0
4591.6,44,59980.12,16,18,0.9,grocery,0
6872.99,39,69082.7,18,17,0.48,grocery,0
7077.81,30,66327.65,17,20,0.93,grocery,0
2342.76,18,76704.14,8,17,4.36,grocery,0
4316.27,35,94436.91,13,15,29.54,grocery,0
20361.11,36,60410.73,14,16,23.48,electronics,0
2150.92,33,74258.7,14,9,3.58,utilities,0
1864.85,30,58085.98,12,15,0.25,entertainment,0
3768.24,37,63851.76,24,14,9.79,electronics,0
2942.55,37,97186.36,13,11,1.48,grocery,0
7480.7,38,121721.82,14,15,2.64,entertainment,0
4073.72,53,88729.5,17,8,0.71,utilities,0
8668.2,18,108739.84,15,12,8.83,travel,0
11440.54,39,50957.13,16,10,12.58,grocery,0
3754.68,33,199755.56,11,8,1.93,travel,0
5983.83,43,203970.95,10,11,0.73,grocery,0
6525.81,22,27682.49,17,11,12.82,utilities,0
9946.54,31,161690.55,12,15,8.97,travel,0
1425.09,42,75642.24,15,12,10.18,entertainment,0
6768.6,20,118091.37,20,23,0.11,grocery,0
5564.2,23,85563.73,10,12,1.15,utilities,0
7109.1,36,98508.08,11,17,18.5,utilities,0
3535.54,20,100984.68,10,16,1.96,travel,0
3643.34,20,37040.43,28,4,48.5,grocery,1
986.77,28,139376.41,22,15,6.66,grocery,0
5070.28,39,137799.92,12,10,13.83,grocery,0
6575.76,35,56152.24,13,18,12.9,grocery,0
6914.2,49,57564.9,18,19,7.55,grocery,0
5848.4,18,274912.45,10,14,2.98,entertainment,0
20128.25,23,46613.39,11,22,11.05,grocery,0
4639.53,36,42290.41,20,12,7.69,grocery,0
3016.55,18,28966.49,16,14,10.29,grocery,0
4040.46,25,354267.73,7,8,11.89,utilities,0
2185.06,39,54366.06,16,18,9.64,grocery,0
16277.56,43,64623.57,13,18,10.28,grocery,0
8690.85,23,81826.31,18,18,1.6,electronics,0
5204.79,25,60583.88,16,13,14.15,grocery,0
7774.23,53,118174.44,6,13,3.26,grocery,0
2575.01,43,129620.24,22,8,26.93,utilities,0
9895.6,19,87919.43,17,10,9.25,utilities,0
3913.48,30,24884.11,10,19,65.38,entertainment,0
3530.69,35,64236.89,21,10,43.3,electronics,0
8574.28,38,186531.37,18,17,16.21,entertainment,0
11354.65,40,262299.17,9,15,8.32,grocery,0
13334.86,46,128953.82,15,9,0.34,grocery,0
2941.21,33,74295.84,10,15,1.8,grocery,0
14409.73,45,121561.1,15,10,3.33,grocery,0
2438.66,21,46772.19,6,17,2.49,entertainment,0
2025.45,38,85887.73,12,14,15.26,grocery,0
3718.82,39,110230.19,17,16,1.66,entertainment,0
5473.61,29,64552.0,17,18,2.46,entertainment,0
889.63,22,141499.83,20,13,2.7,grocery,0
4599.31,21,57055.91,12,19,1.3,entertainment,0
7861.2,38,58670.55,12,13,5.14,entertainment,0
3658.48,18,108615.1,11,13,6.42,grocery,0
4566.48,18,51602.68,21,18,12.76,electronics,0
7458.3,23,42581.93,16,15,17.57,electronics,0
2115.7,26,101827.26,15,17,5.58,grocery,0
4947.03,35,80632.13,12,17,4.05,entertainment,0
5967.96,37,47503.5,8,23,12.13,electronics,0
3078.8,35,42146.03,6,20,2.76,entertainment,0
10330.07,47,42804.37,12,15,7.34,entertainment,0
4346.73,27,195770.52,17,13,9.26,travel,0
9650.51,34,90592.49,13,10,8.86,entertainment,0
10197.75,42,18810.05,18,16,1.3,grocery,0
22480.31,39,108395.34,8,23,14.09,grocery,0
17582.81,42,74608.56,13,13,2.12,electronics,0
4265.39,47,118791.77,15,8,5.5,electronics,0
6294.91,35,138549.3,11,16,12.23,entertainment,0
3990.15,26,110662.1,18,11,5.81,travel,0
3742.86,24,112785.08,10,19,25.08,electronics,0
9336.06,18,162424.62,17,10,5.26,grocery,0
5395.43,26,49008.63,9,16,1.17,entertainment,0
5561.42,49,139700.74,28,2,19.88,electronics,1
7874.79,33,184329.74,18,14,8.66,utilities,0
3465.86,51,27028.06,16,16,8.04,entertainment,0
24125.47,47,21764.99,26,5,53.64,electronics,1
2316.59,44,100201.73,17,19,6.53,grocery,0
7535.42,34,45437.35,15,12,3.53,grocery,0
2641.78,18,73954.62,21,17,64.18,electronics,1
12682.11,34,58356.18,15,14,5.34,entertainment,0
2974.75,22,34206.66,12,16,11.34,grocery,0
4134.82,21,52381.0,10,17,0.73,electronics,0
9801.8,38,78083.77,33,5,107.2,utilities,1
2039.97,42,41614.07,11,14,1.77,travel,0
3028.61,34,41178.0,16,11,4.96,utilities,0
4465.02,19,37750.33,12,15,5.05,electronics,0
3008.68,27,206356.2,13,13,6.91,travel,0
11740.03,19,68773.61,21,20,25.0,grocery,0
6683.65,18,87981.99,21,17,6.27,entertainment,0
5120.06,21,20339.63,12,17,9.65,grocery,0
6833.06,21,101299.13,12,9,3.77,utilities,0
3061.25,54,95716.96,16,19,1.2,grocery,0
10486.43,21,85593.49,12,13,1.76,electronics,0
7183.78,52,85427.97,15,16,1.98,utilities,0
4398.83,41,165657.92,12,16,61.85,entertainment,0
2079.2,38,117410.01,15,20,1.45,entertainment,0
5015.92,18,62939.23,13,12,8.58,utilities,0
2508.83,40,107900.88,15,12,3.9,electronics,0
10249.26,39,132742.66,13,13,13.31,electronics,0
8753.96,23,69718.84,16,12,18.12,utilities,0
11972.2,34,128960.91,18,16,8.71,utilities,0
1590.49,35,53872.07,18,15,4.93,entertainment,0
1144.89,36,141937.58,13,11,29.17,grocery,0
2430.86,45,54946.2,18,8,1.49,utilities,0
12748.09,47,84907.84,11,21,6.31,electronics,0
6024.62,37,49166.02,21,14,10.67,travel,0
3629.74,40,53508.05,15,13,5.02,utilities,0
4077.1,32,21226.26,19,12,9.22,electronics,0
7528.87,34,60529.21,11,4,4.71,entertainment,0
4719.18,30,37800.47,14,17,2.42,grocery,0
4540.54,32,49621.84,14,15,3.24,electronics,0
4347.87,59,29960.17,9,20,4.48,entertainment,0
7387.29,38,27974.31,14,8,25.1,electronics,0
4337.24,19,52491.52,21,14,3.88,grocery,0
1905.22,37,124373.82,11,15,0.74,grocery,0
3802.98,50,48628.66,9,15,0.86,entertainment,0
7820.64,30,36406.57,25,1,52.96,utilities,1
30611.91,19,81650.25,31,6,48.49,electronics,1
9576.71,27,54727.06,29,22,20.0,entertainment,1
3175.63,33,62922.5,18,8,15.31,grocery,0
4539.0,25,114910.53,14,16,11.18,utilities,0
11613.95,44,91555.72,14,19,0.38,utilities,0
3470.91,25,14926.98,15,19,13.88,travel,0
8340.04,34,189643.63,15,14,21.9,grocery,0
33529.44,32,139345.46,19,19,8.88,utilities,0
6381.62,46,67227.02,19,3,160.03,travel,1
7444.42,31,113546.16,19,10,2.24,travel,0
9508.44,34,181630.16,22,8,3.78,grocery,0
4562.66,30,49793.18,13,22,5.69,utilities,0
2773.97,40,82368.09,12,14,0.74,travel,0
29135.15,29,56461.99,19,23,4.01,travel,1
10425.31,27,135879.47,14,19,8.87,grocery,0
15141.13,25,54530.45,28,0,15.42,electronics,1
9565.64,29,88116.8,17,12,8.05,electronics,0
7762.16,39,116823.76,13,7,6.22,utilities,0
2940.91,44,76204.92,25,19,0.96,utilities,0
12731.28,54,154743.19,19,15,0.3,entertainment,0
24379.04,25,25499.65,23,11,30.31,entertainment,1
7961.98,54,237530.68,16,15,10.1,entertainment,0
14368.21,30,199710.6,15,14,8.75,entertainment,0
9415.73,50,228858.15,12,12,1.14,electronics,0
10574.51,53,118851.52,22,13,3.57,utilities,0
2981.65,44,116557.62,9,11,17.11,utilities,0
7124.51,32,57879.62,18,9,0.38,entertainment,0
18697.47,46,86391.15,16,19,2.43,travel,0
13827.09,18,49539.59,17,15,0.43,utilities,0
1868.55,24,113769.05,16,15,14.29,grocery,0
4709.76,24,49475.73,9,15,11.57,utilities,0
6485.95,37,264454.12,16,8,26.39,grocery,0
4054.64,42,54656.79,15,14,22.61,grocery,0
8779.0,18,74605.22,18,9,14.37,entertainment,0
5902.88,39,37161.96,13,23,6.21,electronics,0
9075.59,40,54050.5,18,13,2.05,grocery,0
8704.86,29,120256.67,18,21,12.86,entertainment,0
4975.84,36,105305.56,12,14,2.34,travel,0
2048.17,29,68208.47,16,21,33.98,grocery,0
25399.4,43,193006.6,16,14,7.46,electronics,0
5079.53,25,39696.92,15,15,5.52,grocery,0
4481.93,29,200139.49,14,9,3.84,entertainment,0
6165.27,30,242424.67,23,14,13.98,grocery,0
3210.85,30,99236.35,14,17,22.68,utilities,0
10108.66,53,128596.62,34,22,112.59,travel,1
3185.18,25,71872.15,14,17,6.01,grocery,0
3891.71,42,80260.58,9,6,20.36,entertainment,0
2966.07,18,124897.83,13,15,3.85,entertainment,0
11458.6,48,63602.11,20,13,16.59,utilities,0
4731.05,35,206751.49,12,23,0.8,travel,0
3450.19,36,82843.43,15,14,9.72,grocery,0
5957.77,37,56923.44,11,21,1.6,grocery,0
9575.6,38,58146.27,18,11,11.74,electronics,0
4579.74,45,62128.16,14,17,9.13,grocery,0
8578.18,31,95140.53,36,5,29.28,travel,1
4140.01,41,229769.11,13,12,10.59,grocery,0
3219.89,25,123090.94,17,10,1.1,utilities,0
4832.73,24,56148.41,17,19,2.43,entertainment,0
19389.8,26,112700.12,25,15,3.71,utilities,0
8098.23,46,105318.45,15,10,1.13,entertainment,0
3190.37,21,68604.17,22,17,0.79,grocery,0
3918.59,24,62649.72,11,18,14.74,utilities,0
2956.61,44,39852.4,20,12,7.47,electronics,0
7781.89,31,251090.69,17,10,1.93,grocery,0
9254.87,37,86917.03,14,13,8.37,utilities,0
6023.5,42,143424.33,13,12,6.59,utilities,0
9682.94,40,173041.13,19,14,0.66,grocery,0
2750.05,42,84899.03,27,11,3.55,utilities,0
6168.14,27,28417.7,21,7,12.34,entertainment,0
3309.62,23,208431.78,8,12,6.71,utilities,0
10641.74,18,121028.6,17,16,1.59,grocery,0
12072.94,18,62317.01,14,11,39.27,utilities,0
9580.8,25,120562.74,13,14,6.87,grocery,0
3544.67,18,96278.02,13,14,8.77,grocery,0
5683.59,53,20920.4,11,20,10.01,grocery,0
7760.58,58,34976.5,20,4,85.95,electronics,1
9269.2,35,24492.4,16,0,262.29,travel,1
1135.03,45,33916.92,13,16,32.42,grocery,0
4399.47,38,55728.11,21,15,3.05,entertainment,0
2546.96,36,129324.61,20,21,2.05,grocery,0
6482.29,22,66114.01,16,15,13.73,electronics,0
6515.95,18,46847.94,22,18,113.82,entertainment,1
6711.18,37,79747.04,15,19,3.83,entertainment,0
20242.69,27,79937.24,14,15,4.52,travel,0
3998.46,47,185249.71,18,18,8.57,electronics,0
10849.88,25,74376.8,14,11,8.49,grocery,0
1764.86,54,412045.96,12,17,21.76,grocery,0
1672.81,60,90368.93,17,17,1.56,electronics,0
7357.31,25,105957.54,15,23,2.5,entertainment,0
4323.57,38,90497.02,14,17,0.99,electronics,0
12202.88,47,146852.17,14,15,0.82,grocery,0
8907.24,31,59968.71,12,7,2.65,grocery,0
2458.82,24,52098.14,13,17,6.55,grocery,0
5597.15,48,49367.49,23,14,71.12,electronics,1
14820.92,43,63104.54,12,15,5.7,electronics,0
3336.62,34,52382.71,16,14,13.35,entertainment,0
5382.42,28,106123.79,17,15,6.0,travel,0
6334.45,54,33953.94,17,15,4.27,utilities,0
6577.94,34,78367.38,26,15,7.88,grocery,0
5122.62,43,73238.15,14,14,2.43,grocery,0
9698.84,18,75013.2,5,12,4.14,grocery,0
4951.7,18,153894.09,17,8,0.69,electronics,0
1676.52,25,17206.19,12,10,5.96,electronics,0
3665.08,46,43010.82,9,17,3.34,entertainment,0
5290.2,18,126748.87,13,11,2.61,entertainment,0
9221.83,28,181230.5,21,17,55.89,grocery,0
4142.18,45,11018.5,13,7,4.76,entertainment,0
41239.1,54,35508.95,29,2,21.71,electronics,1
2410.94,18,99828.5,30,2,22.39,grocery,1
25425.09,30,54701.69,31,5,22.83,electronics,1
11867.77,36,121121.44,17,12,8.43,entertainment,0
5136.64,18,179858.61,14,18,9.11,grocery,0
13430.15,25,54203.21,24,1,56.91,travel,1
4078.15,27,19662.11,12,12,14.02,electronics,0
4446.1,55,77758.37,13,16,2.09,grocery,0
11199.09,34,93091.68,24,1,5.83,travel,1
5346.75,47,178047.72,22,6,3.51,entertainment,0
11427.28,38,56789.58,16,13,3.05,grocery,0
5118.32,39,73805.04,14,14,1.37,grocery,0
26315.59,19,117134.42,14,19,2.86,utilities,0
4119.61,30,99686.93,25,15,26.6,travel,0
2493.39,38,29504.51,15,10,8.81,grocery,0
2980.28,25,99692.8,13,14,7.1,grocery,0
8368.45,51,72420.6,8,9,2.71,grocery,0
3405.14,18,48864.45,16,10,1.14,grocery,0
4549.26,28,165792.64,10,6,0.76,electronics,0
7617.87,42,37661.59,40,7,40.31,electronics,1
17812.51,40,53047.09,38,16,85.64,electronics,1
5234.77,18,103067.98,20,23,7.54,grocery,0
1129.25,31,49445.61,19,12,11.91,utilities,0
5600.61,46,106924.0,10,22,12.75,grocery,0
16104.61,18,46658.98,16,8,9.19,travel,0
10956.1,29,40713.93,13,13,10.79,travel,0
5458.4,49,158869.13,11,16,25.01,grocery,0
2924.52,43,27493.74,10,20,18.71,grocery,0
19644.12,42,38967.9,19,15,3.74,entertainment,0
7499.92,40,42347.62,28,5,17.27,entertainment,1
7677.53,57,178150.95,18,1,87.46,entertainment,1
2968.72,29,142328.85,18,11,28.28,utilities,0
2726.53,49,94836.82,17,17,1.37,grocery,0
4005.15,34,71841.95,8,12,9.16,utilities,0
11484.39,52,53227.46,17,18,2.16,electronics,0
22590.23,49,41314.21,29,15,22.3,entertainment,1
1532.49,28,20867.85,21,10,11.7,entertainment,0
15557.93,36,28344.9,28,3,16.94,grocery,1
4493.57,18,123619.02,16,19,2.42,electronics,0
7135.36,45,82763.45,13,2,4.09,grocery,0
3274.47,48,78672.45,17,21,12.88,grocery,0
19652.58,25,128582.54,12,14,1.46,grocery,0
4893.96,36,154046.95,13,12,1.76,grocery,0
4457.49,41,75951.27,18,12,12.28,entertainment,0
3868.39,51,25002.12,33,10,24.69,travel,1
14520.96,29,61809.57,12,17,11.16,grocery,0
1070.9,29,152738.11,13,15,0.61,grocery,0
2624.04,30,48419.01,19,14,9.85,grocery,0
1989.0,22,44603.06,15,13,0.37,entertainment,0
3462.97,34,80678.93,13,20,27.1,utilities,0
4533.18,23,92761.4,11,17,2.93,grocery,0
5427.03,47,70002.44,18,17,0.69,electronics,0
3229.86,24,127031.02,14,14,20.77,entertainment,0
13067.2,41,109266.47,13,9,1.46,entertainment,0
16119.71,53,191552.53,16,22,4.96,utilities,0
2456.52,29,98527.4,22,11,3.58,utilities,0
2181.44,23,102382.99,17,17,2.14,travel,0
3248.53,41,36768.75,19,13,9.43,travel,0
13337.89,47,92680.41,10,17,2.9,utilities,0
4922.06,26,26540.84,9,9,18.29,utilities,0
10169.31,26,76731.86,8,15,5.91,utilities,0
5936.34,50,139260.35,13,10,18.23,electronics,0
6257.65,38,79389.21,14,13,15.47,grocery,0
3855.24,45,46038.25,8,10,4.47,grocery,0
4181.98,19,107919.51,7,17,4.43,entertainment,0
2268.25,49,86353.21,12,16,2.56,grocery,0
3578.31,35,162815.74,13,6,19.8,utilities,0
3841.15,46,45029.33,17,22,0.7,grocery,0
17203.25,32,87317.81,15,15,5.85,grocery,0
5023.34,25,188275.32,20,17,3.89,utilities,0
2643.27,37,15714.79,10,11,14.29,utilities,0
3650.72,54,77268.18,11,15,5.89,entertainment,0
38224.2,36,49243.26,17,11,4.77,entertainment,0
4276.84,29,96865.16,19,18,4.95,electronics,0
11880.65,18,36655.55,14,10,16.28,grocery,0
5099.18,19,70660.1,14,18,10.52,entertainment,0
4746.33,36,117600.21,13,22,5.89,grocery,0
4708.68,40,79324.62,16,16,0.05,electronics,0
11521.74,28,134221.13,16,17,10.89,travel,0
1290.55,30,78352.43,10,11,8.65,grocery,0
10140.47,29,100779.65,18,21,5.84,electronics,0
7075.49,35,37464.57,18,17,6.07,utilities,0
13370.99,49,148782.28,11,15,21.06,grocery,0
7556.65,41,206367.27,17,23,42.74,travel,0
2456.55,49,176089.89,13,12,5.04,grocery,0
12898.29,20,38840.61,16,18,11.77,electronics,0
5346.84,38,67591.02,12,11,6.63,grocery,0
2160.57,36,96771.23,16,7,7.11,entertainment,0
2991.26,32,30688.99,19,19,5.41,entertainment,0
13462.05,39,135316.26,31,2,22.11,grocery,1
2361.85,22,81760.98,12,9,7.46,utilities,0
2559.3,29,56711.68,22,16,3.12,entertainment,0
7950.56,52,230144.33,16,11,3.38,utilities,0
4200.75,56,175675.45,20,10,18.46,grocery,0
2312.27,49,111321.3,16,15,23.64,grocery,0
11507.2,22,119027.53,16,9,5.06,entertainment,0
9278.94,45,63604.91,6,18,1.37,grocery,0
1509.34,27,36318.04,11,21,2.69,travel,0
6065.01,18,103589.24,16,15,5.25,travel,0
1690.79,29,52547.08,15,15,11.59,entertainment,0
27318.49,53,60319.85,5,11,0.31,grocery,0
2214.04,54,49274.38,18,19,0.08,utilities,0
7976.77,35,121309.76,15,17,2.72,utilities,0
3517.59,18,37135.22,27,3,15.24,electronics,1
29986.09,48,84095.34,28,2,10.95,travel,1
18687.45,33,46130.73,20,14,5.67,utilities,0
4479.6,31,167550.38,18,17,19.35,grocery,0
12806.81,44,63287.71,15,14,8.92,electronics,0
2107.81,35,161353.1,12,12,10.14,grocery,0
6088.17,27,48719.86,23,17,3.23,grocery,0
5300.66,22,95721.7,15,8,4.29,entertainment,0
3815.93,40,129715.56,14,18,12.09,electronics,0
8964.13,27,220314.74,16,11,7.14,grocery,0
10259.43,18,54002.26,28,1,3.95,utilities,1
2396.47,20,78903.25,14,10,19.8,utilities,0
2000.08,39,28196.1,16,9,2.65,utilities,0
5060.24,59,77899.93,20,13,9.22,grocery,0
10716.28,40,65631.82,15,8,9.58,entertainment,0
10750.62,18,49459.77,7,11,0.28,travel,0
4209.17,40,169282.22,14,15,12.66,entertainment,0
25658.18,37,122889.33,6,20,0.89,entertainment,0
3410.28,31,60590.79,15,17,7.04,electronics,0
4209.97,41,45567.53,11,19,2.54,entertainment,0
6827.72,37,129914.44,34,1,42.04,travel,1
5429.94,35,58909.66,10,21,0.32,utilities,0
6097.13,50,114991.9,15,16,1.69,utilities,0
14742.19,24,89376.67,13,19,23.39,electronics,0
2129.67,23,175914.62,13,10,19.56,entertainment,0
4281.35,24,27921.34,13,15,3.3,entertainment,0
4807.91,39,39645.07,13,17,6.15,electronics,0
8714.32,30,86726.14,8,20,13.98,travel,0
12881.74,22,36198.24,18,17,7.37,electronics,0
1254.46,35,62080.72,14,14,3.83,utilities,0
7781.23,31,41345.34,14,13,6.74,grocery,0
5480.78,65,19005.23,14,14,0.43,utilities,0
1632.05,19,23002.02,14,13,2.24,entertainment,0
5836.4,35,291033.21,6,16,6.98,entertainment,0
4333.74,30,202765.93,15,15,33.36,entertainment,0
3685.29,18,59115.42,19,7,4.31,entertainment,0
1647.92,31,106477.08,26,20,16.37,entertainment,0
5886.46,34,120047.3,21,13,15.8,electronics,0
11324.62,36,157498.63,19,7,0.61,utilities,0
1982.18,30,128640.3,10,13,3.83,grocery,0
5581.04,38,109380.88,11,18,22.62,grocery,0
2542.08,30,85635.76,12,15,0.35,grocery,0
937.41,20,132056.91,14,21,1.65,grocery,0
6070.94,37,420529.31,10,4,4.37,utilities,0
7200.66,38,106513.52,15,10,5.19,utilities,0
3155.08,37,65846.91,17,14,10.86,grocery,0
8925.67,40,26430.71,10,15,13.43,grocery,0
612.03,28,86016.77,12,17,2.24,electronics,0
7860.54,36,105110.91,18,14,2.84,utilities,0
17508.61,33,46827.26,12,16,0.81,travel,0
1648.62,22,21909.39,13,23,10.53,utilities,0
3645.56,20,59276.87,13,12,14.87,entertainment,0
3869.45,23,79309.82,13,14,4.54,grocery,0
1596.73,39,132520.34,12,21,3.1,travel,0
1406.7,54,92188.01,17,11,1.43,electronics,0
12791.53,34,48460.9,27,23,107.01,electronics,1
1114.87,41,55480.01,14,16,14.79,grocery,0
31904.74,44,55901.47,23,17,0.33,travel,0
8166.9,34,81653.61,17,14,13.32,electronics,0
2015.83,39,53701.11,16,13,9.89,grocery,0
1149.5,41,90505.64,20,21,4.45,grocery,0
4789.31,33,79451.86,13,14,39.14,travel,0
1728.01,47,47881.92,13,15,2.0,grocery,0
1974.16,18,34175.06,19,13,10.97,grocery,0
7995.93,24,44622.42,21,14,1.4,travel,0
2415.99,27,192953.43,16,10,20.92,grocery,0
15668.78,49,89564.32,12,10,3.22,electronics,0
27970.37,26,109529.87,10,16,0.66,grocery,0
1452.38,31,39955.22,21,17,7.04,entertainment,0
3410.73,30,111724.67,18,15,7.01,grocery,0
1469.25,45,49929.48,19,12,1.42,entertainment,0
6934.37,30,54824.82,16,12,1.71,grocery,0
7226.25,45,138544.48,11,13,23.35,entertainment,0
28675.41,45,41233.75,15,15,16.45,grocery,0
5032.92,23,92376.66,15,14,4.08,travel,0
3112.93,63,85052.8,9,10,6.3,travel,0
4088.8,33,176134.06,17,16,11.29,utilities,0
5137.02,31,49880.38,15,21,3.62,grocery,0
2448.06,18,37965.1,13,14,5.79,electronics,0
721.23,30,52611.62,18,8,2.08,utilities,0
17124.42,28,85860.77,11,14,7.86,electronics,0
5722.69,39,145909.51,12,11,0.48,electronics,0
1021.55,18,59397.78,14,12,32.91,grocery,0
11522.04,29,81761.0,16,10,14.5,utilities,0
18132.81,38,55576.9,29,13,35.74,travel,1
10745.74,49,183455.77,16,12,12.36,grocery,0
8291.87,22,50945.04,15,11,9.61,utilities,0
4738.1,32,59829.69,9,1,5.04,travel,0
5864.26,75,62404.92,16,16,13.28,entertainment,0
3418.1,32,85577.87,15,11,6.35,electronics,0
1412.88,48,45702.51,17,19,8.83,entertainment,0
3958.65,31,69906.17,16,14,4.6,grocery,0
3754.81,44,125756.44,21,15,20.15,utilities,0
4709.53,52,128011.27,15,4,19.91,utilities,0
11093.19,30,196876.93,16,15,2.35,travel,0
7518.17,41,18805.91,16,9,1.46,grocery,0
9786.4,32,156448.14,10,4,4.14,grocery,0
6704.76,25,84814.13,14,18,11.06,travel,0
3047.75,28,146396.63,16,12,5.81,utilities,0
3427.64,47,115169.72,21,7,0.57,entertainment,0
9027.74,47,52788.49,7,10,8.56,grocery,0
2671.43,38,65078.38,17,10,24.0,grocery,0
2396.93,27,83216.49,8,14,6.37,grocery,0
5137.06,20,77736.26,14,18,26.57,grocery,0
4384.94,36,42334.33,17,5,1.87,electronics,0
2082.67,67,59986.47,18,14,16.8,electronics,0
5026.19,36,38351.47,13,17,0.55,electronics,0
8885.37,29,179364.47,17,2,26.21,travel,1
3370.56,45,161794.51,12,9,11.0,travel,0
3755.75,30,92874.27,17,18,3.16,grocery,0
3444.78,33,77388.35,12,14,1.26,grocery,0
8979.28,23,32280.12,26,3,9.49,electronics,1
11892.12,27,90487.87,30,13,36.75,electronics,1
3887.31,59,38133.43,11,6,3.47,grocery,0
7912.6,25,71246.9,17,13,13.6,grocery,0
3373.15,34,24515.11,29,5,98.21,travel,1
8816.54,41,62056.75,11,11,5.85,electronics,0
6341.81,48,49263.64,15,10,0.83,grocery,0
4237.22,40,48991.25,13,16,15.78,entertainment,0
3570.98,24,101697.18,20,2,12.88,entertainment,1
3516.23,18,157056.95,14,13,0.08,grocery,0
5972.2,41,164555.67,17,16,19.58,utilities,0
9985.45,54,51640.52,9,19,1.42,electronics,0
8062.2,39,69073.85,16,9,9.41,entertainment,0
2424.93,34,198066.26,15,23,9.88,utilities,0
4975.05,29,139263.39,17,16,12.21,travel,0
4671.8,43,221094.12,6,21,3.75,utilities,0
11077.45,34,100975.4,19,14,18.85,travel,0
2377.47,28,116470.19,17,17,0.2,entertainment,0
3096.51,30,159431.94,14,17,1.41,grocery,0
4145.48,21,71239.54,9,16,17.44,entertainment,0
2356.8,42,69839.58,7,18,8.47,grocery,0
7516.38,27,39063.32,15,11,0.51,entertainment,0
8178.66,42,43004.99,13,13,14.08,electronics,0
7589.96,30,131221.73,14,11,3.42,electronics,0
5283.01,35,356168.87,17,7,4.57,utilities,0
2163.49,36,65718.78,12,6,0.46,entertainment,0
7246.27,38,63366.97,24,17,15.77,entertainment,0
1961.82,36,155145.41,17,13,7.16,electronics,0
3826.97,52,120746.09,16,14,12.45,grocery,0
7533.04,24,76239.19,28,21,76.34,electronics,1
2221.88,41,128117.9,13,10,3.34,grocery,0
2951.12,18,78280.97,17,14,7.47,utilities,0
5448.5,57,148921.52,10,16,3.13,utilities,0
1669.07,48,33737.73,15,15,0.71,utilities,0
12447.19,24,107577.64,18,22,3.55,grocery,0
7618.78,33,106797.8,9,10,2.32,travel,0
10979.04,33,89076.55,14,15,3.89,travel,0
4044.34,23,46162.23,20,8,2.76,electronics,0
3369.48,25,61488.32,16,18,18.13,grocery,0
1310.94,48,26610.15,20,9,16.01,grocery,0
6174.45,28,150994.7,19,22,2.72,electronics,0
4795.95,48,63588.13,21,11,0.51,utilities,0
3782.27,47,235245.08,13,18,6.39,utilities,0
6061.21,27,107056.73,16,11,1.3,grocery,0
4325.92,38,116103.79,16,14,9.63,grocery,0
4216.07,51,58681.15,9,16,20.78,electronics,0
8873.36,22,39443.03,28,3,179.93,travel,1
2374.92,27,118809.02,8,16,8.56,grocery,0
1949.93,18,219978.45,20,15,15.5,grocery,0
6183.3,51,162113.1,14,16,0.09,utilities,0
5408.42,38,44631.91,18,12,3.41,entertainment,0
1924.37,49,220630.86,14,9,0.02,grocery,0
18472.13,18,62265.27,21,14,31.62,grocery,0
2853.84,31,67000.38,18,14,0.3,entertainment,0
3783.46,41,131363.71,10,15,10.66,electronics,0
1741.86,45,124636.0,17,11,7.61,grocery,0
8428.18,26,111729.29,14,16,5.18,electronics,0
16133.33,34,44926.57,20,16,5.4,electronics,1
13300.82,39,13628.9,13,15,18.34,electronics,0
2536.61,53,297232.91,12,9,0.01,travel,0
8053.68,27,201940.74,22,17,17.1,travel,0
5922.49,37,31994.75,27,3,2.58,utilities,0
2686.87,32,54226.0,17,10,27.19,electronics,0
6128.84,48,45789.51,19,8,2.43,entertainment,0
3249.54,51,35175.54,12,10,7.52,entertainment,0
1040.96,18,83452.31,11,13,22.49,grocery,0
6186.57,18,260867.2,20,12,1.8,grocery,0
4928.55,30,96540.73,18,21,6.56,grocery,0
9967.56,41,81437.63,18,17,2.4,grocery,0
7134.24,34,89230.14,7,15,28.01,entertainment,0
4819.55,54,47555.19,14,14,0.39,entertainment,0
4610.23,56,173252.85,20,15,1.1,grocery,0
25994.92,38,65664.42,32,14,53.02,electronics,1
4633.69,33,41586.18,19,11,17.63,grocery,0
2444.44,18,204598.53,13,16,13.75,grocery,0
5649.46,35,36500.57,16,14,4.76,utilities,0
3475.74,35,81522.08,13,12,6.82,entertainment,0
1287.16,31,127818.58,13,17,0.15,travel,0
9346.62,38,102159.5,20,12,22.93,utilities,0
3700.89,48,32071.39,38,4,52.15,travel,1
2067.14,40,46474.94,18,15,3.87,grocery,0
9827.75,44,105806.33,14,10,1.04,utilities,0
2155.71,35,95012.36,17,13,2.76,entertainment,0
6279.11,43,87137.73,14,14,11.14,grocery,0
22793.69,44,109760.86,15,7,6.2,grocery,0
8305.63,18,81596.79,6,14,3.2,grocery,0
1750.29,37,56685.32,19,17,10.42,grocery,0
3876.74,75,91209.81,12,8,6.51,grocery,0
2214.97,26,98496.88,16,12,0.69,grocery,0
7850.49,44,52987.23,17,8,10.44,travel,0
3465.1,31,90799.82,19,9,0.57,utilities,0
25140.86,32,61253.62,25,4,21.77,electronics,1
11757.44,35,45849.12,16,10,2.14,travel,0
10752.88,21,16810.05,18,16,0.26,grocery,0
7769.87,31,210099.19,18,12,0.14,utilities,0
1602.82,22,11106.21,17,12,5.3,grocery,0
13694.24,48,47477.02,19,16,4.8,grocery,0
7088.38,38,35006.29,13,9,12.23,utilities,0
3393.51,26,52610.62,11,14,1.14,grocery,0
7725.31,33,81758.25,16,19,24.95,entertainment,0
4259.83,26,205865.22,14,21,37.02,utilities,0
4446.89,49,108270.49,9,13,4.61,grocery,0
3423.05,57,45279.03,10,11,1.27,grocery,0
6300.23,38,36100.95,24,19,0.54,electronics,0
4967.99,34,63051.93,21,15,1.66,utilities,0
2951.38,58,84853.91,8,11,4.48,grocery,0
6386.99,48,130373.87,17,15,2.99,grocery,0
1699.69,46,105922.42,16,20,7.85,entertainment,0
1741.53,42,235594.81,17,3,0.06,grocery,0
9110.54,55,39786.36,14,17,10.57,grocery,0
2217.62,20,44143.11,16,12,3.84,utilities,0
713.71,27,13090.03,17,9,4.91,utilities,0
3638.98,42,140143.19,9,18,7.76,electronics,0
6604.34,51,52461.4,16,15,20.99,electronics,0
5941.35,44,24299.98,12,18,11.2,electronics,0
8309.81,28,54227.88,39,3,19.32,electronics,1
5162.26,57,100096.13,18,19,6.02,grocery,0
16485.3,33,147174.62,27,0,28.03,travel,1
6177.5,42,64920.6,17,13,2.37,electronics,0
46334.37,34,38497.97,25,0,15.29,travel,1
3190.4,29,20971.13,14,13,18.16,grocery,0
5031.91,32,194935.81,10,12,1.34,grocery,0
6536.73,50,87230.07,21,11,1.13,electronics,0
757.07,31,175657.37,24,11,2.58,electronics,0
5131.94,26,344901.26,15,19,2.26,grocery,0
10442.77,56,171806.96,8,23,9.75,grocery,0
3751.83,55,44352.16,16,14,13.46,utilities,0
5497.75,45,97107.71,16,14,0.36,travel,0
4311.84,37,155481.7,12,13,3.17,utilities,0
15193.68,35,71223.83,30,3,78.36,travel,1
8206.92,42,53302.58,10,13,8.26,utilities,0
2816.86,27,177066.61,14,20,16.73,entertainment,0
5674.79,32,52684.92,21,18,14.76,entertainment,0
4307.27,20,81748.23,15,16,1.05,electronics,0
5485.58,53,60963.18,19,16,16.63,utilities,0
5462.2,36,90862.01,18,15,5.95,utilities,0
5355.01,42,70472.9,22,17,0.49,grocery,0
5226.91,18,37555.58,14,17,2.4,electronics,0
4398.2,56,42107.18,14,18,0.7,grocery,0
2553.5,43,340806.3,8,10,1.77,entertainment,0
3514.54,46,196034.55,13,15,14.48,grocery,0
4134.92,18,106899.03,18,10,2.63,grocery,0
3262.85,18,103818.3,14,11,19.34,utilities,0
11612.41,28,81691.02,14,17,1.63,grocery,0
2257.89,24,54887.61,17,13,0.1,entertainment,0
1911.38,44,109847.59,15,9,1.32,entertainment,0
11364.46,18,57284.08,13,10,6.67,travel,0
4915.82,32,122040.49,16,10,10.19,grocery,0
6233.36,32,182966.17,18,10,0.96,utilities,0
13794.41,41,57650.85,8,10,0.8,electronics,0
14371.02,40,221812.69,14,6,0.71,utilities,0
13231.04,18,106487.45,14,14,15.62,grocery,0
1601.51,18,306423.08,15,17,9.21,travel,0
9674.67,25,362921.81,14,16,1.91,electronics,0
3578.09,35,33563.87,23,3,22.02,entertainment,1
4399.89,30,1187606.57,17,19,2.93,grocery,0
1691.84,34,275670.97,8,13,5.53,grocery,0
1442.63,34,114460.3,20,16,3.34,travel,0
9369.21,49,51884.26,8,11,3.07,travel,0
8158.39,18,200748.56,12,18,15.37,grocery,0
3091.57,30,90214.47,18,9,5.96,grocery,0
6181.69,37,149471.99,23,7,16.55,utilities,0
2333.07,34,97404.09,17,11,1.93,electronics,0
18816.58,44,21853.73,19,16,22.89,entertainment,0
5774.04,22,79073.38,18,17,8.38,grocery,0
3552.99,30,49648.39,29,4,130.85,travel,1
4478.46,39,25928.54,19,14,4.22,grocery,0
4827.03,41,105581.46,14,15,0.16,electronics,0
7921.9,24,125839.3,14,17,14.3,entertainment,0
5683.2,47,110234.51,16,14,1.34,travel,0
2607.95,49,88539.98,16,7,59.61,grocery,0
3964.99,18,86438.56,18,5,1.72,electronics,0
5477.92,41,97424.59,22,13,0.42,entertainment,0
14051.19,27,150517.03,23,20,9.68,grocery,0
3150.4,39,277308.5,14,12,16.43,grocery,0
4402.71,43,103049.51,20,17,4.26,electronics,0
6563.36,40,310770.31,14,14,0.78,grocery,0
9245.56,18,85245.77,14,19,5.68,utilities,0
8787.47,28,54330.38,13,22,7.14,utilities,0
2657.94,53,94503.65,11,12,15.39,entertainment,0
2840.0,29,63385.69,9,16,0.48,entertainment,0
14675.34,48,48089.56,16,12,19.6,grocery,0
9034.75,32,73453.13,13,16,5.03,entertainment,0
2153.27,21,144052.91,13,15,0.04,utilities,0
1880.04,21,106056.22,12,9,44.94,grocery,0
7485.6,41,68273.2,10,17,4.46,entertainment,0
6262.38,30,46321.96,16,12,1.13,grocery,0
9378.8,44,58120.13,12,12,3.83,grocery,0
6151.99,48,65703.68,27,17,18.25,travel,1
4067.55,49,39144.61,14,10,8.1,grocery,0
2430.89,18,65666.06,13,20,12.08,grocery,0
13151.41,25,62764.44,27,11,41.37,utilities,1
3908.35,31,34096.29,16,7,0.91,utilities,0
34484.48,18,113053.14,9,15,13.19,entertainment,0
9419.32,42,119035.63,11,12,9.54,grocery,0
1616.97,28,121822.05,13,12,7.57,electronics,0
5082.32,34,38208.07,16,12,7.99,utilities,0
3194.64,19,45393.17,16,17,0.1,grocery,0
3706.86,25,33047.6,18,8,16.22,travel,0
4490.16,43,78111.92,15,14,1.22,grocery,0
8130.91,32,66136.48,15,20,0.79,grocery,0
9455.23,40,108603.88,11,14,9.5,grocery,0
9404.09,46,115022.47,11,19,1.96,electronics,0
5362.08,44,66677.66,14,17,4.55,utilities,0
12765.25,55,73710.43,24,17,5.01,grocery,0
5402.08,18,222260.23,17,21,2.26,electronics,0
4014.69,50,66303.36,11,16,43.27,electronics,0
9804.14,41,66420.16,9,5,7.73,utilities,0
1589.78,29,114810.95,16,16,5.47,entertainment,0
14864.16,22,82394.15,27,5,31.55,travel,1
2774.42,18,56573.81,16,9,2.78,entertainment,0
3751.26,36,84451.41,19,15,3.35,grocery,0
8202.31,30,71299.83,16,15,1.0,grocery,0
1552.51,31,103231.31,19,14,1.86,grocery,0
4937.58,27,261022.84,25,18,23.89,grocery,1
4062.69,36,109986.49,20,18,4.33,grocery,0
3516.56,22,104927.93,12,10,3.09,utilities,0
1129.62,48,176155.92,10,11,0.16,grocery,0
1218.72,36,70718.39,15,14,13.88,entertainment,0
3317.22,56,367332.97,11,12,9.47,entertainment,0
9170.57,21,93597.49,16,19,0.81,entertainment,0
5939.17,25,77121.29,19,12,10.54,grocery,0
6558.74,26,29850.57,12,9,1.17,grocery,0
5228.88,23,64643.71,12,12,0.22,grocery,0
5751.65,32,96172.43,18,18,2.22,electronics,0
4689.21,27,57345.11,13,13,8.83,electronics,0
5902.34,38,20538.51,21,17,5.44,electronics,0
26228.68,27,83555.97,15,14,3.1,utilities,0
947.84,37,82778.08,15,10,5.2,electronics,0
11982.48,18,27989.87,22,2,100.64,electronics,1
16179.1,29,37987.87,18,14,4.56,entertainment,0
6997.77,43,78170.35,13,11,7.19,travel,0
21879.59,66,70470.49,31,12,27.01,electronics,1
6051.74,46,164529.69,17,18,2.23,utilities,0
16414.11,48,78635.11,13,20,5.85,entertainment,0
2119.96,30,161442.1,13,11,0.13,grocery,0
4863.53,27,111301.17,12,15,11.5,entertainment,0
12777.08,41,53380.41,16,12,13.25,utilities,0
1632.04,29,64729.87,9,11,3.74,grocery,0
6229.28,61,82810.8,10,11,8.78,grocery,0
25217.72,54,209971.94,16,16,3.65,grocery,0
6116.59,46,99583.29,16,12,6.11,electronics,0
25364.19,37,54897.7,17,14,3.9,grocery,0
5448.65,18,221202.39,20,12,0.17,entertainment,0
6866.05,34,121661.32,15,8,39.4,travel,0
3251.09,36,78826.46,17,11,17.7,entertainment,0
5974.44,45,99323.03,12,11,5.8,utilities,0
2689.97,43,50951.22,17,13,2.21,entertainment,0
6476.13,33,138653.99,11,17,12.51,utilities,0
1694.24,34,321581.06,12,17,10.9,grocery,0
2999.71,53,55623.53,23,11,10.16,grocery,0
2369.6,22,147896.9,8,18,30.6,grocery,0
2069.38,44,121804.31,14,16,3.29,entertainment,0
5433.01,39,65624.42,15,22,7.15,grocery,0
5204.75,61,140710.36,15,19,5.31,utilities,0
7454.78,47,195443.25,22,11,8.91,electronics,0
12682.8,41,94506.48,13,12,0.51,entertainment,0
1588.92,42,99020.67,15,11,10.96,electronics,0
5449.86,37,56801.33,26,3,10.17,electronics,1
6062.38,37,59049.86,13,23,15.93,utilities,0
6941.53,27,100964.14,19,13,7.67,travel,0
17741.78,31,104801.97,15,13,10.38,entertainment,0
3126.13,43,53862.84,17,9,0.25,utilities,0
9969.24,25,220918.97,14,11,6.75,utilities,0
1856.97,43,109623.54,22,8,9.7,travel,0
8112.05,27,89969.78,15,4,7.35,utilities,0
1749.16,44,122726.53,22,15,7.82,grocery,0
3841.77,27,19347.97,17,14,10.49,grocery,0
5992.65,18,194755.77,9,7,15.54,utilities,0
9008.68,18,63583.32,13,20,9.66,utilities,0
6056.57,35,149824.4,19,14,0.23,electronics,0
2762.71,18,63835.08,22,19,1.71,grocery,0
5847.43,20,94433.58,16,14,24.62,grocery,0
3196.56,33,85857.26,11,14,7.89,grocery,0
3115.6,26,100207.71,14,18,34.32,grocery,0
8513.24,44,55990.61,15,15,2.01,electronics,0
8763.96,31,75972.23,11,16,2.46,grocery,0
3276.63,18,60761.35,20,12,1.3,utilities,0
5868.0,18,133310.1,11,9,7.07,electronics,0
4964.62,44,109921.99,13,13,26.26,electronics,0
7522.58,55,44434.16,16,8,8.32,entertainment,0
3963.33,18,114930.3,15,19,10.25,travel,0
13974.4,43,94558.61,15,13,9.62,entertainment,0
7521.47,18,65322.35,19,20,36.92,electronics,0
4236.82,43,54505.33,14,19,2.88,grocery,0
2090.87,30,23957.9,14,9,2.86,electronics,0
2752.09,18,439986.89,15,22,4.15,utilities,0
6435.44,32,69659.59,18,13,0.18,entertainment,0
5363.3,26,79880.08,17,17,1.44,electronics,0
11864.8,35,44987.71,21,19,7.94,grocery,0
9074.12,60,142375.18,13,13,6.8,travel,0
5389.85,32,90179.07,12,14,3.19,utilities,0
3452.94,22,71547.78,17,10,5.46,entertainment,0
3168.2,47,141046.26,20,13,6.69,entertainment,0
4214.05,24,82076.2,14,11,9.14,grocery,0
6015.09,65,60334.99,20,22,6.62,utilities,0
10004.0,25,157189.07,20,13,5.9,entertainment,0
5196.74,37,75365.66,17,8,7.75,grocery,0
1354.12,43,78771.41,19,23,4.06,electronics,0
5558.19,40,121100.87,11,17,2.54,entertainment,0
4634.4,53,41526.88,20,16,24.81,travel,0
4537.27,34,301035.34,16,11,12.17,entertainment,0
5876.25,29,123631.91,22,5,48.61,electronics,1
7424.63,26,104657.04,9,11,0.2,grocery,0
18229.53,18,35662.0,26,2,68.19,travel,1
5154.97,48,13881.04,13,20,8.94,travel,0
2973.15,24,81798.02,16,11,10.41,electronics,0
11986.65,40,43664.94,24,2,139.18,grocery,1
4221.01,29,56990.49,9,17,0.4,travel,0
9418.51,31,182056.24,24,17,12.53,electronics,0
8139.04,22,98336.1,17,16,26.01,utilities,0
9071.14,50,132457.1,10,16,0.09,grocery,0
5759.52,30,117883.4,14,11,4.21,utilities,0
1951.18,18,337132.95,14,16,7.72,grocery,0
4056.87,38,70600.4,20,19,2.53,electronics,0
4618.46,24,54772.92,14,11,13.25,utilities,0
4640.89,34,89526.58,13,16,7.91,entertainment,0
4248.99,34,348568.86,11,8,6.74,utilities,0
13010.45,42,93666.09,17,14,1.35,grocery,0
3348.56,41,118808.08,13,15,5.13,grocery,0
3683.29,42,96024.7,8,10,4.05,utilities,0
25722.96,20,23413.95,26,3,57.59,utilities,1
10670.62,45,52208.6,10,11,1.77,utilities,0
7611.82,18,92393.53,11,14,4.34,electronics,0
8454.38,39,27807.98,13,11,8.24,grocery,0
9563.56,43,56746.31,11,19,5.43,electronics,0
9088.31,51,144229.15,17,15,13.79,utilities,0
4220.04,43,111577.79,23,17,5.23,entertainment,0
15648.95,42,109770.96,9,9,4.95,utilities,0
8667.81,43,51391.98,17,13,10.08,electronics,0
5229.21,47,24223.98,29,5,85.33,travel,1
2774.34,41,110415.15,20,13,12.69,utilities,0
19274.64,38,72846.62,24,1,50.74,electronics,1
3940.66,43,177991.86,13,23,2.43,utilities,0
35783.99,32,36908.65,30,6,6.65,electronics,1
2516.12,19,60057.27,20,18,2.37,electronics,0
9072.53,30,52443.9,30,2,54.73,electronics,1
7005.53,46,329862.86,25,19,17.58,travel,0
15219.16,45,38348.15,5,16,0.84,electronics,0
1744.28,30,68876.59,17,15,3.24,grocery,0
5064.62,46,176092.4,19,10,5.36,travel,0
3691.39,28,219845.16,18,15,11.93,travel,0
2121.76,64,81991.25,16,17,2.97,utilities,0
9206.78,37,55003.41,11,18,11.75,utilities,0
2509.89,54,142851.07,19,17,1.6,grocery,0
8322.39,27,188231.45,14,10,17.71,grocery,0
2800.86,22,27601.06,15,11,1.45,travel,0
5670.95,18,501025.45,13,15,9.75,electronics,0
7409.26,24,74436.45,14,19,6.02,electronics,0
2298.09,25,50752.21,12,17,11.56,grocery,0
5044.05,29,86769.47,15,15,6.81,electronics,0
12136.0,40,43945.06,14,22,19.91,electronics,0
8007.8,36,133153.15,19,20,4.02,grocery,0
648.12,37,99395.78,17,13,3.41,grocery,0
2624.96,59,283582.72,18,16,0.75,utilities,0
6971.53,50,207041.58,17,19,4.28,utilities,0
17307.42,25,61099.78,18,14,2.68,electronics,0
2189.54,54,147515.1,16,12,1.45,utilities,0
3272.31,37,242624.87,22,7,10.49,grocery,0
11346.1,54,114862.13,22,14,10.55,utilities,0
1892.26,34,124797.17,8,13,0.3,utilities,0
16265.38,37,138584.57,13,15,4.91,grocery,0
6029.24,44,91305.45,18,10,0.72,grocery,0
5132.16,38,182414.54,13,10,15.34,grocery,0
14967.84,46,258553.25,10,10,0.22,grocery,0
9870.18,26,104743.75,16,10,30.05,travel,0
9887.26,37,64981.39,20,23,27.88,grocery,1
5993.52,45,29873.74,22,8,23.41,utilities,0
6141.22,54,90267.28,9,13,5.52,entertainment,0
4230.18,52,90561.89,21,14,2.62,electronics,0
3910.52,34,113073.91,11,12,14.3,utilities,0
4552.71,32,110448.82,15,12,20.07,travel,0
1873.68,45,32739.91,20,16,1.8,utilities,0
4026.08,18,67859.92,14,12,9.29,travel,0
1433.04,29,144303.67,25,14,5.48,grocery,0
6204.94,63,64296.32,11,17,7.54,utilities,0
7170.16,22,104735.97,17,20,5.5,grocery,0
5106.39,62,80064.45,10,16,10.93,entertainment,0
5338.07,18,110520.59,16,17,7.41,electronics,0
7986.01,40,581087.55,15,10,12.33,entertainment,0
3638.14,21,63342.33,12,9,10.61,grocery,0
3514.54,33,39754.41,20,1,33.16,travel,1
12057.91,37,109244.18,14,18,0.12,utilities,0
6485.91,40,50995.66,15,15,27.3,travel,0
12020.19,45,67055.44,12,11,29.74,entertainment,0
6644.58,32,26422.14,20,4,9.63,travel,1
1968.89,35,91556.54,14,20,1.28,grocery,0
6466.05,47,44590.83,12,15,5.97,grocery,0
11639.81,44,153464.26,15,16,1.79,grocery,0
4323.83,38,14562.93,14,14,3.4,utilities,0
3145.39,45,89148.31,16,8,9.39,grocery,0
5043.77,34,67746.37,14,12,3.65,utilities,0
6868.88,41,112254.5,11,13,8.05,grocery,0
2694.56,29,38806.76,9,12,15.46,utilities,0
5027.8,40,57227.94,11,22,4.02,entertainment,0
2861.12,52,202840.19,14,11,10.85,entertainment,0
6483.39,34,199409.86,17,19,0.53,travel,0
3634.91,34,33841.81,12,18,30.13,utilities,0
9860.16,35,83934.12,26,11,0.18,entertainment,1
4859.78,22,83306.56,14,12,9.48,grocery,0
38435.3,58,182705.55,27,11,5.14,electronics,0
5608.67,40,65535.35,12,8,3.03,utilities,0
3103.42,24,36491.37,13,16,19.55,electronics,0
8507.27,32,89060.83,13,9,4.46,electronics,0
2641.63,52,29932.57,31,0,45.29,utilities,1
3602.02,44,141731.85,21,16,3.54,electronics,0
1198.44,50,217723.97,17,14,6.83,grocery,0
8903.18,21,185480.12,26,20,14.5,electronics,0
1839.84,34,78987.37,12,10,0.1,travel,0
10705.41,34,44546.05,22,10,2.16,utilities,0
2534.55,51,36374.04,12,13,1.12,electronics,0
2842.59,35,49144.19,22,9,4.33,utilities,0
5031.56,37,42036.43,11,14,6.06,grocery,0
1616.55,18,22950.33,11,14,23.13,grocery,0
2012.04,43,201269.18,11,19,2.41,grocery,0
5057.15,36,82578.61,16,13,14.37,utilities,0
4107.97,32,48936.94,14,15,5.07,entertainment,0
5204.63,18,29194.7,17,18,13.09,electronics,0
1671.17,36,41225.78,20,13,8.81,travel,0
9468.86,43,204820.89,14,7,18.39,grocery,0
7304.78,34,117759.17,15,19,2.82,grocery,0
3080.61,44,37330.76,18,16,4.89,grocery,0
14341.58,57,21636.4,17,11,3.89,grocery,0
5052.55,48,52597.28,8,14,7.39,grocery,0
669.17,35,52001.55,16,18,6.91,travel,0
7636.03,30,79233.87,16,13,12.33,entertainment,0
2451.85,34,46977.45,18,11,12.23,utilities,0
8331.0,18,235799.07,12,11,6.59,grocery,0
11412.02,43,118639.23,12,19,4.73,travel,0
4910.56,24,31444.89,24,19,8.47,grocery,0
11649.36,40,37239.55,13,17,4.82,grocery,0
9527.93,37,41739.53,5,14,2.01,entertainment,0
2740.61,30,146871.89,17,8,11.7,electronics,0
1450.14,47,77108.44,14,7,2.33,entertainment,0
3117.96,35,61338.02,13,10,7.28,electronics,0
6736.45,47,154837.14,10,22,0.09,travel,0
5864.66,28,67174.3,20,16,8.1,electronics,0
5464.37,50,53152.25,16,17,17.37,entertainment,0
9468.92,52,78014.05,11,19,5.17,entertainment,0
2503.76,23,161040.12,21,14,16.81,utilities,0
7197.22,34,71554.81,13,10,4.22,grocery,0
5831.15,50,23103.94,13,15,5.72,utilities,0
2146.23,31,51000.54,21,8,0.94,grocery,0
1884.86,28,167341.24,18,15,4.81,utilities,0
2459.22,18,38449.59,11,19,4.35,utilities,0
4428.07,47,44951.86,14,11,1.37,grocery,0
10727.77,47,174243.88,10,14,6.92,utilities,0
19284.55,35,60276.69,32,3,62.32,electronics,1
1876.71,27,78352.42,12,14,1.07,electronics,0
3816.06,30,147702.91,17,13,0.09,electronics,0
7310.84,20,285801.27,12,11,20.66,entertainment,0
4058.68,25,25112.6,30,21,1.65,entertainment,1
5615.01,32,126438.83,9,11,1.69,utilities,0
2223.52,40,256736.94,17,21,9.33,utilities,0
3141.96,30,27433.98,19,16,1.11,grocery,0
11228.63,18,124259.54,15,14,7.68,travel,0
2519.8,54,35231.1,13,15,0.57,utilities,0
5100.32,52,308621.09,15,13,4.0,grocery,0
9891.24,31,99829.92,17,7,3.37,utilities,0
30161.46,45,25613.11,23,2,22.87,entertainment,1
17992.03,28,103916.92,16,10,3.32,travel,0
7060.28,25,19632.1,16,13,19.52,utilities,0
17803.1,43,113587.73,12,13,5.94,utilities,0
9317.77,41,220036.38,10,17,0.56,grocery,0
5657.55,35,47505.42,24,15,4.44,travel,0
16755.93,32,67511.72,27,12,115.37,electronics,1
7555.82,18,69372.5,31,7,16.48,electronics,1
2764.45,33,183960.27,9,20,10.91,travel,0
5855.77,29,38945.89,16,15,3.54,utilities,0
4053.25,34,126214.99,9,17,16.66,electronics,0
11165.41,18,85658.15,21,16,15.78,grocery,0
7198.29,72,107456.92,13,18,7.69,grocery,0
2166.0,27,123245.18,22,9,2.33,grocery,0
3882.68,33,144509.32,17,20,2.43,entertainment,0
6769.49,47,263305.64,19,13,22.16,entertainment,0
8529.51,18,51450.14,19,14,10.66,electronics,0
2680.55,39,74884.81,9,17,20.65,utilities,0
1136.41,33,163344.79,18,15,4.14,travel,0
5632.78,52,42660.52,22,0,0.1,electronics,1
3585.75,23,43361.3,23,22,1.55,electronics,0
16806.91,25,74408.72,14,13,2.96,entertainment,0
15639.34,37,54834.94,20,17,13.73,grocery,0
7107.81,40,77880.77,15,18,1.14,utilities,0
4531.55,63,70367.77,12,7,11.02,utilities,0
4104.33,29,40616.52,14,16,7.32,travel,0
16832.54,29,199854.65,28,14,50.15,entertainment,1
2207.09,42,124331.63,9,14,7.06,utilities,0
859.89,53,118803.61,13,15,5.99,grocery,0
9669.13,23,14393.56,11,5,23.74,grocery,0
11293.92,51,68273.95,15,18,0.58,utilities,0
3886.44,20,80055.9,24,5,23.08,utilities,0
12952.16,36,130224.2,14,18,1.69,utilities,0
6277.59,55,36948.14,13,12,25.77,grocery,0
763.95,73,194564.84,15,15,19.45,electronics,0
9641.43,34,176901.72,15,16,2.05,entertainment,0
4838.36,35,81074.45,12,15,7.89,grocery,0
8873.22,44,33206.94,13,15,0.36,grocery,0
8881.24,35,269371.08,17,15,2.59,electronics,0
4370.61,18,69105.86,11,14,13.06,grocery,0
2318.85,52,32524.74,16,20,4.35,grocery,0
8205.72,21,129133.93,12,14,6.94,grocery,0
21332.54,35,75751.22,18,16,3.46,electronics,0
4620.65,19,134091.01,16,16,11.25,travel,0
4229.88,48,91392.11,19,14,11.17,grocery,0
2670.29,18,94533.61,18,9,0.6,grocery,0
1262.46,40,94571.77,14,21,13.16,entertainment,0
7684.87,18,42184.18,12,15,18.09,entertainment,0
4760.22,44,113203.69,13,15,3.16,utilities,0
5980.17,39,108528.1,11,13,14.42,entertainment,0
24144.3,42,40284.88,29,4,8.34,electronics,1
3011.31,38,101495.12,18,14,0.56,travel,0
3086.49,45,24343.21,17,13,16.22,travel,0
3200.58,39,202073.13,19,12,0.79,utilities,0
3453.86,25,68890.41,11,16,8.36,grocery,0
4863.05,42,87349.1,19,16,14.27,grocery,0
4826.91,47,60930.56,16,12,26.11,electronics,0
8929.74,40,49719.81,12,20,7.68,travel,0
6559.02,48,37524.84,14,14,0.65,electronics,0
1640.18,18,48932.49,10,15,7.14,electronics,0
6018.63,37,131757.88,13,7,0.71,grocery,0
4399.59,44,49618.82,13,14,7.67,grocery,0
4662.41,22,47016.51,11,13,2.57,utilities,0
5972.5,18,54694.79,20,16,9.46,travel,0
5889.47,55,88894.89,13,20,14.22,grocery,0
4058.12,42,59655.79,8,11,2.54,grocery,0
2081.27,30,111683.57,14,14,14.48,utilities,0
2690.5,32,23824.23,16,20,6.35,travel,0
2645.96,18,70238.73,16,20,5.82,entertainment,0
6440.41,28,95087.5,22,17,2.05,grocery,0
8061.46,36,122150.38,15,12,2.8,entertainment,0
19497.82,33,45098.26,8,16,2.27,travel,0
8885.31,35,34045.0,28,3,0.5,electronics,1
8997.39,21,188886.97,8,19,9.03,entertainment,0
2488.21,32,175650.57,13,11,0.5,grocery,0
6380.09,18,89083.9,21,12,2.87,utilities,0
1212.74,44,76804.62,24,11,5.43,travel,0
1946.37,30,48069.15,18,9,11.21,utilities,0
3062.19,27,100494.58,13,13,9.51,entertainment,0
6660.86,24,146101.52,13,8,2.95,travel,0
1610.44,47,67495.02,18,18,6.11,travel,0
3331.77,26,59111.61,28,2,92.81,travel,1
2148.82,34,69759.96,22,5,1.23,grocery,0
8881.18,54,96819.21,12,18,2.04,grocery,0
11280.44,63,126789.3,16,14,12.99,grocery,0
2957.3,43,132238.78,16,20,15.81,utilities,0
1965.35,18,59323.67,16,17,8.33,entertainment,0
826.99,54,87618.72,16,14,5.99,grocery,0
2691.59,42,117955.75,19,17,4.69,travel,0
9172.27,37,110755.55,26,2,13.97,electronics,1
4973.31,27,195960.61,10,16,9.28,utilities,0
3428.58,31,27628.21,16,20,7.69,grocery,0
10478.77,28,103268.86,12,20,14.48,electronics,0
10119.64,41,98186.07,15,18,0.68,entertainment,0
3564.16,41,191713.77,11,18,0.11,utilities,0
16300.19,34,145280.78,21,0,2.53,entertainment,1
3782.45,66,230552.87,12,18,1.21,grocery,0
18798.23,39,100574.66,9,16,17.54,utilities,0
3222.19,53,56794.17,19,16,8.72,utilities,0
1849.88,29,76060.28,8,18,26.78,entertainment,0
4325.63,26,60581.68,24,5,0.76,grocery,0
16308.97,39,90631.24,16,18,1.71,grocery,0
3445.62,40,49634.89,15,19,4.3,travel,0
4564.59,36,45023.54,15,16,1.84,electronics,0
12602.23,19,78289.5,18,10,4.38,travel,0
4051.43,32,68228.17,15,15,10.78,grocery,0
6915.4,46,48954.14,10,18,7.46,grocery,0
9235.41,40,55999.08,18,10,1.42,utilities,0
1218.61,19,50086.6,12,11,2.33,electronics,0
3545.54,37,41202.71,20,23,5.72,travel,0
5793.23,43,43053.36,13,6,1.25,grocery,0
1517.1,40,75128.68,15,18,2.93,grocery,0
8355.26,33,38641.04,14,8,11.23,grocery,0
5493.52,50,105971.82,11,15,6.41,entertainment,0
4780.68,22,77418.12,6,18,11.75,electronics,0
5316.85,37,116534.83,20,9,11.22,grocery,0
5203.87,46,11496.52,12,13,36.62,grocery,0
12190.86,34,98132.26,19,9,12.71,grocery,0
824.95,29,71138.66,13,15,5.3,utilities,0
7070.26,59,84082.91,15,13,20.53,electronics,0
2469.17,30,102414.79,22,12,2.8,grocery,0
25285.78,31,50476.33,10,17,14.01,grocery,0
6490.45,39,176429.72,15,17,1.76,travel,0
7177.71,38,33662.1,14,18,9.87,grocery,0
1731.84,28,358036.62,22,15,10.22,electronics,0
1334.69,29,93985.54,9,13,0.82,grocery,0
6573.99,34,56496.64,12,11,0.93,travel,0
2831.71,27,46226.15,19,22,0.28,entertainment,0
4012.32,18,169511.18,22,18,12.72,grocery,0
7071.87,29,53446.37,22,16,3.78,grocery,0
2042.48,26,96461.42,9,12,13.51,electronics,0
2799.49,18,32797.48,16,16,6.14,grocery,0
6369.98,36,76113.68,18,8,2.62,grocery,0
3476.76,18,112517.26,6,17,0.84,electronics,0
5978.16,51,81762.54,16,12,5.98,utilities,0
2480.77,31,73744.52,19,22,8.04,grocery,0
15339.47,55,72476.16,13,15,5.29,grocery,0
5667.96,39,155629.47,9,10,0.95,utilities,0
12018.01,31,80289.67,15,13,11.74,travel,0
6362.91,55,72213.27,16,13,27.13,electronics,0
6227.3,26,64347.62,20,22,0.99,travel,0
4632.7,30,63406.56,8,21,3.08,grocery,0
8012.72,41,50498.3,22,3,0.11,utilities,0
5443.61,33,30374.52,24,16,7.23,travel,0
5002.39,27,114874.45,7,9,12.54,electronics,0
3495.86,23,28351.03,11,14,5.27,grocery,0
4906.71,30,56489.37,16,17,3.12,utilities,0
12541.79,47,62810.22,30,15,23.74,electronics,1
2850.91,45,86518.44,16,10,13.6,entertainment,0
7076.56,29,61264.32,14,15,12.32,entertainment,0
4110.61,32,63024.97,24,17,11.14,electronics,1
14396.4,38,67134.52,17,20,14.6,grocery,0
19757.21,34,135984.22,16,11,6.07,travel,0
4085.99,20,25090.53,15,20,14.33,grocery,0
2457.45,29,40894.08,16,17,2.81,entertainment,0
8404.75,53,55555.43,9,23,11.52,grocery,0
4195.68,25,202154.78,15,15,4.55,entertainment,0
5379.24,30,203072.53,15,14,46.12,utilities,0
27444.01,48,20340.83,19,15,1.66,utilities,0
8224.13,36,48324.63,16,14,17.85,entertainment,0
5422.42,28,166869.08,11,16,3.64,electronics,0
4903.85,39,88003.06,9,12,2.49,entertainment,0
3649.57,34,119310.98,11,20,15.15,grocery,0
11416.34,32,65432.23,15,15,5.07,grocery,0
3733.38,34,88208.2,10,3,13.18,utilities,0
13632.43,18,268646.99,14,22,3.75,grocery,0
7686.69,45,85273.28,10,4,0.68,electronics,0
4310.3,41,204118.42,9,17,1.04,electronics,0
8045.24,57,101465.51,14,10,7.23,grocery,0
5008.58,32,68400.0,19,18,5.56,electronics,0
3907.02,28,299700.33,13,14,5.04,grocery,0
7667.78,22,87906.91,30,1,7.76,electronics,1
2750.75,51,159695.17,18,12,3.19,travel,0
24901.21,47,103825.64,20,18,13.66,grocery,0
2393.24,55,78993.37,13,14,0.79,grocery,0
2602.96,25,61902.28,9,9,1.71,grocery,0
2618.26,52,69489.63,13,5,7.32,grocery,0
2561.09,27,155379.83,9,19,1.7,utilities,0
2998.33,43,33035.96,13,7,5.06,entertainment,0
11876.31,33,117785.62,9,11,0.1,entertainment,0
2001.88,52,111393.29,18,5,9.27,electronics,0
4510.4,29,38741.98,13,12,3.21,entertainment,0
12541.2,18,58933.53,13,17,0.48,electronics,0
2177.28,44,75863.05,15,14,5.93,electronics,0
7022.49,25,86364.28,14,12,8.33,utilities,0
2109.39,23,37268.34,10,9,3.83,grocery,0
10553.73,36,54891.55,14,7,0.08,entertainment,0
9940.46,44,252836.7,12,11,14.5,grocery,0
17058.63,33,45779.07,27,2,23.92,travel,1
2901.01,39,19899.06,21,18,17.66,electronics,0
2692.76,31,25007.93,17,16,30.34,entertainment,0
1540.9,42,259989.65,11,15,0.63,electronics,0
3410.14,44,250564.87,22,22,0.6,utilities,0
5174.75,25,104045.51,12,19,8.95,grocery,0
4452.41,35,21492.76,13,15,9.31,entertainment,0
8572.16,41,106421.22,15,10,5.43,grocery,0
14657.63,18,147693.29,13,14,3.91,grocery,0
1583.61,38,45421.09,17,11,19.68,travel,0
6452.81,39,87518.96,20,18,7.86,utilities,0
1201.84,43,83871.47,9,11,12.55,utilities,0
6346.21,26,218670.61,21,18,1.16,electronics,0
3452.34,18,194170.37,16,18,2.12,entertainment,0
7011.16,22,136711.41,21,18,11.44,grocery,0
9173.78,26,408611.41,11,17,19.72,entertainment,0
3612.31,30,31389.06,14,21,11.87,entertainment,0
2672.79,25,54023.36,24,15,6.47,grocery,0
4439.69,22,52000.83,18,10,1.3,utilities,0
5024.05,29,136387.33,8,16,9.35,utilities,0
5120.12,42,80261.56,17,9,17.41,grocery,0
8142.18,28,48564.94,14,18,3.56,electronics,0
4395.99,20,77061.74,20,7,2.76,utilities,0
6271.4,44,60819.78,18,14,8.26,grocery,0
6893.43,46,32521.21,13,14,15.01,utilities,0
6150.71,35,73122.85,18,18,4.25,grocery,0
8275.22,46,135837.59,16,5,7.28,entertainment,0
2212.64,20,127259.74,13,7,1.3,grocery,0
9904.51,43,84221.75,12,15,0.5,grocery,0
4493.15,44,37398.16,15,14,0.03,grocery,0
11336.55,40,90013.41,17,17,1.65,grocery,0
5896.05,39,100633.22,12,16,0.29,grocery,0
4203.28,36,242918.37,13,19,2.43,utilities,0
2058.33,25,34372.68,18,14,0.88,grocery,0
2776.05,54,107057.22,14,12,6.07,utilities,0
4385.31,38,49763.73,19,13,1.62,electronics,0
2719.11,39,332956.97,17,15,3.75,entertainment,0
11948.48,63,44714.42,26,3,20.51,electronics,1
4345.11,18,34003.61,24,5,58.02,electronics,1
7005.76,42,85854.16,24,12,2.49,grocery,0
2761.28,23,70367.13,12,13,6.83,entertainment,0
12145.16,18,131388.94,17,21,4.68,entertainment,0
4459.18,32,23995.97,13,16,0.6,entertainment,0
6776.6,29,138698.79,30,5,120.75,electronics,1
6224.97,44,18973.19,16,14,5.45,travel,0
2095.48,52,69805.7,14,11,36.12,utilities,0
14736.42,42,142842.75,14,11,21.12,grocery,0
4483.75,42,139318.7,8,19,1.77,utilities,0
6456.91,54,231428.24,13,14,9.3,grocery,0
5368.9,27,58994.45,18,22,10.3,grocery,0
1463.8,39,78317.89,18,18,0.63,electronics,0
3557.95,30,64612.61,11,16,2.21,travel,0
6899.5,28,64074.97,9,8,3.24,travel,0
6980.49,38,31465.96,17,12,15.8,utilities,0
6437.33,30,239844.08,21,15,6.9,grocery,0
5752.71,39,110426.55,22,13,13.33,entertainment,0
6667.35,28,62291.48,14,8,13.83,grocery,0
3703.72,61,86195.35,19,17,2.81,grocery,0
8062.46,49,59760.6,21,16,5.69,grocery,0
6129.37,36,29471.35,11,19,17.29,travel,0
4116.65,45,75497.2,12,14,4.66,utilities,0
8036.53,28,132075.53,12,11,0.76,utilities,0
2143.26,22,86360.12,11,6,3.58,utilities,0
2290.38,18,180064.0,14,16,5.68,grocery,0
9181.89,45,72869.41,13,12,6.71,entertainment,0
17627.05,26,40070.13,27,8,108.53,electronics,1
10966.55,30,88799.76,16,16,0.15,travel,0
3357.09,37,68377.64,13,12,16.1,grocery,0
3813.99,61,202405.52,12,8,4.51,electronics,0
10705.93,33,25150.52,33,0,4.45,electronics,1
5140.33,21,62248.14,15,20,0.32,grocery,0
2205.18,52,69259.12,12,12,5.11,electronics,0
1591.63,30,84697.95,18,19,2.06,entertainment,0
5389.5,27,83368.91,19,14,1.52,grocery,0
15483.16,20,57916.63,9,16,2.42,grocery,0
2621.36,49,122966.85,20,11,8.4,utilities,0
3355.92,37,155034.53,14,17,5.73,travel,0
4959.57,23,103526.7,15,20,4.9,entertainment,0
9101.41,23,222225.19,19,10,2.66,grocery,0
2568.77,30,67474.94,17,13,0.78,utilities,0
2900.72,35,74968.85,15,11,1.33,grocery,0
5383.56,25,35415.7,7,11,6.49,utilities,0
2791.69,23,199931.11,11,23,3.98,travel,0
2976.98,28,372366.07,13,18,8.4,travel,0
3100.52,37,84402.26,11,8,3.0,travel,0
8515.8,29,133627.11,12,8,11.86,grocery,0
5491.65,23,168913.71,14,11,0.2,travel,0
2761.85,42,35834.8,11,16,0.99,grocery,0
2771.95,37,40306.93,18,9,2.19,grocery,0
6770.77,37,73057.16,12,17,10.5,grocery,0
4338.34,45,24503.7,13,15,2.83,electronics,0
3686.18,32,211196.61,5,15,3.01,grocery,0
2479.75,23,61037.63,21,23,5.7,grocery,0
1270.4,60,31447.42,22,16,9.19,grocery,0
3963.56,19,162362.84,20,15,27.94,grocery,0
2529.83,44,27519.0,6,22,11.76,grocery,0
5937.45,46,61573.57,11,9,5.28,electronics,0
4798.13,55,216203.21,12,13,1.76,travel,0
18474.61,38,92045.34,24,2,22.05,electronics,1
9183.35,55,168515.54,7,10,35.42,travel,0
3535.21,30,71131.39,21,20,10.02,grocery,0
16167.65,49,31008.76,17,4,9.4,entertainment,1
14841.75,36,87571.19,9,11,2.34,utilities,0
1693.34,20,111470.38,16,17,12.24,grocery,0
6093.9,42,89339.75,16,8,6.34,grocery,0
8346.41,46,177011.55,20,17,3.01,grocery,0
5110.32,33,75178.02,22,13,8.46,travel,0
7122.18,29,164866.98,33,6,54.68,electronics,1
6550.67,37,297365.03,11,15,3.39,travel,0
2759.77,38,89501.09,16,18,1.85,entertainment,0
6933.3,19,119467.37,20,11,20.52,grocery,0
1033.33,47,46974.48,13,22,18.74,utilities,0
19066.63,20,85667.92,26,13,55.22,entertainment,1
19976.63,18,50331.61,15,9,5.04,grocery,0
44565.76,39,127631.11,25,7,25.4,travel,1
1987.16,18,270098.46,12,10,14.39,utilities,0
2944.98,28,334703.63,12,14,8.77,grocery,0
10651.0,39,83166.82,18,22,0.84,grocery,0
704.42,30,71635.59,18,20,7.16,entertainment,0
23139.46,40,66740.17,21,12,3.48,entertainment,0
2762.62,40,195768.71,14,21,24.74,grocery,0
11609.64,52,74571.08,10,11,18.53,entertainment,0
10815.81,20,65585.41,20,7,142.97,grocery,1
9944.93,47,61828.97,16,14,2.92,travel,0
5877.53,19,93220.7,16,17,5.3,grocery,0
4971.66,51,130276.22,17,12,2.64,entertainment,0
5542.26,23,82247.74,15,16,10.06,entertainment,0
2862.6,40,109366.11,14,13,7.97,utilities,0
4987.0,27,71739.62,8,17,9.3,travel,0
23107.98,32,98252.02,19,18,36.67,travel,0
7191.57,42,78458.1,21,20,8.3,grocery,0
9042.87,18,89253.05,16,10,8.9,entertainment,0
5194.48,34,56829.87,24,18,6.85,grocery,0
4748.47,29,145685.66,19,15,6.43,travel,0
2064.67,39,49586.66,18,14,10.01,entertainment,0
2643.41,18,169817.35,15,21,9.86,utilities,0
3950.99,47,45549.16,19,11,4.53,entertainment,0
3706.47,18,55158.25,16,23,15.31,grocery,0
3916.16,36,88497.51,10,16,13.33,grocery,0
4632.26,49,69684.0,27,1,167.27,utilities,1
9554.05,40,173264.49,31,23,34.15,electronics,1
1520.68,24,121495.05,27,17,3.77,entertainment,0
1202.26,28,96364.61,14,13,6.49,travel,0
9795.26,44,61231.83,18,12,11.31,electronics,0
2356.02,27,56783.21,17,14,18.58,utilities,0
5670.19,48,224264.83,13,5,0.61,electronics,0
10234.24,29,67486.2,15,19,0.35,utilities,0
1684.82,37,115463.0,15,12,0.58,grocery,0
5530.78,52,68447.65,20,15,0.26,electronics,0
3217.81,22,30270.2,15,12,1.84,entertainment,0
15968.77,29,147559.68,20,11,2.33,grocery,0
11104.72,39,88093.49,20,17,11.97,grocery,0
9350.3,46,123023.8,14,13,6.24,utilities,0
9902.69,38,178568.34,16,14,24.47,grocery,0
2500.47,38,35298.96,9,12,2.98,utilities,0
18395.12,30,111195.3,21,1,5.27,travel,1
4508.55,27,49243.79,15,8,2.89,entertainment,0
2619.04,41,37308.97,29,8,10.29,entertainment,0
6470.67,52,104148.93,11,12,0.59,entertainment,0
4036.49,51,69106.07,15,11,8.89,utilities,0
4245.67,51,151186.0,23,19,15.24,grocery,0
1535.45,46,16431.42,12,8,2.43,utilities,0
7851.63,40,67866.77,14,8,0.73,electronics,0
3082.24,27,22079.23,8,15,2.86,grocery,0
6798.26,61,130604.95,19,12,1.12,grocery,0
2262.81,34,57521.72,12,16,0.46,electronics,0
4081.15,43,66473.37,12,17,5.42,utilities,0
2328.1,26,58403.16,28,2,15.61,electronics,1
4310.23,37,54134.93,14,14,3.37,utilities,0
10820.9,18,68701.62,11,14,8.15,utilities,0
2294.9,55,90064.46,19,21,17.89,entertainment,0
8185.5,47,346523.81,23,18,10.05,entertainment,0
3903.22,26,51584.17,24,16,1.55,electronics,0
4695.14,31,76396.54,17,13,28.16,utilities,0
1877.92,30,127428.24,18,20,4.83,utilities,0
23077.9,18,66477.61,24,1,1.62,electronics,1
5080.98,34,46520.58,13,23,8.9,grocery,0
4353.37,18,48086.96,19,17,0.75,grocery,0
12613.67,51,106483.5,11,18,17.91,travel,0
4401.53,46,43202.23,15,12,0.41,electronics,0
14731.45,26,174721.76,10,11,22.99,travel,0
6691.66,33,98304.85,12,15,3.05,grocery,0
5178.11,35,58160.51,10,15,0.56,utilities,0
2968.29,28,81898.88,17,20,18.72,utilities,0
7544.04,27,41159.36,16,12,8.31,utilities,0
6793.92,28,48200.95,24,11,12.54,entertainment,0
2198.59,32,46053.16,12,10,16.99,entertainment,0
5640.89,24,51506.32,17,11,6.41,entertainment,0
7342.27,18,77130.58,15,6,4.45,travel,0
15165.2,18,53205.3,33,1,26.73,travel,1
4315.36,42,84485.24,24,12,10.26,grocery,0
3460.98,49,74822.16,19,15,9.43,utilities,0
4843.77,48,52457.94,16,20,0.97,utilities,0
3110.32,25,151315.83,12,14,9.85,electronics,0
2978.76,42,66925.39,12,22,0.61,grocery,0
12493.47,43,106855.26,16,18,12.08,grocery,0
2408.07,38,81687.11,17,16,0.45,electronics,0
8469.75,59,119860.46,20,15,0.85,entertainment,0
2768.85,46,58283.71,16,20,4.15,entertainment,0
4918.76,18,40425.57,16,15,0.04,grocery,0
8286.82,38,33721.32,16,17,12.47,utilities,0
523.49,49,97092.63,16,10,5.56,electronics,0
2410.9,23,57682.12,13,3,3.26,entertainment,0
9510.28,38,45879.64,16,22,13.66,entertainment,0
7338.63,28,181148.12,11,16,5.9,entertainment,0
4150.88,41,54797.97,17,15,2.03,grocery,0
5732.51,30,109746.93,13,15,1.52,electronics,0
8221.23,29,55352.77,7,17,5.39,grocery,0
1148.24,21,102536.77,20,13,28.37,grocery,0
10307.98,45,40811.95,18,6,14.01,entertainment,0
8658.86,41,102517.81,21,9,27.89,entertainment,0
3429.61,26,46868.81,18,16,13.36,electronics,0
10669.21,31,38059.67,16,14,14.03,utilities,0
1597.8,22,50613.52,14,16,15.24,travel,0
4493.4,52,97525.98,18,20,9.74,utilities,0
5764.05,29,205906.37,12,14,1.17,entertainment,0
6182.47,19,123300.38,14,17,0.04,grocery,0
3273.3,30,64704.19,17,15,5.88,grocery,0
4220.59,46,101209.17,16,21,9.29,entertainment,0
22777.99,41,35988.1,13,10,0.97,entertainment,0
3720.38,35,45011.81,10,12,5.28,grocery,0
3840.85,18,55260.63,19,11,1.14,grocery,0
5136.16,20,518115.43,20,14,2.3,travel,0
3568.43,41,155369.8,12,21,18.65,grocery,0
3775.38,34,47615.28,18,15,7.98,grocery,0
4589.27,60,104810.63,22,11,15.96,utilities,0
10176.47,39,100742.18,9,15,38.03,entertainment,0
4149.14,30,66601.79,14,14,13.28,grocery,0
6938.93,33,36807.35,13,16,13.06,grocery,0
3913.57,18,68047.89,15,16,0.24,grocery,0
5009.47,35,49289.51,17,16,0.99,grocery,0
2719.87,32,142419.03,18,19,0.04,travel,0
5363.36,19,76224.92,13,16,7.92,entertainment,0
9306.02,19,94443.53,18,17,14.51,electronics,0
4763.88,35,85904.67,18,9,30.17,grocery,0
3674.55,24,43650.66,12,11,3.35,grocery,0
7604.77,30,39673.52,30,17,93.45,entertainment,1
4498.2,27,111344.97,20,13,12.72,travel,0
3214.69,26,102347.11,22,0,3.35,electronics,1
2740.96,31,32366.81,11,14,6.42,grocery,0
7431.49,40,67175.94,13,15,13.63,electronics,0
2124.49,59,47102.68,10,11,3.81,grocery,0
7602.85,18,55173.93,13,13,7.91,electronics,0
10400.41,26,309335.78,17,15,1.67,electronics,0
5242.14,29,37776.91,18,1,3.35,electronics,0
2775.74,50,163873.89,12,18,1.0,grocery,0
6366.04,18,20677.13,28,22,20.36,entertainment,1
787.74,52,132561.39,14,12,11.64,travel,0
3295.35,31,40079.15,13,15,6.42,entertainment,0
2588.47,18,131773.32,20,14,31.43,grocery,0
3389.13,22,75675.3,10,11,1.5,entertainment,0
2451.17,39,60253.73,16,22,8.31,grocery,0
10326.93,31,104674.11,23,23,121.35,electronics,1
6933.43,45,111966.41,12,20,5.26,electronics,0
10052.37,25,141212.09,18,3,278.53,electronics,1
10391.92,18,59753.67,14,20,2.69,travel,0
5384.34,37,84966.06,23,12,1.74,grocery,0
5764.24,41,97417.1,14,22,1.5,entertainment,0
2480.33,32,91805.55,12,12,1.54,entertainment,0
1979.97,49,81821.97,15,19,8.54,travel,0
5516.89,36,73149.07,13,11,13.01,entertainment,0
2446.54,30,108653.31,12,23,20.97,grocery,0
6742.53,36,163787.52,13,14,1.17,grocery,0
3025.21,50,82336.42,13,10,0.54,entertainment,0
9621.0,30,137334.49,16,13,2.69,grocery,0
1929.81,61,86401.57,11,9,7.69,travel,0
2496.03,41,115001.57,11,13,0.24,electronics,0
11231.19,50,41221.27,23,15,11.75,entertainment,0
4655.93,45,41468.45,13,15,17.85,electronics,0
13662.22,23,169785.4,23,15,14.87,utilities,0
3436.34,40,185753.52,14,17,15.95,travel,0
6210.58,44,75130.87,14,17,11.73,travel,0
6884.63,18,60863.24,22,12,18.7,travel,0
2873.08,63,31238.4,13,14,3.32,electronics,0
2456.71,18,114933.72,18,14,4.21,entertainment,0
4713.91,47,51595.74,12,14,10.67,grocery,0
5977.98,36,30826.34,19,22,13.33,grocery,0
16537.88,25,48114.64,19,20,12.19,utilities,0
835.38,30,148761.34,12,9,17.32,grocery,0
3093.26,30,46860.08,10,10,3.54,grocery,0
6770.48,32,63873.65,10,13,1.65,electronics,0
1632.8,39,120638.17,26,15,1.47,grocery,0
2957.98,19,46575.51,14,13,9.46,utilities,0
9612.63,34,98345.8,23,14,5.39,grocery,0
862.59,37,191772.7,16,9,14.23,grocery,0
6762.39,32,137179.81,13,10,1.24,grocery,0
7306.55,19,294881.7,9,16,1.39,grocery,0
9641.48,23,53181.98,13,10,0.79,entertainment,0
2565.35,23,56196.32,17,7,5.68,electronics,0
2104.05,42,35262.18,30,4,39.5,travel,1
3484.63,36,58546.84,16,8,5.16,utilities,0
7811.54,23,58088.84,13,19,12.27,grocery,0
7988.95,18,66543.52,12,13,3.81,entertainment,0
8099.96,55,66891.89,10,18,7.14,grocery,0
20700.21,33,51561.34,36,20,34.71,electronics,1
2262.87,32,52156.39,15,15,13.22,grocery,0
4179.37,46,49724.84,18,12,12.98,entertainment,0
4954.82,26,33823.1,12,15,9.38,electronics,0
23809.39,43,104788.28,19,0,23.74,travel,1
3054.61,27,220881.53,14,16,10.73,grocery,0
4056.31,37,284888.04,12,14,4.98,grocery,0
3268.05,49,67470.03,16,15,5.51,grocery,0
1438.95,53,246399.65,14,14,9.64,entertainment,0
6688.69,25,54500.97,12,12,17.16,travel,0
3742.03,19,133421.94,24,0,21.24,electronics,1
9271.07,19,144305.55,14,12,5.43,travel,0
5128.23,18,122693.85,14,17,14.86,electronics,0
2805.71,69,200634.08,13,14,4.34,grocery,0
4159.83,35,47987.75,11,8,2.24,utilities,0
837.48,45,65260.6,14,9,7.87,grocery,0
4258.18,44,24038.18,11,13,0.72,grocery,0
10638.36,29,113402.52,14,13,0.94,electronics,0
10324.58,48,162387.63,19,19,3.0,electronics,0
2472.22,21,31054.35,18,23,0.64,grocery,0
6313.39,34,67225.21,6,18,1.79,grocery,0
8061.72,36,36891.67,14,11,0.2,electronics,0
2228.49,55,105387.76,11,10,4.28,grocery,0
9384.19,34,60146.2,18,17,19.29,grocery,0
4517.15,32,133640.19,12,17,8.18,utilities,0
1031.64,25,189366.33,18,18,0.3,travel,0
1386.19,26,99098.52,19,15,27.93,utilities,0
16747.2,26,95343.15,15,9,2.71,entertainment,0
26856.41,46,101955.22,18,14,6.49,electronics,0
2476.43,30,45794.53,11,18,0.6,travel,0
5215.33,37,201266.27,10,11,1.74,grocery,0
1917.85,47,44144.46,14,15,0.59,grocery,0
5085.67,30,55988.56,19,12,15.27,electronics,0
2429.85,34,48041.28,21,10,2.22,utilities,0
3844.25,25,50715.33,18,9,3.29,grocery,0
6751.41,37,30346.47,37,7,40.23,electronics,1
2223.82,48,119613.5,15,7,7.95,electronics,0
2996.53,37,66945.14,17,20,4.66,utilities,0
3127.11,54,78156.0,8,20,19.12,electronics,0
2523.3,33,100205.65,14,17,1.22,electronics,0
12025.48,36,52471.11,25,0,99.08,grocery,1
5957.61,32,52516.06,10,15,2.04,grocery,0
5217.67,43,282591.72,15,20,0.67,grocery,0
5191.0,39,67912.93,13,15,1.4,grocery,0
9162.75,26,109026.76,15,17,21.25,utilities,0
4095.72,40,42270.29,13,16,1.32,utilities,0
5454.85,30,47440.06,13,8,1.08,entertainment,0
3647.07,28,67401.4,27,12,63.2,electronics,1
4272.29,41,21276.74,18,17,12.51,utilities,0
3329.59,18,35137.51,11,17,0.09,travel,0
3692.89,46,46441.21,8,9,7.84,entertainment,0
2901.03,32,102908.36,13,17,2.09,grocery,0
3240.17,48,89001.75,15,15,1.2,electronics,0
1210.5,44,47874.74,12,13,44.4,grocery,0
1669.81,28,132620.74,8,6,21.83,grocery,0
2033.1,23,98657.33,15,20,7.14,utilities,0
4816.34,41,44587.08,21,6,4.64,utilities,0
3254.65,18,75057.75,17,16,0.17,grocery,0
21277.99,24,31537.66,28,2,55.04,travel,1
4494.48,46,154056.15,16,19,16.7,travel,0
8319.79,29,157631.51,19,1,13.24,electronics,1
10721.05,18,214314.15,13,17,11.54,entertainment,0
2825.75,27,164571.07,14,12,4.82,travel,0
3165.89,47,76267.92,13,10,43.99,electronics,0
1528.37,42,181317.3,10,22,1.39,grocery,0
19354.73,38,22199.99,18,17,8.82,grocery,0
4472.8,33,57456.11,16,13,11.56,entertainment,0
15141.33,28,44268.07,15,17,7.04,entertainment,0
3604.89,36,69190.9,18,15,5.15,utilities,0
23575.79,24,89497.58,10,14,6.98,travel,0
2621.99,37,135408.45,16,9,1.26,grocery,0
18793.34,56,80998.18,30,2,33.44,electronics,1
12259.34,54,46451.15,13,13,14.83,entertainment,0
5632.69,37,161864.0,16,23,12.58,entertainment,0
4161.08,44,160257.57,11,10,13.45,grocery,0
6520.6,28,64631.85,16,19,0.41,utilities,0
9996.18,21,106597.59,26,20,33.52,travel,1
13541.31,53,94364.63,17,12,31.86,entertainment,0
3296.85,51,60971.52,12,12,0.88,utilities,0
6918.57,48,51613.7,13,13,13.34,grocery,0
12205.01,19,230927.69,15,23,5.68,electronics,0
7583.72,21,77264.03,9,15,17.19,grocery,0
3635.45,34,53279.18,16,14,5.06,travel,0
10016.64,26,95658.01,9,22,0.08,travel,0
6204.05,40,82490.45,18,12,1.39,entertainment,1
4967.87,30,105291.91,10,9,3.68,electronics,0
3781.67,36,163303.38,12,14,2.23,travel,0
8735.33,33,117916.85,22,14,9.68,grocery,0
7444.08,33,76107.06,13,14,8.55,electronics,0
4737.06,49,92233.39,16,15,3.69,grocery,0
2509.17,36,200741.46,21,15,22.5,grocery,0
3441.4,18,59061.31,14,12,7.81,grocery,0
4495.11,38,80311.34,15,13,0.53,electronics,0
3424.69,31,56953.72,17,20,14.55,electronics,0
3829.88,49,153458.48,14,19,0.56,entertainment,0
4099.78,41,50904.0,23,9,28.85,grocery,1
5874.18,44,100051.59,28,3,83.01,travel,1
2255.36,44,81881.46,12,10,2.19,grocery,0
4425.0,35,29208.36,10,15,31.76,travel,0
8520.96,22,48092.17,15,14,9.64,grocery,0
7802.36,38,117277.77,19,18,0.02,grocery,0
13408.24,18,233838.3,10,4,4.31,electronics,0
4859.95,35,60357.99,11,19,0.33,grocery,0
3746.46,39,48101.2,15,11,13.99,utilities,0
7026.98,34,41997.78,17,7,11.51,entertainment,0
6729.64,40,153386.17,19,11,11.37,electronics,0
2862.42,47,50880.67,17,10,13.15,entertainment,0
15650.28,37,99568.8,20,11,15.07,grocery,0
1049.27,32,143709.91,10,11,3.72,electronics,0
3679.31,34,139809.3,22,19,22.5,grocery,0
2735.38,45,97860.91,13,11,12.75,utilities,0
5748.49,56,58256.26,19,9,18.69,utilities,0
13190.06,28,40389.44,21,13,0.41,grocery,0
3253.02,22,52194.16,13,21,19.02,grocery,0
2507.23,33,94080.89,11,8,0.22,entertainment,0
6882.58,36,173341.35,15,15,13.72,electronics,0
3748.5,24,70454.99,17,14,7.71,utilities,0
7496.68,20,37508.63,28,6,64.32,electronics,1
13681.11,58,130507.88,14,19,4.76,grocery,0
2276.8,42,163364.07,12,11,6.74,electronics,0
12825.9,47,119407.08,19,19,7.23,grocery,0
3126.21,32,258873.29,7,19,3.05,travel,0
713.02,32,211682.12,14,10,13.21,grocery,0
4668.39,32,76280.24,13,8,4.03,grocery,0
15083.11,18,160311.29,14,15,15.67,grocery,0
16970.93,18,53726.94,32,16,30.19,electronics,1
9182.94,29,56841.99,18,19,10.81,grocery,0
3041.69,29,55847.69,17,18,5.21,electronics,0
10081.87,40,241829.51,17,15,15.13,entertainment,0
7689.06,37,89665.43,18,18,5.41,electronics,0
7451.17,18,131387.68,14,17,6.89,grocery,0
11097.18,34,85308.12,8,18,0.98,grocery,0
2366.43,28,84629.63,17,21,9.33,entertainment,0
5062.29,35,221190.48,13,9,4.82,grocery,0
8576.69,18,108045.17,17,7,20.03,utilities,0
7708.63,27,72429.5,22,13,2.76,electronics,0
6296.72,32,133873.28,19,20,3.02,electronics,0
6517.32,33,111647.5,11,16,3.55,utilities,0
10544.84,36,45906.86,30,5,114.57,electronics,1
2512.18,39,62957.23,13,19,8.75,grocery,0
3215.78,40,50005.83,10,17,1.82,grocery,0
2974.71,48,67319.1,16,18,1.52,electronics,0
6625.98,29,68299.45,7,15,5.94,grocery,0
1751.65,18,58768.69,15,8,4.59,entertainment,0
10680.17,27,52284.18,13,16,2.22,grocery,0
1804.74,38,58635.02,21,10,7.5,grocery,0
9392.84,34,32453.61,10,11,5.83,grocery,0
6447.7,66,117122.25,12,19,2.26,grocery,0
3986.08,32,83874.17,15,11,9.57,entertainment,0
16277.94,18,88367.23,17,16,16.47,utilities,0
4554.51,28,58314.73,13,15,5.9,travel,0
1255.05,25,104446.02,16,15,29.89,grocery,0
3823.44,37,94651.72,20,20,6.66,entertainment,0
9134.64,32,59831.87,20,13,0.41,grocery,0
6798.19,52,108168.8,17,13,5.07,grocery,0
1790.06,29,23704.06,18,17,11.13,grocery,0
2582.7,32,54571.17,15,11,8.07,entertainment,0
3393.72,18,69435.11,12,10,4.55,grocery,0
5481.55,46,64711.36,15,14,1.15,travel,0
9986.84,38,104869.94,21,17,32.31,grocery,0
8850.72,25,50293.22,12,15,1.11,utilities,0
14880.89,37,213382.39,20,8,2.1,utilities,0
11701.46,29,25188.2,22,0,1.2,travel,1
14533.95,30,73138.39,14,15,0.1,grocery,0
4779.58,30,77950.68,14,19,7.82,travel,0
7321.07,19,71455.09,8,13,16.99,grocery,0
16543.0,27,52049.21,23,15,2.99,travel,0
2190.24,35,41053.12,10,14,13.25,grocery,0
1662.93,19,80474.63,16,12,6.61,travel,0
2519.76,49,59939.13,21,21,0.38,grocery,0
2876.72,18,86053.58,14,15,2.12,entertainment,0
12252.17,51,87699.79,16,17,5.8,electronics,0
2181.44,28,90700.25,12,13,2.04,electronics,0
6637.86,32,29649.5,13,14,3.21,electronics,0
5841.96,43,135130.88,17,15,1.39,electronics,0
5528.2,18,124910.67,15,19,2.26,entertainment,0
4761.75,40,96184.42,11,18,0.56,electronics,0
13414.58,32,36642.32,14,17,13.95,entertainment,0
7599.71,23,86478.35,14,15,1.61,grocery,0
9135.01,18,28689.07,19,14,15.97,entertainment,0
2068.4,21,117894.2,14,11,1.71,grocery,0
3836.55,26,52681.17,13,15,45.93,grocery,0
9624.26,46,13735.05,17,16,1.09,grocery,0
5082.65,35,100319.07,32,16,39.49,electronics,1
6549.25,24,176328.84,18,13,10.41,entertainment,0
1205.79,20,63151.76,11,11,11.75,grocery,0
6310.35,33,69738.55,13,15,24.59,utilities,0
2709.43,48,62083.18,11,16,4.49,utilities,0
5067.23,31,92421.44,16,18,16.92,electronics,0
7061.44,20,103244.75,16,15,13.91,entertainment,0
2376.46,23,20273.82,11,4,14.96,entertainment,0
5112.13,38,105547.35,14,18,1.97,entertainment,0
3496.28,40,54976.47,24,11,7.27,grocery,0
6909.81,19,50363.12,22,20,4.78,grocery,0
7671.95,18,72604.04,13,14,22.57,grocery,0
3964.37,28,61450.09,11,8,15.77,utilities,0
20606.39,18,27255.65,13,20,14.69,electronics,0
12513.16,44,127072.46,7,14,8.91,grocery,0
10877.45,30,156334.1,9,13,7.7,travel,0
8510.51,31,75184.42,15,17,2.29,utilities,0
13613.08,31,98889.44,14,15,4.72,entertainment,0
6411.96,46,118793.02,22,0,4.2,electronics,1
15169.67,43,51419.64,9,19,12.72,travel,0
1716.49,20,77655.63,15,11,11.16,electronics,0
518.5,36,66836.55,24,16,7.79,grocery,0
5109.39,33,19821.31,12,13,5.89,grocery,0
3222.55,18,92147.09,17,15,9.04,entertainment,0
2907.28,42,36828.01,9,6,2.34,grocery,0
27587.35,48,159653.85,22,3,35.48,electronics,1
3350.78,42,89149.38,21,9,24.67,utilities,0
1998.4,33,91824.61,19,11,6.89,utilities,0
14414.82,22,62845.1,26,4,15.69,entertainment,1
1732.42,41,71106.95,16,14,0.41,entertainment,0
6223.3,31,44998.93,24,3,190.77,electronics,1
5916.94,34,81392.78,12,8,3.27,grocery,0
1545.26,36,116435.76,15,15,2.81,electronics,0
5212.36,36,50742.97,17,14,36.72,entertainment,0
4452.8,53,49329.59,18,19,16.92,electronics,0
13703.06,48,20874.05,30,1,104.03,grocery,1
12309.44,51,140868.16,15,16,8.83,utilities,0
7956.69,42,127344.7,11,20,13.44,entertainment,0
8734.86,34,58987.71,8,23,21.7,entertainment,0
21830.71,23,163989.54,13,8,4.12,electronics,0
2711.19,36,95896.12,15,21,32.11,utilities,0
12982.7,23,106867.4,36,4,18.6,electronics,1
7533.34,38,48258.35,10,17,2.89,electronics,0
4201.02,37,26333.98,16,12,8.64,utilities,0
3132.94,41,109672.95,15,13,15.94,grocery,0
4852.66,57,185599.27,15,13,5.33,electronics,0
8172.75,30,38965.71,17,12,0.77,travel,0
4164.85,41,137364.04,19,16,0.05,grocery,0
3568.14,28,70151.46,21,19,2.51,grocery,0
3333.35,38,70565.37,12,12,22.98,grocery,0
19634.74,41,80152.21,13,17,15.96,grocery,0
12374.22,35,92022.03,15,17,14.81,electronics,0
4664.77,39,165460.68,13,12,1.28,entertainment,0
11715.38,28,135428.56,17,4,0.38,utilities,0
1838.42,36,151295.22,10,18,11.38,grocery,0
1590.42,34,50386.03,17,16,5.59,travel,0
4665.52,33,304013.57,23,17,4.65,grocery,0
13492.83,28,209475.76,23,0,3.41,travel,1
2615.54,18,39615.24,20,6,6.96,electronics,0
6717.78,35,59577.96,19,11,4.24,travel,0
2303.74,53,127343.12,14,15,0.65,utilities,0
20268.43,19,157507.46,23,9,1.36,entertainment,0
3941.69,43,116989.16,7,11,0.55,entertainment,0
6869.25,43,180913.41,16,17,0.37,grocery,0
1928.63,30,89522.86,19,10,11.79,grocery,0
12369.78,18,74515.4,34,5,15.21,entertainment,1
5628.28,37,127606.22,12,15,5.17,utilities,0
5124.37,49,63910.53,19,13,0.98,grocery,0
16086.98,53,87638.68,31,18,144.55,electronics,1
7820.32,45,25191.62,33,21,20.49,electronics,1
2697.3,30,97618.86,23,17,4.25,entertainment,0
57035.53,51,56367.28,30,3,73.65,entertainment,1
5758.07,32,116272.26,14,16,7.59,entertainment,0
3799.35,27,122092.04,9,18,7.78,utilities,0
12356.54,37,78797.71,16,19,2.11,electronics,0
5544.22,33,36346.46,15,19,3.21,electronics,0
5307.57,36,175669.58,18,16,3.23,entertainment,0
4001.46,30,167031.28,15,13,7.25,travel,0
36932.42,36,208458.24,29,20,10.49,electronics,1
3756.49,35,64016.48,18,9,12.46,travel,0
1653.13,45,84852.93,20,17,4.52,electronics,0
4895.12,46,50838.94,15,13,3.49,electronics,0
4384.62,35,49974.48,13,16,7.76,grocery,0
4646.66,47,205633.27,9,18,1.48,electronics,0
15975.0,18,159669.47,11,14,15.76,travel,0
2328.1,56,41289.58,24,16,3.1,entertainment,0
7070.92,50,26867.1,19,13,14.13,grocery,0
1644.4,47,37462.86,19,18,5.74,electronics,0
9483.61,30,138945.2,11,10,21.43,entertainment,0
3314.42,57,218120.07,20,15,0.23,entertainment,0
1473.31,58,116571.94,15,14,17.74,entertainment,0
10457.31,41,100854.2,15,7,4.47,utilities,0
11912.44,25,143730.84,15,17,7.3,electronics,0
1623.72,54,54381.06,12,17,5.69,travel,0
10923.53,18,173587.69,17,14,3.22,electronics,0
18228.0,35,38768.38,8,8,1.04,utilities,0
5863.85,18,179028.47,6,16,7.47,entertainment,0
20948.45,62,129387.99,10,18,1.25,travel,0
5160.8,48,133221.34,8,23,3.66,utilities,0
1050.33,65,65124.32,15,12,0.24,entertainment,0
2912.6,38,47927.56,9,16,1.5,electronics,0
2499.61,41,33860.02,16,7,19.42,utilities,0
1213.15,24,97774.35,9,18,1.59,utilities,0
5744.54,37,22328.52,14,16,7.04,electronics,0
9439.54,21,26801.61,23,12,11.66,travel,0
3241.89,39,76685.5,17,17,2.95,entertainment,0
3904.24,56,55373.74,17,11,26.62,entertainment,0
5718.43,21,160006.36,6,12,0.8,utilities,0
3044.74,28,93751.22,8,15,5.44,grocery,0
2732.81,38,58516.13,24,15,5.23,entertainment,0
14933.45,28,43549.43,30,5,34.34,entertainment,1
1372.28,47,49598.3,17,17,2.4,grocery,0
5553.37,42,126530.07,20,7,7.82,electronics,0
10813.63,56,149721.42,18,12,4.62,utilities,0
13520.26,42,58806.3,17,17,3.94,grocery,0
6786.37,52,76763.28,17,17,6.77,entertainment,0
2871.5,57,112361.43,13,11,0.49,entertainment,0
7093.55,31,83336.82,15,13,2.98,entertainment,0
5766.68,30,91621.19,23,1,10.62,travel,1
1070.56,23,79512.66,12,11,4.96,entertainment,0
5111.91,31,102126.48,16,15,12.17,utilities,0
16827.85,35,78666.55,10,8,1.64,travel,0
1845.38,23,74892.37,9,12,5.95,grocery,0
16789.93,22,77246.05,33,5,53.84,travel,1
6970.77,36,107764.8,14,18,12.05,grocery,0
9545.62,18,56687.66,12,16,5.8,utilities,0
4648.51,18,169335.46,17,10,18.6,grocery,0
9037.38,36,86997.73,14,14,3.12,entertainment,0
4566.22,31,21157.29,33,21,210.48,travel,1
5988.91,57,49918.61,16,21,1.5,electronics,0
11314.77,37,100107.57,19,18,13.07,utilities,0
3272.52,59,242252.91,12,14,4.75,entertainment,0
1172.61,33,49422.99,14,16,0.54,travel,0
10559.36,20,209805.74,20,16,32.7,utilities,0
3492.91,35,88084.98,12,12,3.5,grocery,0
16495.64,55,105360.74,9,23,0.3,grocery,0
4202.49,33,220302.63,11,13,4.43,grocery,0
9250.78,20,43798.14,21,8,3.3,travel,1
4846.67,28,79253.47,13,21,3.36,grocery,0
15864.09,25,48418.76,18,16,9.76,grocery,0
3130.84,27,75988.67,11,19,7.31,grocery,0
2479.72,28,61800.42,18,16,2.93,grocery,0
4814.39,29,357237.99,17,11,7.88,entertainment,0
6048.76,28,263958.7,17,13,7.15,entertainment,0
2122.82,41,56719.38,14,11,8.34,grocery,0
6816.71,29,80829.42,10,18,4.69,travel,0
19307.79,47,58214.92,18,16,14.74,electronics,0
6399.29,34,85690.17,10,14,7.44,travel,0
3293.75,35,83513.79,17,11,6.66,entertainment,0
1458.35,18,83500.19,5,21,7.22,entertainment,0
2373.27,40,66370.47,18,20,6.28,travel,0
28043.67,40,73955.21,32,4,65.12,electronics,1
7841.43,37,45462.5,24,17,22.37,utilities,0
3897.87,48,65611.08,17,10,20.07,grocery,0
2253.66,18,113640.67,11,15,23.05,travel,0
4363.7,36,40733.59,18,16,1.25,grocery,0
9869.68,34,122543.18,16,16,10.7,utilities,0
4172.81,39,33766.73,14,20,3.05,electronics,0
3306.99,49,62884.23,14,17,13.54,utilities,0
4323.94,23,107347.57,11,13,6.48,grocery,0
7933.57,18,62822.94,14,22,0.48,grocery,0
2339.02,35,51593.81,10,14,4.45,grocery,0
3298.0,50,63363.77,16,14,6.89,electronics,0
1837.25,49,59171.5,11,15,15.02,utilities,0
3662.18,45,215835.77,13,11,0.03,grocery,0
4555.05,19,142888.55,12,12,23.28,grocery,0
7124.84,51,33111.18,17,22,11.55,grocery,0
6934.85,31,93805.92,17,19,26.16,grocery,0
17057.6,52,97699.6,11,11,6.44,entertainment,0
3439.43,19,166784.1,13,12,10.27,entertainment,0
2785.82,47,98331.46,13,19,2.34,travel,0
1369.05,18,62921.35,9,9,3.26,grocery,0
6049.56,18,177528.86,20,10,7.24,grocery,0
12015.15,18,39846.01,37,0,158.84,electronics,1
5771.64,27,31165.4,13,17,23.38,entertainment,0
4886.53,18,100231.89,7,10,1.16,grocery,0
2200.09,24,140732.25,16,13,14.91,entertainment,0
7277.85,22,67917.38,16,14,6.74,entertainment,0
6990.66,47,38764.72,12,18,2.86,utilities,0
7762.86,20,114291.81,24,10,6.42,utilities,0
6428.85,29,107341.66,18,14,7.0,entertainment,0
3108.13,53,19281.11,9,13,3.41,electronics,0
4857.77,33,74594.6,13,16,6.57,grocery,0
12888.42,23,214123.08,11,16,2.08,travel,0
11815.23,18,136467.21,16,11,13.11,grocery,0
2698.28,29,222134.56,14,11,2.96,grocery,0
6152.75,32,159413.72,14,16,7.89,entertainment,0
10096.41,36,203022.69,12,11,9.98,travel,0
2181.98,33,41372.08,17,13,0.41,electronics,0
7795.86,29,66271.4,17,15,4.4,grocery,0
3467.59,37,48122.1,15,13,12.49,travel,0
2388.5,35,13211.8,16,13,9.04,utilities,0
4641.07,18,89328.53,15,7,10.24,entertainment,0
7025.54,39,98590.84,19,23,3.02,electronics,0
6527.3,43,89172.04,16,21,13.33,utilities,0
2027.88,44,40324.89,8,18,9.0,utilities,0
10517.97,51,82465.94,20,20,0.41,travel,0
6199.18,60,33180.46,11,13,4.16,electronics,0
3833.58,32,81738.0,13,13,5.42,grocery,0
13645.61,32,104369.62,7,10,13.41,entertainment,0
9809.1,40,36682.61,12,6,3.07,entertainment,0
5469.54,31,38538.31,21,4,1.31,grocery,1
2038.69,35,71685.38,19,12,27.33,travel,0
1547.29,45,31822.42,8,15,7.15,utilities,0
4315.57,43,62823.96,14,10,1.54,electronics,0
4849.32,44,69160.69,13,18,3.39,entertainment,0
10193.34,25,137894.59,17,16,13.29,electronics,0
9791.54,18,78028.99,15,16,8.58,grocery,0
3415.65,35,174934.76,11,9,12.11,grocery,0
5893.83,39,54030.14,22,2,56.86,electronics,1
5572.39,27,55465.88,11,7,2.01,utilities,0
7462.81,43,197868.65,16,5,5.11,travel,0
13909.2,34,140862.92,21,4,1.75,entertainment,0
1507.16,43,111915.85,13,18,13.18,electronics,0
14618.92,42,52612.76,22,5,55.7,grocery,1
3878.51,32,81106.52,26,15,5.28,electronics,1
6509.7,21,166994.95,12,13,10.19,utilities,0
14694.18,29,127845.21,10,11,0.94,grocery,0
4876.72,38,73974.6,16,11,18.19,grocery,0
5450.57,40,56479.48,15,8,8.35,utilities,0
23657.34,45,27695.73,21,16,1.0,electronics,0
1755.89,22,181537.21,12,15,5.87,grocery,0
10046.49,36,73849.98,23,18,8.89,entertainment,0
9991.28,28,93909.67,9,15,23.25,entertainment,0
12869.63,33,213291.54,17,9,4.68,grocery,0
8076.56,25,92811.42,15,23,9.45,electronics,0
7264.01,38,48500.58,21,11,10.0,electronics,0
2497.49,43,42151.23,14,10,10.01,utilities,0
6219.38,24,53715.38,11,9,16.19,grocery,0
4071.98,53,54974.71,24,10,12.01,entertainment,1
6973.37,32,74239.33,13,13,22.97,entertainment,0
3406.74,21,126260.99,18,14,1.73,grocery,0
2128.5,21,89174.86,12,18,3.73,utilities,0
3406.43,19,43156.27,10,17,26.94,electronics,0
2780.76,46,87109.44,6,9,14.68,travel,0
7282.27,40,57346.0,11,15,4.42,grocery,0
6625.24,46,93513.57,15,9,15.07,grocery,0
11127.49,31,88155.65,10,7,1.26,travel,0
2555.13,38,26986.74,16,11,11.11,grocery,0
6834.62,48,93614.3,18,19,7.75,electronics,0
3379.89,68,141575.3,20,9,11.81,electronics,0
11649.71,25,73879.56,16,4,3.78,utilities,0
3024.23,36,128769.1,24,14,5.21,utilities,0
4351.74,45,63850.12,18,7,19.8,electronics,0
4158.74,37,33498.27,14,13,4.82,grocery,0
5425.23,37,180977.48,7,13,8.98,entertainment,0
4341.06,51,166873.94,7,13,2.98,travel,0
3616.8,48,42519.54,9,16,6.93,utilities,0
4796.45,31,48687.53,16,14,9.08,travel,0
27960.57,34,41246.4,30,21,7.62,entertainment,1
3661.27,22,140055.97,18,14,3.27,travel,0
16698.37,29,205255.91,12,18,12.49,grocery,0
3335.73,46,29459.14,18,16,2.76,electronics,0
8096.21,39,41906.02,16,13,2.72,electronics,0
7746.88,24,64681.93,32,1,75.28,entertainment,1
2843.83,65,98440.68,11,9,3.56,entertainment,0
3189.25,34,208606.27,12,11,1.79,utilities,0
3264.46,43,128125.12,11,9,1.89,travel,0
3326.11,21,167532.13,13,12,6.78,utilities,0
4375.7,35,70156.04,23,13,10.01,electronics,0
2605.67,52,30297.66,19,13,2.68,grocery,0
2485.48,29,176171.98,19,12,1.67,entertainment,0
5650.88,40,25196.43,17,10,1.73,travel,0
5319.39,42,265969.23,14,12,19.52,entertainment,0
7959.44,42,52669.6,38,1,73.36,electronics,1
2902.81,23,126998.18,22,7,12.71,utilities,0
3976.1,36,101522.98,15,12,3.28,entertainment,0
2800.8,37,67320.93,15,18,0.64,grocery,0
2291.9,33,109996.64,14,9,0.14,utilities,0
13141.61,44,68082.58,20,11,2.9,electronics,0
1341.21,44,55456.1,12,17,4.55,travel,0
14583.21,43,168408.49,21,17,0.4,utilities,0
12861.87,32,127651.18,30,5,180.91,electronics,1
9669.45,40,24767.14,26,11,6.16,electronics,1
6049.79,23,58317.29,19,18,26.92,entertainment,0
6401.88,51,46355.35,14,17,10.11,travel,0
6910.7,27,29929.99,16,13,1.69,grocery,0
21797.33,34,189454.98,9,14,1.01,electronics,0
16574.27,30,98320.82,38,4,12.19,entertainment,1
27287.08,47,89914.89,13,17,6.57,entertainment,0
5663.62,37,40904.39,11,14,9.61,utilities,0
3272.66,67,24646.8,9,14,10.82,travel,0
4703.57,47,41568.39,9,20,7.5,utilities,0
7951.86,28,36624.88,14,14,8.91,electronics,0
20184.45,42,91316.72,16,13,2.35,entertainment,0
2157.13,35,253421.13,20,12,8.22,electronics,0
13482.56,31,47545.12,11,14,9.42,entertainment,0
7087.44,38,65858.33,9,14,1.56,utilities,0
7224.35,37,74875.75,13,15,21.26,utilities,0
3875.99,51,63925.08,13,17,1.24,grocery,0
1273.29,22,86081.14,15,7,54.18,grocery,0
6229.19,18,240094.89,19,10,5.34,entertainment,0
1467.39,18,56227.92,9,15,6.53,electronics,0
10617.94,46,106148.98,19,12,11.36,utilities,0
9940.53,31,40164.35,9,13,11.22,travel,0
7395.38,40,129324.42,11,16,0.39,grocery,0
6973.38,36,89233.8,14,14,10.19,grocery,0
3886.64,48,63853.37,14,20,13.1,utilities,0
3536.77,24,64858.9,15,10,8.45,grocery,0
3049.05,21,96536.86,18,7,11.15,utilities,0
3266.46,53,175887.28,15,21,8.02,grocery,0
5085.14,18,94515.56,15,14,3.04,electronics,0
4062.06,24,69030.93,12,17,1.89,grocery,0
7467.85,21,212268.24,17,6,5.0,entertainment,0
3188.73,43,130203.66,13,15,1.92,utilities,0
4643.98,57,108379.44,17,7,5.47,electronics,0
13354.43,31,34903.11,24,5,108.35,travel,1
3930.88,31,53635.76,18,11,1.63,grocery,0
3463.47,26,60492.42,21,14,1.31,grocery,0
15406.91,24,77475.41,14,13,8.76,utilities,0
2698.29,31,48036.38,29,4,23.12,electronics,1
1680.38,45,79684.41,22,20,9.11,grocery,0
5069.23,32,125493.44,9,15,12.08,grocery,0
1374.08,30,135269.44,12,9,5.0,utilities,0
11307.29,23,65934.41,24,3,67.46,travel,1
7159.22,32,99594.0,15,17,0.73,grocery,0
2699.24,32,87575.48,14,13,5.46,grocery,0
21297.59,24,48251.61,34,17,31.87,electronics,1
4133.87,44,149689.27,12,9,0.72,utilities,0
2637.33,45,44970.26,23,9,1.37,electronics,0
3340.68,31,51365.58,14,9,0.29,grocery,0
1828.39,18,72793.53,15,13,2.61,utilities,0
10809.18,44,245976.78,17,12,3.64,grocery,0
6866.9,42,49260.23,19,12,11.83,grocery,0
4662.25,18,93259.36,17,12,9.52,grocery,0
5246.71,34,58127.26,16,17,1.55,grocery,0
3342.66,27,181426.67,14,21,8.3,utilities,0
3492.26,39,33926.3,12,10,4.8,utilities,0
2809.53,56,101539.38,14,12,1.1,entertainment,0
5575.85,48,135475.5,14,13,15.83,utilities,0
4793.68,28,257187.84,14,19,5.91,utilities,0
3371.23,36,46923.28,22,13,9.67,utilities,0
4322.88,35,86603.14,18,10,8.06,grocery,0
2309.85,39,45434.02,15,12,19.44,grocery,0
2140.25,31,34666.14,14,21,1.48,grocery,0
17391.7,20,126223.04,14,12,9.42,utilities,0
4890.42,41,69346.08,25,4,31.65,entertainment,1
2471.39,40,55594.63,17,19,9.9,grocery,0
3481.75,48,76378.28,12,19,2.41,grocery,0
9056.32,43,59026.66,18,23,18.92,utilities,0
19038.53,36,37760.01,36,3,51.03,grocery,1
7642.47,20,161984.01,20,15,1.0,grocery,0
2913.23,37,140547.96,13,16,17.84,electronics,0
14165.2,45,52571.26,34,2,23.53,electronics,1
6713.23,31,94227.8,11,13,12.2,entertainment,0
7036.17,33,57424.25,24,23,7.83,grocery,0
10279.72,26,78512.11,8,17,7.56,utilities,0
3011.83,35,112316.71,16,17,0.09,utilities,0
3937.51,43,81445.44,13,15,5.82,utilities,0
5709.06,46,27321.96,16,15,5.53,grocery,0
2218.45,28,104619.56,16,13,7.71,grocery,0
7232.98,36,46780.98,11,15,7.29,grocery,0
8835.06,24,59704.98,12,6,2.82,travel,0
3630.46,45,35813.24,15,5,2.16,entertainment,0
21920.59,42,60181.64,23,1,53.38,electronics,1
2096.71,26,85371.12,18,11,6.58,utilities,0
14126.89,22,56719.13,16,12,9.06,entertainment,0
4306.08,42,30094.36,18,13,10.07,travel,0
13115.46,35,74731.33,19,12,3.81,grocery,0
2607.81,34,86508.74,11,17,6.1,grocery,0
3677.28,49,250876.33,13,14,33.52,electronics,0
2500.44,18,48510.25,10,7,14.72,entertainment,0
2198.57,31,174598.38,15,15,5.81,utilities,0
2039.81,42,98433.64,13,20,0.97,grocery,0
5538.94,18,148414.71,13,16,3.7,electronics,0
3284.9,29,120904.44,10,15,11.28,travel,0
1452.15,31,94109.11,10,13,2.34,entertainment,0
6295.41,18,113450.3,27,18,5.29,entertainment,0
7891.84,40,100155.79,12,10,3.84,entertainment,0
1785.13,58,65295.08,8,9,3.14,entertainment,0
19500.61,52,43010.63,11,12,20.98,entertainment,0
7221.56,18,166978.69,17,10,4.85,utilities,0
4478.86,30,34541.12,21,18,9.44,grocery,0
2736.85,33,110732.82,16,11,7.89,grocery,0
8941.88,33,82524.02,18,8,9.9,grocery,0
3959.19,35,110982.02,14,11,13.31,entertainment,0
1232.31,35,163190.16,21,11,9.47,entertainment,0
12324.33,33,189613.38,19,22,71.59,electronics,1
3956.45,36,83117.37,16,14,8.85,entertainment,0
13665.54,30,29398.67,9,18,0.62,grocery,0
4664.11,44,84535.98,16,10,0.04,grocery,0
2221.78,29,123561.26,16,12,5.75,grocery,0
4790.58,37,159889.03,17,20,3.78,utilities,0
3561.26,26,55408.05,15,11,23.76,utilities,0
5418.35,19,57170.73,16,16,27.32,entertainment,0
11372.32,47,97294.2,11,13,2.7,entertainment,0
2932.67,46,56501.69,14,16,10.24,electronics,0
5712.46,39,106787.09,15,14,39.53,grocery,0
3209.79,33,161349.52,13,8,9.9,grocery,0
8040.2,40,88756.72,13,17,16.06,utilities,0
5529.85,18,99550.27,17,11,5.55,grocery,0
3240.96,49,113486.95,23,15,8.07,utilities,0
3904.96,43,116537.78,18,14,15.22,entertainment,0
2337.77,39,256520.61,14,10,4.81,entertainment,0
8178.33,61,123456.01,13,21,4.87,grocery,0
5885.85,60,117581.94,16,19,3.35,electronics,0
3995.08,43,59464.66,14,9,25.05,utilities,0
12576.4,25,105783.36,13,10,5.11,grocery,0
4025.44,19,28156.85,18,14,20.84,utilities,0
1322.04,38,43960.64,17,11,4.0,electronics,0
3396.08,32,27311.09,23,12,49.29,grocery,1
24888.16,18,96256.35,15,18,1.12,entertainment,0
3386.96,21,63498.43,16,13,8.58,utilities,0
1909.2,47,145146.98,19,20,3.39,grocery,0
5696.73,36,45905.25,11,11,21.9,entertainment,0
16790.33,46,176975.8,11,12,1.7,grocery,0
3418.97,27,123100.13,20,4,5.7,entertainment,0
13909.28,56,45129.26,19,17,8.66,entertainment,0
1606.45,40,55288.24,12,9,3.07,utilities,0
12903.29,24,48866.71,16,18,16.75,grocery,0
6169.17,43,24946.56,18,14,49.02,utilities,0
3819.45,31,79004.83,11,13,3.09,utilities,0
967.74,21,277604.16,20,12,9.39,grocery,0
5540.67,18,40952.76,14,6,8.99,grocery,0
4388.83,44,120738.06,12,11,7.3,travel,0
1038.8,24,91362.64,18,13,0.24,grocery,0
8014.46,35,181057.65,20,14,14.15,utilities,0
4511.83,18,39157.02,19,19,0.74,electronics,0
4228.97,34,108203.87,11,17,4.56,entertainment,0
4811.92,32,44255.16,12,15,6.02,utilities,0
3095.7,41,45939.46,16,8,4.19,grocery,0
3070.56,53,62363.0,17,17,1.52,entertainment,0
3472.81,38,40990.55,16,7,3.04,utilities,0
5565.61,32,45225.04,14,15,3.66,grocery,0
12194.44,18,125613.07,17,10,23.91,travel,0
3080.8,45,100315.81,21,10,0.18,electronics,0
15860.44,47,70644.53,12,19,5.86,grocery,0
1634.18,39,42501.01,10,16,0.14,utilities,0
2405.42,18,146195.59,24,13,4.33,entertainment,0
9472.55,34,93788.47,27,3,98.84,electronics,1
6184.16,41,109533.08,18,14,12.52,utilities,0
4285.3,39,154131.36,17,15,11.5,grocery,0
23712.99,34,100993.58,24,2,98.94,grocery,1
3051.82,37,157108.82,9,11,4.09,utilities,0
2708.48,35,25108.78,12,15,4.8,grocery,0
2557.04,50,49640.94,20,23,1.52,utilities,0
1507.77,37,106798.73,16,16,10.03,grocery,0
4567.22,28,228276.02,18,10,6.71,electronics,0
6218.64,22,73178.18,16,17,0.01,entertainment,0
4209.95,53,58449.39,15,13,1.37,utilities,0
4505.91,19,78598.04,12,16,6.04,grocery,0
4778.3,25,74348.32,35,5,22.96,entertainment,1
6291.31,23,82729.93,14,15,27.54,electronics,0
5350.1,23,78388.67,17,13,0.31,grocery,0
5836.36,48,50002.29,21,9,6.77,travel,0
2191.71,37,60170.65,17,23,15.55,grocery,0
15243.85,48,65385.02,24,10,1.89,utilities,1
10291.35,56,93016.51,16,12,7.11,electronics,0
2901.75,37,123044.12,15,15,14.04,utilities,0
14725.78,30,65950.18,16,17,6.71,grocery,0
6564.18,52,22527.11,30,4,21.55,electronics,1
1506.84,30,38657.55,10,12,2.43,grocery,0
5422.92,39,74254.59,13,10,1.62,electronics,0
6714.0,23,122799.67,12,12,8.19,utilities,0
3699.62,18,68151.42,9,16,6.13,utilities,0
10764.83,36,80515.06,13,18,0.89,electronics,0
2573.41,28,96048.56,15,15,5.78,entertainment,0
15318.35,22,24664.78,31,23,36.58,electronics,1
2045.33,34,35756.21,13,11,1.09,grocery,0
12258.22,48,128144.84,13,15,5.15,grocery,0
3872.76,30,43231.94,19,12,8.17,entertainment,0
4902.16,18,55255.7,12,15,2.99,utilities,0
9397.95,37,73295.37,12,21,4.56,utilities,0
1408.78,33,79793.76,13,8,0.58,grocery,0
2354.79,37,68377.06,13,14,3.29,grocery,0
16636.36,39,194475.48,9,16,13.3,entertainment,0
5624.44,29,131320.1,10,16,4.84,entertainment,0
6721.63,34,130554.74,21,19,1.34,travel,0
4480.49,33,64071.15,19,15,3.38,travel,0
5942.28,37,175782.78,11,10,4.88,travel,0
4468.04,18,99665.58,20,11,0.38,electronics,0
2296.3,29,62448.68,15,10,5.85,grocery,0
12608.29,39,50808.36,9,15,13.37,travel,0
1265.26,34,138913.52,28,10,0.5,grocery,0
3534.82,21,89337.85,14,23,0.07,travel,0
5607.77,44,75002.06,15,11,16.12,entertainment,0
6886.94,33,66761.07,30,10,6.22,entertainment,1
7590.85,40,92086.54,19,12,15.84,grocery,0
3097.66,34,48475.67,16,19,3.96,entertainment,0
5960.83,43,166509.15,17,12,10.15,utilities,0
23034.49,38,55661.48,21,18,8.91,grocery,0
5004.0,19,115668.52,17,15,7.03,grocery,0
8843.81,39,124566.31,13,6,6.2,utilities,0
7305.55,34,55627.43,22,10,1.06,electronics,0
2115.37,50,50548.69,16,12,0.34,grocery,0
2495.74,47,135353.96,17,13,6.33,grocery,0
6956.57,59,64275.72,12,6,11.56,electronics,0
4625.48,31,43427.69,27,1,32.44,grocery,1
2433.24,64,49442.64,19,19,21.04,electronics,0
61570.93,21,130739.63,18,10,3.72,electronics,0
12640.12,32,164242.12,21,13,7.43,utilities,0
1828.81,32,132376.5,10,18,12.72,grocery,0
58029.45,52,15617.15,20,10,64.66,entertainment,1
4640.79,65,112177.69,14,20,7.97,travel,0
4135.7,53,335937.29,15,15,7.43,entertainment,0
7572.92,28,35199.38,13,16,4.77,electronics,0
2213.84,46,93400.07,9,15,5.58,grocery,0
5951.9,30,138755.0,20,12,6.26,grocery,0
14330.5,36,91239.64,21,11,1.84,travel,0
4722.27,31,36149.44,14,14,3.65,utilities,0
61204.9,42,88273.51,21,15,3.36,entertainment,0
1916.13,26,72027.21,20,13,1.88,travel,0
4244.29,31,92874.43,14,10,2.32,electronics,0
3530.91,42,54338.38,15,13,77.73,grocery,0
4800.57,18,45873.17,8,7,8.32,grocery,0
1663.38,27,32598.85,16,9,2.95,utilities,0
6854.6,46,124226.04,12,14,4.0,grocery,0
19981.95,25,28839.48,31,3,15.88,travel,1
9240.94,46,59090.57,4,4,2.64,utilities,0
2867.63,28,91021.41,36,0,17.39,travel,1
3110.12,35,159495.93,14,15,4.03,electronics,0
1458.67,38,122267.21,14,17,0.31,grocery,0
4692.8,42,107980.86,20,11,1.5,entertainment,0
25009.82,35,104907.12,35,6,38.15,travel,1
3905.0,54,48734.31,17,3,26.63,entertainment,0
2783.57,23,56185.05,18,10,10.15,utilities,0
2803.85,25,94766.67,18,12,9.52,travel,0
6253.48,42,50832.94,10,15,8.59,grocery,0
4773.69,29,55175.87,16,16,1.83,grocery,0
6937.79,52,35738.57,17,11,3.36,travel,0
1084.11,25,36180.99,16,19,4.77,grocery,0
18908.97,24,40710.22,18,19,3.49,grocery,0
17290.48,25,20025.22,17,13,15.82,entertainment,0
4750.73,36,238804.7,14,7,0.39,utilities,0
7771.74,38,41703.24,14,16,31.17,electronics,0
6298.61,55,136181.46,9,18,11.61,travel,0
6844.84,21,86379.17,17,12,3.18,travel,0
2767.2,44,112344.7,12,7,7.09,grocery,0
4582.35,18,61949.13,7,14,2.86,grocery,0
14005.46,43,225443.49,9,10,8.16,electronics,0
3090.69,46,37723.79,23,8,45.82,grocery,0
7673.89,33,87459.49,8,14,3.1,grocery,0
6915.01,29,45871.95,25,16,23.14,grocery,0
2051.26,39,63543.55,11,15,4.32,utilities,0
12086.46,56,95039.76,23,10,1.19,entertainment,0
7024.34,30,129209.06,25,6,102.55,electronics,1
11829.23,39,88101.11,24,6,0.37,electronics,1
8943.05,36,54360.16,16,15,6.87,grocery,0
5773.72,23,46919.37,17,5,24.3,electronics,1
8443.84,18,129311.89,16,10,4.26,entertainment,0
12829.3,18,89045.98,13,19,3.44,grocery,0
13893.34,30,51883.53,12,8,0.03,electronics,0
2300.01,40,579818.8,13,19,19.17,entertainment,0
3490.88,18,117873.05,13,18,0.75,entertainment,0
3664.62,23,182695.27,20,14,1.57,entertainment,0
5364.69,34,104421.43,14,11,11.75,entertainment,0
11084.87,36,177606.34,16,14,0.71,grocery,0
5598.83,52,133870.04,16,14,8.51,entertainment,0
5387.19,51,49034.63,18,16,4.01,grocery,0
6104.68,50,40045.43,19,7,2.25,grocery,0
2658.6,31,173710.99,12,6,2.42,entertainment,0
2297.35,29,181101.17,17,12,11.06,grocery,0
2573.22,32,15063.37,19,15,1.08,entertainment,0
3225.82,33,123517.46,10,10,9.96,grocery,0
6119.63,31,178021.51,15,11,6.66,utilities,0
5216.79,49,82752.83,16,23,0.56,grocery,0
21997.39,30,57487.07,11,14,5.27,grocery,0
11913.66,48,72750.07,12,14,2.97,travel,0
2310.36,42,165118.68,8,20,2.4,utilities,0
4837.37,35,52544.54,21,13,7.53,utilities,0
4567.59,32,31921.75,17,11,0.39,entertainment,0
10515.14,40,54121.41,19,12,10.3,entertainment,0
5025.29,18,225450.96,12,11,2.7,grocery,0
5156.72,22,61236.61,13,14,13.08,grocery,0
2833.37,18,78358.62,18,17,32.07,grocery,0
7856.66,35,196802.37,16,13,11.35,grocery,0
1862.0,27,60394.05,17,21,14.19,grocery,0
5731.31,49,107448.01,13,14,13.59,grocery,0
9102.8,29,98378.32,12,12,2.43,travel,0
1496.82,33,271446.28,14,11,3.54,travel,0
5061.55,36,30598.51,21,7,26.28,grocery,0
8563.45,22,97924.96,16,16,7.89,electronics,0
2548.99,34,48996.52,18,9,4.1,grocery,0
14990.4,43,66904.65,14,16,1.42,grocery,0
16925.33,45,76873.32,36,4,10.83,electronics,1
5215.33,53,267274.13,12,7,4.5,grocery,0
3756.99,43,66311.66,17,11,2.57,electronics,0
5638.6,38,141751.11,14,18,8.87,utilities,0
11716.98,35,293662.51,14,18,1.67,electronics,0
2462.48,42,36076.34,15,6,14.16,entertainment,0
1371.36,43,165085.18,13,19,0.94,grocery,0
7783.85,40,95747.51,16,17,5.27,grocery,0
8346.65,25,80837.09,9,15,4.17,entertainment,0
7929.87,37,82331.51,13,9,0.74,electronics,0
3567.24,20,76934.84,12,9,2.94,electronics,0
2223.63,18,131995.18,17,16,4.85,entertainment,0
10233.18,55,55013.45,17,8,9.73,utilities,0
5087.33,39,30505.1,18,19,5.02,grocery,0
7880.55,23,46871.25,17,21,1.52,travel,0
9866.13,25,57699.49,19,14,5.11,utilities,0
2152.4,46,30823.68,17,13,1.39,travel,0
2270.36,49,33712.38,18,9,15.77,utilities,0
15977.22,51,58044.04,11,19,8.11,grocery,0
2866.7,34,72974.53,19,9,2.51,electronics,0
8519.33,36,35652.7,12,13,11.92,entertainment,0
5394.04,35,29638.12,12,20,11.27,grocery,0
2949.25,49,60277.86,12,8,7.99,entertainment,0
3076.18,39,157378.12,18,11,10.6,utilities,0
4233.65,37,101886.5,14,17,30.63,entertainment,0
4303.46,60,80448.69,15,11,31.94,entertainment,0
5030.36,31,69412.05,9,4,1.08,electronics,0
21364.26,37,136604.31,21,10,8.16,electronics,0
1462.75,31,89672.42,15,10,16.46,grocery,0
7356.47,47,153891.66,13,11,8.55,utilities,0
11084.81,29,101167.22,14,14,4.44,entertainment,0
5451.13,30,45440.57,11,14,2.99,entertainment,0
3768.96,43,31991.56,14,16,0.2,utilities,0
9427.23,25,78844.4,14,20,9.3,grocery,0
21051.13,52,33058.64,14,8,2.35,electronics,0
3246.61,39,44067.2,16,12,26.26,entertainment,0
27962.96,33,63640.4,19,17,2.17,utilities,0
8986.15,52,114802.91,15,20,7.22,electronics,0
5453.34,27,41970.74,18,21,19.07,entertainment,0
2611.7,24,56409.15,13,18,3.95,grocery,0
2285.55,22,36789.14,13,15,22.91,travel,0
2393.17,19,55479.53,9,22,7.82,entertainment,0
3513.85,54,82944.12,11,20,2.49,entertainment,0
5000.76,31,137599.92,13,8,2.81,entertainment,0
7456.54,35,279838.7,16,11,4.28,utilities,0
1913.37,51,73591.42,8,8,22.2,electronics,0
5375.84,41,58135.05,17,10,2.67,entertainment,0
13554.92,18,60205.33,18,15,2.91,grocery,0
6550.88,46,44772.62,14,18,2.15,entertainment,0
5006.54,23,124347.73,17,14,6.53,utilities,0
1864.56,46,38783.61,13,9,7.43,entertainment,0
3959.48,35,199782.88,8,16,4.67,grocery,0
7069.93,36,86768.43,13,14,8.96,entertainment,0
3654.21,40,106523.26,18,20,7.77,grocery,0
11731.88,33,59152.53,13,18,8.68,electronics,0
7807.42,34,109555.42,10,12,1.52,travel,0
5573.43,30,44551.66,14,15,6.99,entertainment,0
5385.5,18,38371.0,25,0,10.09,grocery,1
5017.08,18,203539.2,19,13,0.22,utilities,0
5020.01,18,106964.74,16,11,3.71,electronics,0
10813.17,41,102987.64,11,7,0.26,grocery,0
7043.77,52,106995.81,17,16,12.49,entertainment,0
4327.68,51,72280.6,12,11,2.54,grocery,0
6231.67,43,53875.84,6,15,33.4,utilities,0
2625.48,18,276759.92,13,15,7.56,electronics,0
5265.37,30,36146.01,9,16,4.87,entertainment,0
21549.96,30,24529.06,11,8,4.44,grocery,0
30877.53,50,112496.01,33,3,5.65,grocery,1
6008.74,32,41769.2,11,23,0.31,entertainment,0
3917.27,69,93635.62,11,23,14.55,grocery,0
3438.02,27,41824.78,17,16,4.79,utilities,0
2702.64,36,36722.71,13,12,10.57,grocery,0
2727.7,18,79403.32,8,22,40.16,electronics,0
4521.45,36,197830.49,14,15,3.35,travel,0
4421.18,28,70928.72,14,13,25.56,entertainment,0
7819.44,43,33767.81,19,17,2.0,utilities,0
14576.31,35,54780.33,20,12,24.28,travel,1
2072.3,35,74704.22,11,9,0.85,grocery,0
7443.27,43,64059.71,13,16,5.79,grocery,0
3840.61,31,36580.64,17,10,12.53,grocery,0
5378.34,60,45025.63,13,18,11.96,grocery,0
41799.07,18,71967.64,26,9,11.01,entertainment,1
14918.21,18,116743.03,12,14,0.22,travel,0
3409.59,33,142645.37,13,15,5.81,utilities,0
6367.65,31,96414.3,14,13,3.67,utilities,0
4261.71,41,93686.59,12,14,3.66,grocery,0
3980.44,47,150728.61,19,8,14.74,utilities,0
1860.45,18,26860.09,12,7,5.43,grocery,0
11373.05,33,51676.79,21,21,9.41,utilities,0
10434.95,27,140177.29,13,11,14.78,utilities,0
6147.77,18,69198.98,8,11,2.32,grocery,0
4018.26,36,25351.08,17,17,15.03,grocery,0
2980.75,51,124187.31,12,13,3.73,electronics,0
5183.69,36,77476.02,16,15,9.76,grocery,0
7684.51,48,79106.11,13,17,3.2,utilities,0
4031.3,46,173174.12,10,21,61.84,travel,0
8558.47,18,66254.35,22,14,2.04,utilities,0
6513.77,53,65347.13,12,22,2.87,grocery,0
9445.93,18,75556.93,17,13,0.54,grocery,0
26198.4,28,33300.8,22,13,1.68,entertainment,0
6150.9,43,65636.13,17,18,1.43,grocery,0
19329.81,48,62160.07,27,23,9.85,grocery,1
2124.95,30,60848.08,19,14,2.88,utilities,0
6648.82,43,73641.41,8,12,2.93,grocery,0
3000.71,49,79046.78,13,6,3.6,grocery,0
7399.87,27,35330.72,26,5,3.86,electronics,1
4530.77,18,245996.14,12,6,16.57,entertainment,0
4832.31,33,24141.92,16,9,2.7,grocery,0
8551.03,46,22099.33,13,14,2.23,grocery,0
4580.57,28,33913.29,20,13,1.49,electronics,0
4068.35,42,45992.53,17,15,3.04,utilities,0
5167.49,22,63439.63,14,10,7.88,electronics,0
5741.24,37,150728.69,16,16,1.57,grocery,0
5628.39,46,84770.19,30,5,95.9,entertainment,1
5037.46,47,53565.86,29,10,9.57,utilities,0
8469.99,31,212646.6,18,13,3.71,grocery,0
4464.58,27,56139.33,23,3,25.29,travel,1
9193.58,45,203355.91,22,23,14.04,grocery,0
15148.46,26,234773.59,24,14,1.0,grocery,0
14143.15,32,90942.49,10,16,4.27,grocery,0
8969.61,27,44617.68,25,0,13.15,electronics,1
2426.07,20,82551.47,20,21,1.06,utilities,0
1581.64,44,71172.82,11,8,24.33,electronics,0
1722.44,18,30856.95,18,19,17.9,grocery,0
6783.37,49,67293.2,14,13,2.65,utilities,0
6396.18,27,51620.27,7,3,6.94,utilities,0
4280.09,21,212706.41,16,16,2.54,utilities,0
5606.43,19,137708.5,10,12,12.84,entertainment,0
9283.68,46,107986.12,20,12,3.84,grocery,0
2629.65,19,50842.85,19,9,4.78,travel,0
1195.24,31,52918.99,12,17,5.04,utilities,0
19901.77,38,113453.49,12,15,0.36,utilities,0
6025.2,43,139958.79,14,9,25.84,utilities,0
44121.47,50,28253.74,34,23,35.85,travel,1
4905.54,48,119091.8,10,11,1.95,electronics,0
3475.81,21,45423.65,14,18,1.94,utilities,0
10271.71,65,112533.71,14,13,0.57,entertainment,0
1854.26,49,163099.45,18,21,0.1,electronics,0
1677.22,36,86475.04,9,10,4.07,utilities,0
16507.51,31,64847.04,8,5,4.23,grocery,0
22346.67,18,50888.92,19,14,39.66,entertainment,0
5046.01,21,134562.88,13,12,5.36,entertainment,0
18487.64,53,168929.51,16,14,8.56,entertainment,0
19957.91,28,59081.9,22,3,12.92,electronics,1
8121.9,25,25802.91,36,5,13.82,entertainment,1
15296.05,33,44539.88,34,0,28.63,travel,1
8297.29,23,102141.62,13,12,4.6,grocery,0
8643.24,34,106196.38,20,17,1.85,travel,0
5480.91,33,80577.56,21,19,16.97,utilities,0
5829.46,36,156409.95,21,16,0.36,grocery,0
1616.39,55,141940.98,9,7,6.06,travel,0
31736.74,18,50107.76,19,10,5.94,utilities,0
5874.48,44,14671.08,8,11,7.81,entertainment,0
4332.62,32,68605.0,16,9,11.15,entertainment,0
21637.02,55,81759.01,14,8,8.41,entertainment,0
2325.35,35,111558.89,21,9,0.32,utilities,0
4280.09,47,149678.09,13,19,2.43,entertainment,0
5011.93,24,221153.09,12,14,12.18,entertainment,0
10313.51,40,22102.64,18,13,1.56,grocery,0
3731.72,45,183858.36,11,17,1.32,electronics,0
3694.02,39,82838.53,13,8,0.74,entertainment,0
2368.93,30,93819.41,11,15,5.37,entertainment,0
7706.73,30,69641.9,31,2,103.35,electronics,1
3574.46,52,94202.02,17,4,5.25,utilities,0
8529.97,37,72635.44,12,9,3.54,utilities,0
2334.59,48,73224.93,17,19,8.93,travel,0
9215.91,19,72318.88,12,14,2.63,grocery,0
2678.15,41,49747.9,21,13,1.18,grocery,0
6362.5,43,106287.06,15,15,9.57,entertainment,0
3965.88,41,324652.2,11,17,25.58,grocery,0
7592.22,42,41593.12,6,18,6.99,utilities,0
5491.05,67,125710.44,11,15,0.73,utilities,0
6261.41,39,84662.21,17,14,28.07,entertainment,0
3246.99,30,121086.6,13,16,27.38,utilities,0
7195.63,29,36707.52,16,15,41.44,entertainment,0
3623.57,20,42834.94,14,11,5.88,grocery,0
2354.74,27,59023.69,19,12,19.91,utilities,0
5499.58,25,27527.0,17,18,27.25,electronics,0
2857.72,44,82730.99,11,10,7.09,grocery,0
3512.31,40,115325.36,16,10,3.11,travel,0
8937.29,39,29853.48,16,16,4.06,electronics,0
5074.67,38,50945.56,19,17,6.7,electronics,0
7130.87,43,69617.13,12,14,7.83,grocery,0
12824.3,18,60741.92,13,9,1.55,entertainment,0
11164.43,31,117308.21,14,23,1.53,utilities,0
3515.41,64,49048.57,15,14,5.21,entertainment,0
8434.33,33,109628.5,11,18,11.94,entertainment,0
12669.36,27,107357.32,17,20,7.95,travel,0
17454.9,35,65452.38,25,4,42.41,entertainment,1
3929.79,44,63488.49,18,18,0.78,electronics,0
2601.76,44,96833.23,21,13,25.38,electronics,0
12293.55,38,155533.55,10,9,10.12,entertainment,0
8211.17,26,75507.49,18,8,15.03,utilities,0
1840.52,42,54254.39,11,14,12.38,entertainment,0
4385.85,35,57953.46,40,0,130.76,travel,1
8242.23,57,79003.8,16,7,1.14,entertainment,0
13426.93,31,179936.88,21,19,1.16,grocery,0
2799.24,54,105074.36,13,18,0.47,electronics,0
5416.92,32,53466.47,16,14,4.0,grocery,0
5417.86,35,51729.32,12,10,6.06,entertainment,0
3556.45,35,71915.65,24,14,0.65,travel,0
18468.85,40,105961.49,38,2,10.05,entertainment,1
4659.98,32,50755.36,11,22,5.12,entertainment,0
7977.18,46,228410.06,31,4,44.9,travel,1
4062.17,49,21297.96,33,6,237.74,electronics,1
3108.48,18,178796.68,17,12,26.4,grocery,0
3862.07,48,130086.84,18,17,1.92,utilities,0
3085.67,32,104535.99,12,16,28.14,electronics,0
3540.97,48,80976.87,17,14,0.26,entertainment,0
6112.8,37,163147.06,20,12,2.79,travel,0
2156.32,35,55670.24,18,12,5.14,utilities,0
5615.11,37,65827.28,18,6,18.09,entertainment,0
13822.51,21,39539.8,26,3,32.6,electronics,1
6031.91,43,35239.38,7,15,38.91,utilities,0
5198.0,35,45041.0,14,13,6.78,grocery,0
7345.6,46,73803.51,14,14,11.39,travel,0
13094.3,25,131769.66,19,8,9.55,grocery,0
8732.8,28,79013.12,11,12,0.95,grocery,0
12086.57,18,23608.65,19,16,27.38,grocery,0
8356.3,18,111612.19,18,17,2.44,utilities,0
12126.06,48,146350.48,13,10,2.51,travel,0
4247.37,41,31128.69,12,16,2.95,travel,0
8575.69,30,45485.66,20,16,1.19,utilities,0
8956.22,39,69371.76,18,19,4.85,utilities,0
9514.84,27,111670.05,38,0,9.42,travel,1
9501.68,29,39208.57,11,12,0.17,electronics,0
1807.67,49,78490.61,19,17,1.08,electronics,0
1537.78,24,40090.93,12,18,26.52,grocery,0
4896.82,28,87806.3,10,17,4.81,grocery,0
2493.65,24,44263.72,8,18,17.02,grocery,0
10477.49,30,67241.38,21,15,6.11,grocery,0
992.71,27,76050.68,15,8,11.07,entertainment,0
3428.6,39,97317.43,21,13,3.23,grocery,0
5559.98,38,191310.61,12,13,10.49,electronics,0
6500.99,37,32207.83,15,11,4.24,entertainment,0
4089.8,18,111377.56,19,13,2.05,electronics,0
5745.24,33,109758.74,18,5,4.95,grocery,0
5853.57,41,90367.6,19,11,14.0,entertainment,0
10682.58,55,137777.13,17,13,11.74,entertainment,0
13378.94,40,245085.69,19,13,1.76,entertainment,0
11533.67,37,67078.74,13,12,0.8,travel,0
5696.52,56,36833.42,15,16,7.42,travel,0
1048.35,27,112816.18,9,13,23.06,utilities,0
3407.86,57,113427.42,10,12,6.83,entertainment,0
3071.59,55,42357.88,13,15,2.02,utilities,0
5283.31,31,26610.78,40,21,52.72,electronics,1
7103.91,30,116291.45,17,4,0.99,grocery,0
3613.92,18,122039.07,11,17,2.22,grocery,0
7038.36,19,68857.73,17,16,7.98,entertainment,0
1675.81,21,27927.47,16,5,16.67,grocery,0
1819.1,29,147085.98,16,18,1.34,entertainment,0
1438.84,34,45628.3,13,6,3.07,grocery,0
1828.26,27,38772.44,15,17,27.51,entertainment,0
4676.0,25,36368.94,24,6,17.12,electronics,1
5000.23,42,79503.68,20,22,17.95,entertainment,0
4471.19,34,132632.08,12,15,12.77,entertainment,0
4741.77,25,79752.91,32,0,86.87,travel,1
5861.23,41,144807.16,19,10,1.71,utilities,0
12583.05,35,152395.65,13,15,5.46,electronics,0
7681.59,33,104788.92,32,3,77.41,entertainment,1
2534.35,25,65883.12,19,13,14.28,grocery,0
6743.97,36,37820.94,15,11,27.61,travel,0
1935.37,38,65524.59,14,15,8.5,grocery,0
27015.98,22,53453.39,25,0,148.25,electronics,1
2260.82,42,123022.91,12,13,5.2,grocery,0
2748.52,32,100308.92,19,17,23.35,entertainment,0
26800.46,47,211707.46,17,17,3.6,utilities,0
3048.58,49,141838.42,17,14,7.02,electronics,0
3906.21,43,169756.98,20,13,4.63,grocery,0
26311.11,44,25305.54,30,3,29.73,utilities,1
13760.46,25,72120.41,36,0,3.48,travel,1
2086.89,41,69299.06,19,15,12.39,grocery,0
3925.23,36,64923.63,15,17,11.07,entertainment,0
8043.87,36,174810.08,14,13,3.32,electronics,0
7406.2,64,24124.78,10,21,13.35,entertainment,0
2575.55,66,108239.89,15,21,4.74,entertainment,0
6266.33,37,82689.41,18,12,0.71,grocery,0
6524.52,18,92810.98,14,11,6.05,electronics,0
2131.3,35,45462.88,18,8,0.21,travel,0
1696.11,40,103595.85,24,18,2.03,electronics,0
8667.88,60,70128.18,13,14,12.17,entertainment,0
10292.09,55,81830.61,28,4,4.23,travel,1
18253.23,39,61387.47,9,12,15.09,grocery,0
7681.36,39,41162.67,17,14,0.36,electronics,0
3982.6,26,53871.54,10,12,7.92,grocery,0
1783.18,50,79730.98,13,6,0.97,utilities,0
3907.58,45,63626.09,9,18,8.64,utilities,0
2646.98,41,390500.04,14,22,20.48,utilities,0
3017.18,31,49267.68,16,12,1.96,electronics,0
6221.86,22,89556.38,15,19,9.58,grocery,0
9906.32,37,43341.92,16,17,5.17,utilities,0
2445.96,39,119684.38,19,15,1.68,grocery,0
4367.81,18,77390.89,20,20,9.53,grocery,0
5673.11,38,46686.38,13,10,1.25,entertainment,0
10861.61,25,124540.16,18,17,5.88,entertainment,0
2652.35,33,88329.94,19,17,1.38,utilities,0
2089.72,57,33393.36,27,15,11.82,grocery,0
2695.86,49,94817.26,9,14,0.31,electronics,0
2868.85,48,78353.13,11,11,6.97,entertainment,0
7194.17,40,149757.92,21,16,0.72,electronics,0
28997.58,27,38083.35,32,0,22.58,entertainment,1
2712.44,59,88553.45,12,17,0.84,travel,0
8495.86,27,35193.21,19,0,6.12,entertainment,1
19016.73,35,308478.56,21,14,6.99,grocery,0
2846.19,26,139671.72,16,20,7.81,grocery,0
15980.31,43,79626.47,12,11,4.18,electronics,0
14317.56,18,163373.43,20,3,5.79,travel,1
12861.63,27,26026.9,14,15,2.24,electronics,0
6869.78,38,84815.28,15,10,0.34,grocery,0
7012.97,54,73184.99,11,12,20.62,grocery,0
4531.47,42,105548.41,14,18,4.36,entertainment,0
11021.88,40,46751.64,13,15,6.28,utilities,0
2603.87,18,34195.92,14,11,8.79,grocery,0
6668.58,18,49602.74,18,17,9.52,grocery,0
7578.16,36,202761.76,18,14,2.17,grocery,0
6657.0,25,95792.05,10,11,1.78,grocery,0
3564.21,34,69650.86,17,15,1.59,entertainment,0
1774.54,18,69867.99,16,18,2.52,grocery,0
5070.09,53,93103.98,15,19,16.51,utilities,0
2636.02,39,271219.54,17,14,11.0,grocery,0
4074.54,28,58238.41,15,12,5.5,travel,0
3937.58,18,61710.53,15,20,1.98,utilities,0
1239.82,26,200186.37,14,8,10.8,grocery,0
30543.93,22,138025.67,19,5,47.36,electronics,1
14746.78,33,71568.34,13,8,6.54,grocery,0
6909.37,41,58359.76,20,9,4.19,grocery,0
4429.36,45,54284.66,22,19,3.86,grocery,0
2300.47,39,144756.25,15,15,14.12,electronics,0
15735.72,42,69185.71,15,16,3.02,utilities,0
25291.16,38,195320.52,14,10,0.68,entertainment,0
3146.24,23,48242.64,16,6,10.02,entertainment,0
5430.77,52,34795.57,24,20,6.91,entertainment,1
16338.07,40,34970.58,13,21,6.04,grocery,0
2414.68,18,54453.09,11,2,15.92,grocery,0
12129.04,42,112496.34,17,8,7.8,entertainment,0
4925.32,44,26168.71,11,21,12.49,grocery,0
1978.49,36,25070.82,18,12,3.45,electronics,0
4452.43,38,72582.45,26,15,3.23,travel,0
3681.51,47,36401.2,11,13,1.26,grocery,0
9429.62,32,27512.9,21,9,16.82,entertainment,0
4427.51,18,61189.41,12,14,6.61,grocery,0
1666.26,18,67280.17,11,16,1.91,utilities,0
4673.63,29,41476.8,11,10,7.07,entertainment,0
11596.67,31,65591.82,17,12,5.08,electronics,0
11649.79,18,203630.98,20,13,2.55,grocery,0
7976.01,32,47649.91,21,10,5.36,entertainment,0
6699.13,24,24829.3,30,1,39.6,travel,1
22392.54,52,50588.44,24,3,10.58,grocery,1
1934.32,25,81178.88,17,12,11.33,grocery,0
3890.3,36,149098.22,20,1,3.94,electronics,1
7533.92,31,58743.43,16,11,1.14,electronics,0
2705.56,44,43266.25,8,13,2.44,grocery,0
4672.13,18,119307.09,22,8,32.15,grocery,0
12125.65,41,66632.24,38,3,56.84,electronics,1
1731.52,29,107754.69,8,11,46.23,utilities,0
1683.97,24,127291.32,20,13,1.55,grocery,0
11518.03,34,43911.85,34,1,18.03,entertainment,1
7477.53,40,76135.47,20,9,14.74,grocery,0
7705.83,25,100846.04,12,10,12.06,entertainment,0
7709.93,30,101379.59,16,23,1.99,utilities,0
1241.12,34,89484.07,9,12,1.55,entertainment,0
2659.8,18,169845.23,17,14,2.37,entertainment,0
4502.45,40,29170.98,11,14,3.35,grocery,0
5261.68,18,42858.07,14,17,26.69,entertainment,0
11138.23,36,80798.43,18,9,8.99,electronics,0
10039.35,53,250267.75,14,13,7.38,entertainment,0
16413.17,30,51250.97,9,18,0.26,grocery,0
11203.75,44,60606.85,26,1,19.94,travel,1
11298.45,36,149174.92,17,22,2.85,utilities,0
4303.38,38,72568.2,15,13,6.89,utilities,0
5636.88,18,56224.49,33,1,24.28,grocery,1
6518.23,22,84970.56,30,4,155.44,entertainment,1
7015.37,40,46488.92,6,13,2.66,grocery,0
10160.13,18,127310.28,10,13,3.81,grocery,0
6861.0,36,57768.99,13,13,7.49,utilities,0
6494.84,18,42205.07,10,13,1.83,grocery,0
15637.2,26,75139.96,18,13,3.7,grocery,0
6335.69,21,36929.24,29,4,32.15,entertainment,1
3328.53,51,42882.33,18,14,15.44,utilities,0
4828.12,31,59194.54,14,8,0.37,grocery,0
7573.29,32,52601.74,14,14,7.26,grocery,0
2417.15,27,119200.66,16,16,13.25,travel,0
10785.31,32,164347.82,10,21,6.06,travel,0
14987.87,24,169615.65,17,8,0.46,travel,0
4943.32,48,77040.81,17,8,0.8,electronics,0
4812.79,51,58553.81,16,9,8.03,electronics,0
18745.11,55,32774.17,25,13,2.23,electronics,1
14964.12,44,89423.39,35,19,15.42,travel,1
7998.46,18,120621.54,11,8,1.44,grocery,0
2875.67,69,83328.69,13,16,14.05,electronics,0
11946.5,20,133050.28,35,0,42.55,electronics,1
9219.16,23,36236.18,10,16,1.22,grocery,0
9504.51,32,72817.46,19,13,1.73,grocery,0
3087.15,38,120306.29,14,13,5.18,grocery,0
13887.64,21,20835.8,29,2,39.06,grocery,1
11835.52,18,61072.05,31,10,10.51,electronics,1
3404.4,49,126027.16,16,12,28.13,electronics,0
1846.69,27,106202.76,18,2,7.59,utilities,0
9363.07,21,251325.52,12,14,12.97,entertainment,0
8278.13,37,29193.46,16,20,63.47,entertainment,1
6206.87,35,107366.39,25,22,121.91,travel,1
5246.01,35,31488.83,21,22,17.78,electronics,1
2870.81,18,90099.27,11,15,6.29,grocery,0
8587.62,36,49026.44,20,14,3.8,grocery,0
3462.86,31,81798.8,17,19,0.66,entertainment,0
6795.66,38,42703.87,19,12,8.68,electronics,0
9672.83,45,33028.78,40,5,89.32,electronics,1
2753.08,32,50776.53,15,17,28.07,entertainment,0
15005.12,32,67787.26,33,3,25.29,grocery,1
3618.93,18,51623.81,17,16,32.31,grocery,0
2726.19,58,141991.39,12,13,3.24,utilities,0
6142.28,18,105384.3,16,10,3.42,travel,0
11207.06,38,201291.77,15,21,25.03,travel,0
4242.4,43,162396.11,14,16,3.4,utilities,0
4445.16,41,82377.72,16,14,0.15,grocery,0
2524.13,21,163462.77,17,11,17.28,entertainment,0
4363.43,24,66182.82,13,13,4.51,utilities,0
18538.56,47,53304.82,11,16,5.71,utilities,0
3612.65,19,78316.25,20,21,1.51,grocery,0
30108.8,49,65410.9,13,13,5.12,utilities,0
4913.36,39,37648.44,17,18,15.11,entertainment,0
7604.68,18,75478.42,17,12,12.67,utilities,0
11914.43,18,77003.42,28,13,34.23,electronics,1
4848.22,45,47523.65,15,9,12.12,travel,0
12349.53,32,69886.46,9,11,5.09,utilities,0
8129.09,60,48356.17,13,17,27.05,electronics,0
33086.68,49,128728.79,32,10,34.34,travel,1
3985.52,42,66672.79,16,15,0.21,utilities,0
11111.41,27,33113.87,15,14,4.73,grocery,0
3729.72,35,34456.87,19,15,3.53,grocery,0
33798.4,46,53455.84,34,5,6.79,travel,1
10858.29,28,54424.2,15,16,5.6,grocery,0
3895.05,18,120215.59,21,11,12.29,entertainment,0
14967.73,48,109057.28,33,15,60.57,electronics,1
9876.07,60,29231.12,14,13,27.74,grocery,0
3785.48,37,232810.31,12,11,10.16,electronics,0
4179.75,18,44880.88,14,12,2.24,entertainment,0
5720.17,18,70185.78,19,18,1.82,electronics,0
4166.27,39,58342.09,19,16,14.95,utilities,0
6333.0,27,34282.97,12,11,5.23,entertainment,0
6456.83,18,123575.42,11,14,12.82,travel,0
4883.71,34,129811.58,17,12,10.97,grocery,0
12281.35,29,142850.57,17,14,1.33,entertainment,0
1960.93,18,52315.52,8,9,2.1,utilities,0
12544.96,37,39426.6,10,12,8.72,grocery,0
5106.45,18,97347.4,15,10,12.69,electronics,0
4479.66,44,50900.56,16,14,9.29,utilities,0
6255.56,34,98634.7,13,14,4.17,utilities,0
2132.33,28,113882.04,15,20,1.29,utilities,0
6839.48,18,322743.42,16,17,28.62,travel,0
5465.84,42,45850.82,12,14,20.54,electronics,0
12109.52,49,24078.14,15,15,1.61,electronics,0
2094.15,48,24544.07,10,17,4.54,grocery,0
1145.74,41,67327.58,11,16,1.49,electronics,0
8895.13,18,243880.48,22,0,52.05,electronics,1
3121.56,57,132236.34,20,17,10.55,grocery,0
18463.13,22,58728.97,37,14,8.06,utilities,1
2957.61,35,76984.36,14,13,2.1,utilities,0
4110.93,46,134906.22,34,5,5.9,electronics,1
7898.97,18,155245.68,18,19,3.15,electronics,0
2070.92,39,53620.35,19,14,1.11,utilities,0
3383.0,32,41553.67,16,20,6.35,utilities,0
20725.7,30,34101.34,36,2,14.33,utilities,1
2627.77,62,211322.2,14,16,11.33,travel,0
16794.07,33,75813.15,34,0,10.58,electronics,1
2870.56,32,54292.68,19,17,26.21,travel,0
6422.05,40,92589.0,15,15,1.28,entertainment,0
2063.74,25,63630.28,15,13,0.66,entertainment,0
4896.46,46,186663.19,12,11,9.08,electronics,0
2943.29,18,41388.07,13,17,3.86,travel,0
5138.29,54,44758.31,15,14,2.28,grocery,0
838.68,35,225151.62,7,14,1.16,entertainment,0
3151.53,38,28508.68,17,8,0.21,electronics,0
6641.24,40,33562.88,10,13,2.1,grocery,0
20341.15,54,43491.64,18,0,7.76,entertainment,1
9915.16,37,36383.08,28,2,17.07,electronics,1
1928.72,44,60832.9,11,8,15.58,entertainment,0
9781.27,43,98569.59,13,10,11.65,electronics,0
12662.12,18,40558.16,8,18,6.31,travel,0
8795.14,41,62688.8,14,11,9.58,electronics,0
9878.71,58,106589.15,17,13,3.41,grocery,0
1379.07,35,109856.84,18,12,17.22,utilities,0
4429.78,18,129339.54,17,12,1.98,entertainment,0
5228.17,33,92425.64,17,14,9.26,travel,0
1765.34,32,123265.53,12,20,3.6,grocery,0
3912.92,33,50815.21,13,14,0.69,travel,0
10219.59,18,107894.0,19,11,23.38,grocery,0
3927.03,30,91462.22,17,18,0.26,utilities,0
2806.69,30,93399.91,20,12,4.88,utilities,0
6890.27,29,97860.3,17,9,3.72,grocery,0
4132.64,28,52332.29,17,8,4.09,travel,0
3684.96,40,24181.52,18,1,101.82,entertainment,1
3108.97,30,80508.9,19,13,18.28,grocery,0
2188.48,25,61039.06,22,0,3.2,travel,1
15021.87,37,110540.22,15,14,8.53,travel,0
1338.51,30,78193.29,21,12,7.98,utilities,0
1985.29,47,30112.41,14,8,2.62,grocery,0
3082.75,59,12714.05,16,12,36.36,grocery,0
6942.62,23,31124.94,30,2,32.03,grocery,1
10808.44,29,33274.49,21,15,22.35,entertainment,0
7205.26,49,85972.19,12,7,5.01,entertainment,0
4764.83,40,82780.19,19,17,1.07,entertainment,0
5556.87,18,139940.58,11,14,20.14,electronics,0
26778.88,33,101898.82,17,10,0.74,utilities,0
10052.49,54,72982.52,26,10,66.81,electronics,1
3017.08,34,85964.4,13,12,1.6,grocery,0
18646.63,51,109826.62,31,4,18.83,grocery,1
3180.41,40,115814.75,16,16,19.05,electronics,0
2075.49,39,70493.05,23,17,0.08,entertainment,0
3692.47,25,77062.67,17,7,4.33,grocery,0
3791.34,63,61221.28,9,11,2.75,entertainment,0
11481.3,50,51027.1,23,12,4.71,utilities,0
9703.17,41,97309.29,10,13,3.91,electronics,0
2358.1,36,182592.89,14,20,0.98,grocery,0
5098.29,37,62781.05,15,9,7.9,utilities,0
3591.05,26,41720.56,11,10,5.99,utilities,0
7808.26,18,60735.31,18,13,2.21,electronics,0
1832.11,51,46007.89,15,17,12.11,entertainment,0
5828.61,40,199013.41,15,14,11.71,electronics,0
1555.35,26,136379.41,19,10,6.93,utilities,0
14706.93,28,54960.34,11,8,21.47,travel,0
7348.75,43,42235.2,8,17,1.48,grocery,0
18922.71,47,36970.72,23,2,114.23,electronics,1
2542.41,35,140771.84,15,14,4.38,grocery,0
5294.93,25,117812.21,14,14,0.48,electronics,0
17700.81,36,63493.7,20,14,31.4,electronics,1
16337.26,18,153028.09,29,4,81.56,electronics,1
2434.74,18,196242.87,8,12,1.31,grocery,0
13972.23,43,85068.01,11,17,1.47,grocery,0
7434.89,22,102683.1,14,15,23.96,entertainment,0
3043.58,28,53583.81,21,15,1.49,utilities,0
2990.24,31,53389.39,15,10,10.88,grocery,0
20138.5,27,85900.77,31,2,61.73,entertainment,1
2300.01,52,49893.59,12,15,15.2,utilities,0
8537.34,18,199569.37,18,10,4.39,utilities,0
8343.7,28,61166.74,24,14,8.03,utilities,0
1093.36,66,37504.32,17,6,3.17,electronics,0
2028.53,18,230131.49,12,10,18.7,travel,0
12592.72,20,71540.65,12,16,5.95,utilities,0
4131.24,29,85266.5,12,17,1.45,travel,0
7596.52,52,45235.94,13,10,9.67,grocery,0
2247.76,31,67484.85,13,4,30.22,grocery,0
20041.68,52,135267.66,12,18,1.46,grocery,0
7991.07,20,43018.04,7,21,19.23,utilities,0
7549.12,41,42883.3,13,11,1.54,utilities,0
4903.23,28,27038.4,12,20,5.5,entertainment,0
5167.61,46,67110.32,18,16,0.82,grocery,0
5115.03,50,235218.85,12,12,6.95,electronics,0
1432.09,38,259985.86,15,12,14.79,entertainment,0
11415.33,38,104118.63,24,14,2.81,grocery,0
4947.6,26,11619.74,13,11,0.7,entertainment,0
4079.6,66,55554.14,20,13,14.23,utilities,0
12091.22,21,42185.93,10,14,0.25,utilities,0
1272.09,19,80748.23,17,16,0.81,grocery,0
8781.97,72,47710.21,13,11,9.34,entertainment,0
10018.57,20,80438.07,12,21,32.52,grocery,0
20094.57,57,124164.86,18,11,2.0,grocery,0
13382.64,50,86499.68,16,13,7.33,utilities,0
17235.31,45,38477.47,11,14,14.14,grocery,0
13078.92,29,147179.36,22,23,16.39,entertainment,1
4946.83,18,132031.43,15,13,6.57,grocery,0
330.48,46,71060.54,19,13,25.71,entertainment,0
5498.23,33,159965.7,12,13,15.89,utilities,0
3970.81,30,99526.2,14,17,7.69,travel,0
11802.96,20,160066.78,10,16,32.35,grocery,0
2405.62,42,48276.17,21,19,8.03,travel,0
3356.99,26,172395.48,9,12,6.99,electronics,0
4792.8,18,137732.43,14,14,2.97,utilities,0
35872.85,37,123415.01,17,14,11.71,electronics,0
5080.77,38,70656.93,39,1,14.52,electronics,1
3167.71,57,92244.13,20,20,4.23,grocery,0
4236.26,35,48757.9,15,23,0.28,entertainment,0
10685.82,28,55097.49,31,0,17.52,travel,1
19497.99,24,62211.35,30,21,18.16,electronics,1
3087.51,27,28480.12,11,12,5.09,electronics,0
1146.21,40,49060.88,14,17,0.22,grocery,0
3300.29,32,41014.78,12,19,2.14,entertainment,0
3091.67,36,130827.71,11,11,4.88,grocery,0
4818.14,47,254563.81,15,8,6.7,electronics,0
5196.69,18,234455.76,8,14,11.65,utilities,0
9101.09,32,55366.66,12,9,0.02,entertainment,0
11079.46,30,25649.75,18,3,1.67,electronics,0
3059.01,60,265673.7,14,13,0.39,travel,0
9719.44,27,46811.34,12,11,3.73,electronics,0
4487.79,29,34749.26,21,14,21.62,grocery,0
15448.6,44,105876.95,20,9,8.56,travel,0
2214.23,26,116724.98,11,12,9.03,electronics,0
2034.48,41,68065.05,16,18,20.25,grocery,0
15059.93,53,46407.37,21,19,11.82,grocery,0
14699.55,32,31503.63,19,16,3.82,entertainment,0
1638.36,41,173817.02,15,17,9.52,entertainment,0
8139.7,26,93682.87,6,13,6.17,grocery,0
2198.4,34,76083.18,20,12,10.81,electronics,0
2658.75,25,73458.73,15,11,22.86,entertainment,0
8250.05,26,48469.58,24,5,17.89,travel,1
8274.72,33,83906.56,12,7,20.05,electronics,0
2880.02,41,76094.26,35,1,142.66,travel,1
10706.3,43,80101.09,17,1,29.01,entertainment,0
4031.46,44,88121.32,14,14,0.25,grocery,0
6442.09,38,48639.53,21,11,4.44,travel,0
6340.57,33,112505.07,17,21,0.84,utilities,0
8958.0,25,65735.54,25,18,88.07,electronics,1
5602.52,52,97301.24,11,8,3.92,electronics,0
25428.17,27,47030.48,13,16,0.2,grocery,0
1694.25,31,36749.63,23,18,4.05,entertainment,0
3156.27,40,29374.25,17,21,17.89,travel,0
6859.47,54,480078.88,16,12,16.24,utilities,0
6834.08,33,68235.83,16,10,22.05,utilities,0
16582.27,46,174692.29,30,4,3.37,travel,1
9082.94,23,157974.3,12,9,7.85,grocery,0
4910.2,28,132472.14,18,17,15.64,grocery,0
3690.75,34,103873.5,13,12,0.2,utilities,0
5094.67,45,64843.47,12,13,8.41,travel,0
5700.19,41,64020.16,16,11,5.06,grocery,0
3416.69,42,76917.75,18,15,0.37,travel,0
18462.76,37,46362.98,17,15,3.4,entertainment,0
1110.86,39,34341.51,10,18,7.66,grocery,0
8081.21,28,53719.68,11,9,9.91,grocery,0
12530.46,23,113652.02,22,5,27.01,entertainment,1
2107.95,31,248223.1,15,16,0.19,grocery,0
1709.24,39,179549.48,14,15,16.96,grocery,0
2643.14,41,154923.47,15,16,2.45,electronics,0
7247.47,29,127266.2,18,9,0.34,utilities,0
8478.19,18,162109.78,4,11,1.52,electronics,0
1706.76,39,84690.81,17,11,14.99,electronics,0
6660.47,22,165720.5,6,14,5.37,grocery,0
1977.33,33,23107.0,12,18,10.3,entertainment,0
4725.55,32,232695.01,11,17,0.94,entertainment,0
5579.7,34,65799.62,12,8,10.17,electronics,0
6804.48,29,42402.61,30,0,24.71,electronics,1
9079.11,27,75711.92,25,18,33.69,utilities,0
11310.76,25,72472.31,13,18,0.77,grocery,0
8903.38,39,54922.41,9,12,2.98,utilities,0
5469.53,60,179904.81,15,10,1.95,entertainment,0
616.68,25,76783.78,20,8,20.62,travel,0
9835.38,33,168268.55,19,6,9.57,electronics,0
2964.28,41,115043.05,17,16,0.96,grocery,0
30116.26,18,114985.83,34,10,87.65,entertainment,1
5471.97,26,108622.0,16,16,11.08,utilities,0
7113.73,58,40458.98,11,17,17.49,grocery,0
1001.75,18,81433.78,21,9,4.52,grocery,0
4251.74,27,102183.14,15,11,0.13,entertainment,0
3746.58,48,18116.28,21,13,5.69,entertainment,0
14581.61,18,65124.54,12,13,1.23,grocery,0
10109.05,54,81687.37,22,3,25.13,utilities,1
10114.55,51,96933.76,14,18,5.91,travel,0
7176.59,26,73921.74,7,10,2.7,grocery,0
5629.33,41,135080.86,10,17,4.62,electronics,0
2131.12,31,30698.81,16,12,6.3,entertainment,0
3089.94,44,235440.73,12,8,13.82,entertainment,0
2954.56,26,70543.44,20,19,0.79,entertainment,0
9958.02,50,45222.44,10,13,3.03,grocery,0
3494.21,33,42248.93,21,16,6.62,grocery,0
5329.98,31,86163.49,17,17,5.9,grocery,0
4537.04,39,69030.93,18,21,0.49,electronics,0
6328.87,18,71742.51,21,9,10.74,entertainment,0
2463.3,23,246540.51,10,11,11.04,grocery,0
10590.44,37,41318.3,12,14,19.15,utilities,0
2307.79,31,66775.5,18,18,14.51,travel,0
9022.15,41,49806.51,21,2,13.31,travel,1
3199.14,31,157530.67,15,5,1.83,grocery,0
10646.11,25,42518.52,17,8,8.68,electronics,0
2216.89,38,115907.56,18,13,2.7,electronics,0
3192.94,41,118131.03,19,9,2.08,grocery,0
4512.28,27,194811.38,18,5,15.52,electronics,0
2154.49,28,120611.67,13,10,7.76,grocery,0
34033.36,49,43321.84,24,1,71.85,electronics,1
4805.84,20,40253.38,12,16,6.64,travel,0
4292.04,23,170643.88,5,14,5.73,electronics,0
8511.46,47,36649.12,14,17,3.4,grocery,0
3381.64,29,327689.35,9,7,13.56,grocery,0
13443.93,42,25365.08,12,8,8.38,entertainment,0
5414.54,34,95968.85,28,1,1.74,entertainment,1
2154.93,25,65906.22,12,5,4.91,grocery,0
4653.06,33,163457.0,11,10,8.13,utilities,0
5628.63,38,33689.13,29,9,10.86,electronics,1
2507.71,45,77767.41,17,18,3.74,grocery,0
10617.66,50,107176.86,12,9,8.29,grocery,0
5120.58,35,123146.42,16,14,6.7,entertainment,0
4084.13,35,47362.32,15,13,0.81,electronics,0
8803.16,55,87561.76,9,13,1.56,travel,0
10067.24,21,116312.75,16,16,7.48,grocery,0
4727.74,37,66766.04,16,10,2.52,entertainment,0
4178.41,20,34815.93,10,10,4.61,grocery,0
6971.95,30,97532.7,11,13,19.42,grocery,0
475.74,60,168119.3,17,16,15.81,entertainment,0
6062.01,20,145329.09,32,14,20.01,electronics,1
2570.24,26,61231.26,8,17,10.69,grocery,0
13134.71,39,59093.76,16,14,6.74,grocery,0
4386.25,51,131880.12,14,13,4.74,utilities,0
7584.56,50,51837.79,38,2,39.15,electronics,1
14825.87,43,23337.95,12,11,16.64,grocery,0
5136.75,26,43336.88,12,15,12.59,travel,0
3253.87,60,117196.77,12,12,39.47,grocery,0
2932.65,39,140407.72,18,12,12.54,grocery,0
2872.42,40,104464.86,19,16,2.75,utilities,0
12508.17,22,53127.69,22,14,5.2,entertainment,0
2885.59,38,29993.58,19,16,32.38,electronics,0
9452.46,20,57326.31,12,11,16.52,utilities,0
3632.82,34,118508.38,14,13,8.07,utilities,0
7062.69,49,83127.19,9,16,3.64,utilities,0
17799.15,44,140314.98,19,19,3.49,utilities,0
2326.82,48,25385.87,10,11,18.16,entertainment,0
12709.93,35,38260.14,19,18,1.38,travel,0
2391.34,19,67306.44,17,8,0.05,electronics,0
18242.39,33,65788.71,13,8,0.81,grocery,0
4502.26,59,114770.9,14,18,0.82,entertainment,0
3150.5,46,59028.6,18,7,14.32,entertainment,0
3849.9,27,118319.91,12,16,2.6,electronics,0
6851.4,27,164811.07,14,20,3.53,electronics,0
10048.79,27,63114.34,9,11,1.8,utilities,0
20117.08,32,136283.22,12,8,8.76,travel,0
4585.32,30,117615.22,11,11,10.24,entertainment,0
7098.08,27,19508.11,16,15,6.86,grocery,0
15837.91,27,44625.06,12,16,2.53,grocery,0
9386.31,53,42979.83,15,14,9.13,grocery,0
2219.84,31,70710.62,20,19,16.31,entertainment,0
9047.05,27,140302.58,12,18,0.52,electronics,0
3360.74,26,113595.4,9,17,1.17,entertainment,0
6221.39,56,43399.03,24,12,37.24,travel,1
5516.66,49,76223.69,13,16,6.32,entertainment,0
16682.78,25,55964.31,14,12,18.98,utilities,0
5826.99,35,74599.16,15,11,2.73,grocery,0
5997.86,47,79631.0,13,15,3.96,entertainment,0
3202.42,27,78429.2,9,17,4.02,electronics,0
4523.89,38,132663.53,10,12,17.88,grocery,0
2314.38,56,45706.81,13,18,8.4,grocery,0
3146.61,38,82664.05,14,12,6.42,electronics,0
11263.1,51,158854.33,22,15,17.28,electronics,0
3434.72,37,88045.86,17,11,1.92,entertainment,0
6858.25,31,134594.5,17,11,5.11,grocery,0
4990.98,27,58899.15,14,11,10.97,travel,0
7632.49,38,349784.72,16,18,23.35,entertainment,0
3593.75,32,57222.7,14,14,3.91,grocery,0
3288.69,39,84197.8,10,11,6.45,utilities,0
5617.35,50,195407.07,11,10,2.19,grocery,0
5880.83,22,52517.91,15,9,4.41,grocery,0
10505.27,45,69381.49,13,12,7.77,grocery,0
5480.04,45,128092.18,12,10,9.82,travel,0
2225.63,33,77284.17,19,19,0.65,entertainment,0
7586.04,43,92084.64,11,6,2.72,entertainment,0
2791.58,43,54028.85,22,11,1.28,utilities,0
6431.5,18,127742.9,14,13,14.08,grocery,0
5209.85,18,133917.52,23,17,2.69,grocery,0
2634.72,18,65181.59,14,19,8.24,grocery,0
4460.91,38,113508.67,13,15,9.09,grocery,0
2907.42,31,82429.73,14,18,1.68,travel,0
3548.48,29,79956.92,13,16,0.68,grocery,0
5842.77,33,50018.8,16,9,6.19,utilities,0
5049.28,38,21835.55,13,16,3.62,utilities,0
6894.27,34,82303.6,13,11,5.96,entertainment,0
2499.16,45,66213.28,10,14,25.34,grocery,0
7986.14,29,50712.9,14,19,2.19,grocery,0
3127.24,41,88232.34,18,10,4.7,grocery,0
3597.61,47,148847.5,8,17,10.62,entertainment,0
2517.79,29,81631.67,19,17,3.84,utilities,0
23080.42,26,78833.18,19,11,14.28,entertainment,0
5155.79,42,90733.26,19,12,11.38,entertainment,0
6940.72,27,78080.7,14,7,13.88,entertainment,0
6333.5,38,39045.65,18,19,7.25,electronics,0
10400.59,34,71232.69,16,15,7.23,grocery,0
3295.06,20,93695.81,21,10,8.08,entertainment,0
5426.73,20,107711.18,10,17,3.23,electronics,0
2946.62,27,117813.93,17,12,23.7,grocery,0
7936.58,36,29153.85,9,16,5.58,grocery,0
3858.4,38,103120.25,16,15,4.72,grocery,0
11344.67,18,92253.15,45,11,30.97,travel,1
3518.59,25,196563.72,13,20,10.29,utilities,0
1828.13,46,73807.86,15,19,3.17,entertainment,0
3905.04,25,44074.9,12,10,8.32,grocery,0
2309.04,32,273401.1,19,17,9.4,electronics,0
12986.45,53,73497.61,19,17,5.06,utilities,0
2212.88,44,148791.98,22,10,6.81,utilities,0
3002.85,36,36442.67,8,17,11.3,electronics,0
3048.09,54,128753.17,14,8,10.25,electronics,0
3466.57,44,43827.59,20,12,5.47,electronics,0
8974.38,18,66864.38,21,19,2.47,grocery,0
8164.11,46,88548.06,18,16,53.96,utilities,1
10889.72,55,183358.26,14,9,12.25,entertainment,0
6053.36,28,17500.49,11,11,1.14,grocery,0
1289.89,53,81705.05,12,18,10.78,entertainment,0
2114.62,55,155259.86,14,15,1.0,grocery,0
4694.42,45,139827.43,17,13,2.86,electronics,0
2871.62,23,23272.42,12,11,2.14,utilities,0
4295.85,37,95952.59,20,18,21.05,electronics,0
1954.78,31,47949.43,16,17,2.2,entertainment,0
2935.59,18,65859.58,15,11,1.51,utilities,0
4884.62,38,38216.33,19,13,32.0,grocery,0
9799.59,42,50653.13,15,10,9.35,entertainment,0
3350.88,40,76652.99,16,12,0.38,utilities,0
8663.25,27,226627.68,20,9,15.73,entertainment,0
6401.79,41,66244.01,15,7,4.39,entertainment,0
16375.71,46,71245.48,34,4,28.51,travel,1
1741.58,43,57097.9,11,11,0.16,utilities,0
5147.8,19,129318.14,13,23,10.1,grocery,0
5389.08,45,380094.48,18,13,1.48,grocery,0
1238.83,29,71392.45,19,13,7.37,travel,0
16662.53,49,84445.58,12,13,5.08,entertainment,0
10819.41,45,62511.94,16,13,1.81,entertainment,0
3121.75,31,130587.49,10,6,13.37,electronics,0
2526.04,37,63413.56,14,14,13.53,utilities,0
2166.09,35,65513.92,12,12,9.99,utilities,0
11833.93,44,40114.76,12,21,2.75,grocery,0
9198.74,45,76473.57,14,13,22.18,entertainment,0
4238.43,44,101874.09,13,19,0.61,grocery,0
8755.14,18,117451.6,28,0,26.44,electronics,1
15255.19,29,46863.54,10,8,4.82,electronics,0
3260.52,28,38329.79,13,12,0.88,utilities,0
3898.8,36,79983.78,12,22,2.23,utilities,0
6484.23,56,31915.6,22,19,1.41,entertainment,0
3403.47,46,138115.62,16,15,1.26,grocery,0
4023.73,41,119343.71,14,11,12.4,entertainment,0
2315.79,24,94823.94,13,12,1.66,utilities,0
15559.06,36,77223.63,14,21,0.92,grocery,0
8158.91,35,115070.37,11,16,4.29,entertainment,0
3945.43,32,53681.98,28,9,19.42,entertainment,1
6624.02,32,74101.31,13,10,19.8,utilities,0
4123.27,27,52987.86,14,17,16.99,entertainment,0
2035.11,18,95223.95,14,11,4.45,grocery,0
2793.79,45,176426.21,9,16,10.4,utilities,0
12286.94,18,260708.3,13,12,11.9,travel,0
2287.74,47,116124.12,13,19,7.34,grocery,0
4520.52,36,66838.73,10,15,0.48,utilities,0
5632.94,40,42109.06,19,15,4.85,utilities,0
3005.17,51,215562.1,15,18,4.08,travel,0
8725.45,34,97877.55,7,18,0.82,utilities,0
2360.18,25,46147.44,11,10,21.97,entertainment,0
12369.95,33,56755.27,16,6,9.13,entertainment,0
5323.67,37,58802.89,19,7,0.94,utilities,0
3406.99,18,247142.77,18,17,1.62,electronics,0
8890.21,35,92182.22,11,10,2.71,grocery,0
7390.19,39,196804.0,43,6,15.64,entertainment,1
6106.59,47,68090.17,17,14,8.03,grocery,0
2033.57,38,73990.87,18,19,3.15,travel,0
6758.33,32,148012.14,15,12,0.05,electronics,0
1225.98,37,147431.99,13,13,5.39,grocery,0
3966.08,39,89967.33,14,15,12.79,utilities,0
1925.94,35,221271.2,9,18,3.95,entertainment,0
4352.73,40,36424.21,13,10,15.36,grocery,0
3054.88,21,118082.66,14,13,0.78,entertainment,0
2834.42,45,49897.1,8,13,0.8,utilities,0
2060.06,18,44943.23,18,23,4.98,grocery,0
4900.16,47,211442.11,13,18,4.45,entertainment,0
9062.67,18,140453.52,11,16,0.7,utilities,0
7179.36,21,194154.24,13,13,17.37,grocery,0
2779.84,22,43498.43,13,11,0.68,grocery,0
6364.47,32,66381.0,20,9,2.21,entertainment,0
4637.88,24,125977.12,15,14,2.79,grocery,0
4788.38,18,45048.71,18,9,3.5,electronics,0
2965.69,52,30550.26,9,15,8.59,entertainment,0
11947.48,43,35305.3,22,11,1.91,grocery,0
6370.89,40,44130.71,18,14,1.7,utilities,0
4176.3,53,112428.99,19,12,4.71,entertainment,0
4013.27,44,173985.27,18,12,2.61,travel,0
15738.96,38,23846.35,6,10,6.78,travel,0
2000.01,61,55385.23,9,20,14.37,travel,0
688.07,48,43495.57,22,12,4.56,utilities,0
13022.02,40,26452.13,14,15,36.89,travel,0
3840.21,28,114556.55,17,15,3.12,grocery,0
4717.83,34,92272.83,25,14,15.13,utilities,0
7346.03,37,56162.34,20,17,11.93,grocery,0
7862.19,52,104470.64,16,19,0.42,electronics,0
3097.93,40,43182.91,15,20,0.04,utilities,0
2249.8,21,29015.75,16,10,2.94,grocery,0
11376.63,37,59933.66,39,4,2.66,travel,1
9957.95,30,72306.61,19,20,5.49,grocery,0
1711.08,42,126470.78,15,15,21.92,entertainment,0
7370.49,27,62123.85,18,21,14.18,electronics,0
3701.39,41,28417.22,21,15,13.49,grocery,0
2834.85,18,72450.21,20,14,15.08,utilities,0
23059.75,33,40223.16,14,15,25.9,utilities,0
10386.09,25,155528.99,15,15,1.26,entertainment,0
8704.74,70,98777.47,20,10,8.25,travel,0
8097.48,65,90851.41,21,11,21.05,grocery,0
12429.97,31,69952.97,12,11,6.12,grocery,0
5893.29,30,165659.56,23,11,5.7,electronics,0
2125.63,27,125603.68,12,7,2.89,travel,0
4559.69,67,38578.35,10,16,0.95,grocery,0
7678.14,43,134103.99,11,17,1.67,entertainment,0
3243.44,38,104797.35,12,13,4.87,grocery,0
4541.08,35,124323.61,16,14,4.13,grocery,0
3975.24,18,71906.81,14,16,7.28,grocery,0
2985.65,24,91303.89,15,11,1.6,grocery,0
4010.77,43,29141.76,14,15,16.74,grocery,0
4217.55,18,78209.95,17,15,12.68,electronics,0
3532.81,36,303150.87,12,11,3.2,utilities,0
3799.01,32,238975.26,14,12,7.05,grocery,0
5171.32,38,286119.29,25,17,2.91,electronics,0
4011.82,27,242167.49,18,10,9.67,grocery,0
2646.34,34,145836.53,14,11,0.33,utilities,0
10109.41,26,197378.95,20,7,3.45,utilities,0
14873.16,45,97061.84,14,19,23.03,utilities,0
5268.29,33,124944.09,11,11,13.95,utilities,0
9610.63,40,68280.95,18,19,1.09,electronics,0
4906.29,23,134577.06,10,18,0.57,utilities,0
3510.87,23,88620.37,15,12,1.53,grocery,0
1147.15,36,86472.52,20,6,0.1,electronics,0
6109.42,19,146030.24,18,9,9.87,utilities,0
6203.29,28,104663.7,13,23,7.6,grocery,0
4193.74,46,84160.59,11,19,46.98,grocery,0
11891.68,29,123583.83,18,15,24.44,utilities,0
29291.36,24,34737.37,22,5,98.39,entertainment,1
3644.68,37,42078.72,14,15,8.25,utilities,0
20699.97,21,42294.69,42,3,103.72,electronics,1
2304.54,34,107621.7,15,15,0.22,travel,0
13248.81,18,76947.26,10,15,0.94,utilities,0
5999.43,45,55402.25,11,12,8.73,electronics,0
2031.82,47,210439.21,14,13,6.65,electronics,0
4318.62,49,55705.9,13,14,1.3,utilities,0
13062.83,44,185520.87,11,15,16.63,electronics,0
1796.72,30,61646.69,11,6,7.81,travel,0
2685.18,51,69927.28,8,11,12.79,entertainment,0
3379.17,21,42527.45,15,13,5.56,travel,0
10119.37,18,59022.7,28,3,64.83,electronics,1
5391.7,28,109451.13,11,18,0.52,entertainment,0
4979.8,18,72091.03,19,20,4.65,utilities,0
14333.73,38,97710.5,9,17,13.07,electronics,0
2657.44,34,21209.28,15,14,8.06,grocery,0
4357.8,33,292326.5,13,23,4.95,grocery,0
3105.64,25,337985.64,11,17,0.0,utilities,0
4540.45,42,41003.29,14,20,5.27,grocery,0
9062.18,32,69024.38,22,18,11.67,grocery,0
3909.95,27,99648.81,20,13,3.15,grocery,0
6001.95,33,100422.82,18,12,36.18,entertainment,0
9587.99,52,106748.82,17,16,9.41,utilities,0
2050.82,21,98927.44,10,14,19.4,utilities,0
838.75,40,96446.73,11,11,8.25,entertainment,0
3664.83,34,127064.67,14,5,11.31,entertainment,0
1546.77,41,62352.52,14,10,10.54,travel,0
10357.93,31,69838.9,31,6,162.87,travel,1
4833.42,39,112332.7,18,9,15.08,grocery,0
15123.17,29,60010.6,10,11,2.01,electronics,0
5752.4,39,51570.91,14,19,8.07,grocery,0
6610.54,31,32777.94,15,12,6.52,grocery,0
4307.3,33,205974.85,11,15,0.8,utilities,0
10831.73,18,180432.44,16,10,2.85,utilities,0
11942.41,18,29830.22,13,10,4.69,entertainment,0
3446.38,49,73013.72,10,10,1.38,grocery,0
6483.81,22,57228.93,11,9,4.92,utilities,0
5351.25,25,58444.26,13,13,7.68,grocery,0
7053.61,43,54140.11,13,13,19.24,travel,0
10048.32,39,139219.34,15,13,0.39,utilities,0
3118.29,40,86555.37,15,14,2.0,electronics,0
21787.86,45,178752.19,9,16,6.16,utilities,0
4319.44,39,18794.65,13,20,4.12,utilities,0
1530.99,36,33343.97,16,15,18.86,grocery,0
3491.5,34,33282.79,11,17,2.16,utilities,0
3486.91,23,33331.62,13,15,5.76,electronics,0
6246.47,34,62413.51,12,12,23.35,grocery,0
4709.7,41,70324.74,20,9,7.01,grocery,0
2614.7,53,93930.32,15,9,1.35,utilities,0
5790.28,27,122475.4,21,21,6.81,grocery,0
8614.91,30,49222.45,11,14,5.35,grocery,0
24220.68,21,52964.85,10,15,0.7,grocery,0
23883.87,54,116991.72,25,1,22.0,utilities,1
13235.3,36,30397.36,30,18,26.23,travel,1
9086.43,52,104616.18,16,12,6.5,travel,0
5273.0,32,112781.98,22,4,60.98,travel,1
15812.7,25,63222.02,6,11,7.97,grocery,0
11216.11,25,45214.36,18,18,10.49,entertainment,0
7276.25,47,106081.66,20,4,7.68,grocery,0
4188.83,19,57526.31,19,13,4.64,grocery,0
4778.25,48,89467.12,22,15,0.22,grocery,0
1712.4,43,215985.97,13,13,10.1,entertainment,0
1937.89,43,32671.85,18,15,10.54,utilities,0
6147.96,26,104004.13,9,19,10.21,travel,0
