transaction_amount,customer_age,account_balance,num_transactions_30d,transaction_hour,distance_from_home_km,merchant_category,is_fraud
3181.37,36,126841.95,14,15,2.34,electronics,0
4856.81,46,48437.18,13,14,4.98,utilities,0
3420.49,31,78112.73,23,11,6.23,electronics,1
2049.79,33,36973.62,21,13,24.8,electronics,0
15801.37,31,88794.07,11,7,0.97,electronics,0
4898.1,23,119353.54,10,14,22.53,electronics,0
8137.78,29,37272.81,18,12,12.16,utilities,0
4736.71,22,71421.78,25,5,93.09,grocery,1
21524.25,39,79739.99,19,14,21.53,travel,0
5725.36,19,63121.15,33,1,33.16,grocery,1
9605.0,24,128990.21,12,14,3.8,travel,0
3049.49,53,107787.35,11,12,2.65,entertainment,0
2773.64,18,123413.31,10,16,3.84,utilities,0
9889.04,23,133436.96,28,8,67.54,grocery,1
6721.92,21,40614.12,20,20,21.58,electronics,0
5244.02,23,65907.79,21,18,2.19,travel,0
6775.66,33,82733.88,22,8,3.77,utilities,0
9494.21,25,83004.37,21,19,9.69,travel,0
4768.76,18,53288.45,30,5,40.11,grocery,1
10958.81,35,39786.4,24,2,82.12,grocery,1
5928.84,27,44827.43,14,9,15.42,grocery,0
874.08,48,85415.05,16,15,17.46,grocery,0
3411.22,18,50466.63,14,13,23.02,travel,0
1652.76,42,72671.51,16,12,2.2,electronics,0
11205.91,33,97606.78,14,10,13.85,electronics,0
6721.26,37,40349.23,20,9,18.55,electronics,0
2019.0,18,33312.12,12,10,16.98,utilities,0
11960.39,32,188332.85,14,8,10.14,entertainment,0
5515.27,47,84058.9,13,13,15.78,utilities,0
4263.58,42,24001.22,22,15,10.08,travel,0
1711.91,28,190162.74,15,14,2.28,utilities,0
4882.19,30,40120.08,11,14,7.8,electronics,0
2763.55,34,206574.71,17,11,11.91,entertainment,0
9769.21,36,129033.22,14,14,11.72,travel,0
5660.52,34,106044.02,14,14,25.97,travel,0
11125.15,22,39078.58,25,6,135.64,electronics,1
10597.21,21,73390.48,13,21,13.28,utilities,0
3027.29,37,72193.42,15,19,2.95,entertainment,0
2149.92,44,115637.1,17,12,2.37,electronics,0
11134.08,22,190181.03,13,16,12.62,utilities,0
8366.41,21,86384.28,13,16,9.52,travel,0
2612.97,67,105682.43,12,20,3.47,utilities,0
12848.11,37,53443.99,34,1,133.39,electronics,1
17636.37,43,39294.27,14,10,24.75,travel,0
3148.56,50,22497.06,10,13,30.6,entertainment,0
6686.76,18,37997.68,14,18,17.13,grocery,0
2264.91,33,151231.36,10,13,26.97,utilities,0
1901.35,21,65442.06,13,20,10.39,utilities,0
1577.12,39,84351.81,13,16,14.29,travel,0
8502.52,25,94028.11,31,3,26.52,travel,1
5118.28,45,61047.41,12,12,11.16,grocery,0
1750.67,46,63806.09,15,12,18.82,entertainment,0
3763.71,41,26488.39,16,13,19.6,utilities,0
8050.58,20,86426.49,14,13,35.39,utilities,0
8272.34,38,30349.33,19,15,2.27,utilities,0
4808.64,30,32901.26,12,12,6.93,entertainment,0
9527.45,33,36014.36,26,13,20.75,entertainment,0
3486.17,25,102092.88,14,19,4.77,entertainment,0
1322.87,33,35424.05,20,13,1.88,grocery,0
3552.86,25,72284.73,15,16,3.67,travel,0
3961.65,43,78623.76,14,13,20.94,utilities,0
13259.58,40,51686.77,13,11,20.86,travel,0
3828.79,51,83134.06,14,10,12.68,utilities,0
21638.29,34,73110.12,13,17,8.05,electronics,0
1889.98,47,77324.94,11,10,22.16,utilities,0
4522.99,27,93789.5,24,9,25.61,travel,0
1847.86,40,80623.88,13,18,2.8,utilities,0
2385.97,32,47643.67,14,15,22.07,grocery,0
3390.72,31,65054.38,12,9,1.01,travel,0
8970.07,45,68854.91,28,0,7.03,grocery,1
5676.07,24,40074.33,17,16,2.96,electronics,0
6900.77,29,100774.27,13,15,1.62,electronics,0
2486.44,34,54367.66,18,19,2.67,utilities,0
6069.89,25,115428.87,18,17,12.07,electronics,0
17236.68,56,58882.12,11,7,2.51,entertainment,0
16615.48,27,54596.44,17,9,16.22,utilities,0
16604.04,26,54381.23,33,9,127.54,grocery,1
20759.88,50,81243.34,23,13,18.13,travel,1
11016.36,50,79647.16,11,13,2.68,entertainment,0
7699.22,20,25693.3,32,3,112.51,grocery,1
4797.48,40,145839.25,13,14,26.57,entertainment,0
2659.41,33,30133.62,13,9,1.93,electronics,0
4656.43,40,36677.8,13,15,4.2,electronics,0
12454.79,18,63137.63,25,1,89.56,travel,1
2685.68,22,136732.25,16,10,23.49,electronics,1
2218.33,41,75398.86,21,12,6.25,travel,0
8091.62,36,26827.17,29,4,189.52,grocery,1
3776.77,43,35551.16,18,12,4.61,travel,0
25988.38,31,178292.01,21,18,3.38,electronics,0
4642.25,43,18713.16,14,16,2.73,grocery,0
8992.35,22,25096.37,7,12,28.46,travel,0
4398.11,26,170321.03,11,14,12.45,utilities,0
5727.68,50,82218.37,13,16,13.47,utilities,0
6960.34,19,36006.52,24,4,18.51,electronics,1
6731.01,41,54828.19,12,15,4.51,electronics,0
2356.43,28,47007.42,13,17,7.74,entertainment,0
1790.13,18,180505.55,13,11,2.17,entertainment,0
2556.24,32,54437.41,14,16,13.1,utilities,0
9830.29,22,89496.89,9,13,12.92,grocery,0
15003.19,34,27942.04,24,1,142.03,electronics,1
6871.08,33,160066.02,13,10,4.06,entertainment,0
9336.47,31,106174.91,12,21,2.82,utilities,0
6547.57,22,222951.26,13,13,2.01,travel,0
7022.3,20,61719.54,15,17,3.39,utilities,0
2551.58,60,27074.7,14,14,9.52,utilities,0
5935.7,19,115004.71,12,12,4.13,grocery,0
21074.27,32,132463.19,16,15,5.93,entertainment,0
9233.13,28,181977.82,13,15,1.11,electronics,0
6761.79,43,44080.14,13,10,24.23,entertainment,0
3040.03,24,66228.18,17,14,24.11,entertainment,0
1538.54,18,61345.85,14,17,26.47,grocery,0
3007.2,46,47033.58,14,12,8.21,entertainment,0
13347.19,30,120781.36,13,17,1.45,electronics,0
6437.82,19,45483.82,13,11,28.48,electronics,0
29587.48,35,88024.33,31,4,116.65,electronics,1
10531.77,19,185616.61,24,11,27.93,travel,0
4308.54,27,39160.77,34,2,32.7,electronics,1
2769.77,24,136540.87,21,16,9.56,utilities,0
4159.56,28,108115.36,14,17,9.36,grocery,0
2703.69,21,61072.42,11,11,3.9,travel,0
2342.57,27,53942.78,13,16,10.74,utilities,0
12829.63,26,35980.28,15,15,3.1,utilities,0
4406.71,19,170696.01,25,11,2.01,utilities,0
4377.04,20,93056.74,10,9,19.95,entertainment,0
4619.19,46,99347.15,14,18,8.35,grocery,0
12904.83,33,84251.56,12,11,20.29,entertainment,0
12338.15,18,60599.71,19,11,20.44,travel,0
3571.37,26,39463.67,16,11,19.25,entertainment,0
2719.64,18,42796.26,20,15,5.69,grocery,0
3951.75,50,44238.16,12,18,3.94,travel,0
29310.41,47,60781.0,17,11,3.19,utilities,0
2566.66,23,114480.85,14,15,19.15,travel,0
6521.4,18,132773.66,14,14,1.94,electronics,0
16875.24,55,26358.5,16,10,13.88,grocery,0
5249.08,44,33531.14,13,16,10.93,electronics,0
7548.22,30,66223.74,15,13,15.54,grocery,0
2182.21,19,76989.69,11,14,3.1,electronics,0
36700.97,18,27528.4,19,15,25.8,travel,1
13614.21,30,97255.06,22,9,17.67,electronics,1
2171.58,33,26654.32,13,16,3.35,entertainment,0
5364.93,31,51497.0,13,8,9.03,electronics,0
14521.3,30,30566.99,14,14,13.67,utilities,0
7805.58,30,45164.48,19,14,2.58,travel,0
6275.22,23,25113.04,13,15,31.25,electronics,0
627.06,42,123900.81,13,16,12.19,grocery,0
11658.89,28,23413.92,35,0,126.71,electronics,1
3594.4,26,29151.13,14,21,7.45,entertainment,0
3026.39,38,71754.14,10,15,26.47,entertainment,0
4972.8,20,209798.21,13,11,12.91,travel,0
3974.59,29,29821.53,13,9,12.41,electronics,0
13427.66,27,55968.37,14,12,1.03,travel,0
1796.98,49,80523.16,20,12,0.93,utilities,0
2856.15,32,68095.05,14,9,29.63,utilities,0
4724.55,29,55844.68,21,9,15.87,electronics,0
7217.23,38,59423.98,13,23,14.4,grocery,0
17264.11,45,54128.81,11,12,3.83,utilities,0
3462.59,31,19438.55,18,9,18.94,entertainment,0
4944.79,30,22197.94,11,11,9.41,electronics,0
11691.21,49,22138.93,20,5,44.96,electronics,1
11338.91,19,280393.3,13,17,25.71,utilities,0
12286.6,29,27080.7,23,16,1.54,grocery,0
5266.17,43,54422.55,14,11,14.18,entertainment,0
7070.36,50,64735.83,28,13,4.07,electronics,1
1007.24,27,38066.74,12,15,13.02,utilities,0
7453.84,35,42842.84,11,13,20.27,electronics,0
3089.28,18,35306.36,13,9,6.03,travel,0
3086.41,29,85184.79,18,11,3.43,grocery,0
6176.96,18,19714.88,14,11,8.44,travel,1
5883.0,27,80490.89,14,10,49.15,travel,0
5902.69,29,68853.43,15,11,9.37,utilities,0
4373.58,22,36745.47,28,4,109.82,grocery,1
4806.19,44,113132.38,21,15,10.95,grocery,0
6720.53,46,35633.73,25,3,110.73,electronics,1
9248.04,54,110988.86,14,19,1.47,grocery,0
2869.9,41,83726.77,13,11,17.92,travel,0
3462.23,31,28370.73,8,13,20.24,utilities,0
6282.24,40,223542.53,15,16,3.95,entertainment,0
1643.97,42,68193.78,13,10,13.56,utilities,0
4120.12,31,28694.47,16,21,18.51,grocery,0
6980.8,32,100431.28,9,15,33.06,entertainment,0
2635.22,27,30290.21,14,12,18.64,utilities,0
3095.92,46,31016.38,13,19,29.83,grocery,0
3605.51,30,34100.42,10,11,6.05,travel,0
1823.7,31,36478.39,14,3,27.78,utilities,0
12519.95,31,96519.21,21,13,28.51,electronics,0
25057.15,44,66566.75,13,16,15.35,utilities,0
1457.83,52,38238.62,13,16,3.74,electronics,0
2849.35,32,137121.4,14,10,1.62,travel,0
1075.11,54,105563.34,13,10,15.54,utilities,0
4992.95,29,66566.17,10,14,10.65,utilities,0
10939.11,44,42404.49,12,11,15.97,utilities,0
8471.92,29,96528.59,15,15,2.66,travel,0
11590.76,32,36389.58,16,10,15.23,travel,0
2981.97,18,135626.37,11,18,2.56,utilities,0
12168.19,27,97897.21,25,11,3.23,electronics,0
1713.59,27,48433.85,13,13,6.59,grocery,0
2911.83,28,34089.47,19,18,12.42,grocery,0
20000.19,29,23047.85,20,10,34.81,electronics,0
7445.23,27,64539.87,13,22,27.53,utilities,0
5345.38,22,36159.92,13,15,26.29,grocery,0
7538.21,31,101834.45,12,8,3.28,entertainment,0
13640.96,21,146286.17,17,9,17.57,travel,0
1978.92,30,44819.25,14,13,16.52,travel,0
4883.45,42,57143.88,13,11,2.09,entertainment,0
11958.86,43,45994.41,13,14,31.48,entertainment,0
7128.24,26,152649.99,9,11,1.83,utilities,0
2689.71,31,112885.44,9,15,7.26,travel,0
9524.99,31,89614.01,20,9,16.23,entertainment,0
11232.1,42,24351.85,14,13,11.89,utilities,0
1430.73,35,66801.09,13,18,16.57,grocery,0
4463.73,32,64193.73,10,13,2.88,travel,0
9394.75,21,29334.16,27,4,120.48,travel,1
4247.07,18,74294.24,15,10,1.33,entertainment,0
1943.69,59,89231.7,13,20,0.0,entertainment,0
9336.71,40,71167.49,20,13,12.1,utilities,0
1247.59,23,52141.5,15,13,4.48,entertainment,0
33628.84,33,50333.69,17,19,29.18,electronics,0
2953.84,46,61130.02,17,18,3.81,electronics,0
2926.62,40,61775.76,13,11,1.74,electronics,0
1176.19,25,161361.99,13,14,2.65,travel,0
6237.56,37,52126.13,19,22,13.82,utilities,0
4084.58,19,42826.97,13,11,11.22,travel,0
2518.75,35,72769.85,11,13,30.74,grocery,0
11816.74,19,42136.05,14,14,19.25,entertainment,0
1838.95,29,105013.19,10,19,28.06,grocery,0
7640.34,51,144370.34,11,13,26.2,entertainment,0
2405.3,18,64408.21,20,18,0.0,electronics,0
3281.45,22,53211.99,22,12,17.96,electronics,0
6473.17,45,80835.36,15,10,15.91,entertainment,0
8491.95,27,79714.92,18,10,19.2,travel,1
7423.69,39,127849.53,18,15,28.03,electronics,0
4889.35,30,108491.05,13,11,2.19,utilities,0
5035.46,31,99023.27,19,12,10.04,travel,0
5082.78,56,48023.39,6,13,15.68,entertainment,0
3522.35,48,71384.83,13,15,29.84,grocery,0
5780.3,28,87917.41,13,12,9.69,travel,0
4949.1,39,145170.83,13,18,12.14,utilities,0
9975.19,46,60578.63,13,10,14.47,travel,0
7443.63,28,139244.12,13,16,24.53,entertainment,0
1737.17,41,55511.67,12,10,15.56,travel,0
5453.5,27,101288.62,12,12,2.19,entertainment,0
34969.57,21,131108.49,39,3,102.05,travel,1
3806.64,48,115172.07,15,14,1.85,utilities,0
8411.86,19,101575.84,40,5,129.28,electronics,1
2162.31,35,85355.84,18,14,0.86,grocery,0
5039.7,23,50586.19,10,12,2.68,travel,0
13524.64,37,136746.09,22,9,19.53,electronics,1
4861.9,22,30223.71,13,13,0.64,travel,0
4063.13,29,33839.54,12,12,21.06,grocery,0
8138.1,32,81731.94,14,15,10.61,utilities,0
2528.06,27,62865.22,13,8,27.9,travel,0
2185.04,30,81629.52,30,15,13.09,electronics,0
1385.35,29,50162.43,13,13,8.15,electronics,0
2368.69,29,196700.01,12,11,8.34,utilities,0
1305.01,28,42558.6,22,15,29.5,grocery,0
1954.37,25,187545.29,14,10,8.56,utilities,0
7140.69,30,29065.86,24,9,18.58,electronics,1
1909.61,38,100058.95,22,10,23.88,entertainment,0
6931.26,24,45187.85,12,12,8.39,travel,0
7021.93,32,48174.22,13,11,5.49,travel,0
9506.08,32,44853.51,13,16,20.31,travel,0
17073.59,30,73898.05,13,15,4.1,travel,0
12207.12,26,85111.26,13,8,29.64,travel,0
18336.05,21,37181.55,24,10,16.14,grocery,1
26034.37,48,31044.04,20,13,14.88,grocery,1
3863.17,20,37377.4,13,13,1.72,grocery,0
1338.81,53,37695.49,20,12,23.9,grocery,0
2772.41,21,45927.29,20,15,2.54,grocery,0
4094.29,26,24661.46,13,12,30.63,electronics,0
3934.74,46,80795.82,18,14,18.66,utilities,0
12894.32,41,62161.76,29,13,30.17,travel,1
4642.61,35,46926.93,12,14,7.51,entertainment,0
1604.87,33,49939.93,14,10,20.31,grocery,0
5587.68,25,68628.47,18,15,8.33,travel,0
20865.29,23,55719.6,36,1,19.87,grocery,1
3064.67,29,94875.88,13,7,12.96,electronics,0
1833.26,39,9125.97,23,12,3.43,electronics,0
5847.6,37,118909.61,20,13,20.29,electronics,0
4148.97,30,77237.79,28,20,17.15,electronics,0
30901.35,36,59120.78,34,2,57.77,electronics,1
5229.48,46,32010.9,14,9,6.43,entertainment,0
2532.75,18,81477.68,13,12,32.28,grocery,0
1599.37,49,30484.16,14,21,13.38,grocery,0
1448.27,18,69403.66,15,16,7.19,grocery,0
5204.04,32,54322.07,10,16,28.88,utilities,0
1862.68,31,26086.33,20,9,14.26,electronics,0
13682.76,29,78684.38,13,17,21.7,travel,0
1863.55,41,116534.5,18,14,1.83,utilities,0
6666.53,19,98664.67,13,15,0.22,entertainment,0
3030.45,34,123078.26,18,13,8.09,utilities,0
4985.93,34,136977.02,13,20,16.45,travel,0
2770.58,39,79404.84,13,14,1.22,travel,0
1593.57,52,41892.91,17,18,13.84,grocery,0
8100.7,28,69416.47,12,11,3.47,travel,0
6656.21,18,20399.85,16,11,3.06,electronics,0
1041.17,32,37565.78,20,15,20.55,grocery,0
1582.74,38,146418.18,18,15,15.13,entertainment,0
2196.15,19,32565.35,12,19,0.99,utilities,0
4243.08,19,54603.82,13,14,2.79,travel,0
7939.88,51,52199.49,13,19,2.06,utilities,0
7348.68,23,104266.84,28,9,30.0,travel,0
2871.47,30,75794.49,18,13,15.15,travel,0
6177.99,24,31711.28,20,11,10.32,travel,0
9853.03,43,73222.98,28,14,129.12,grocery,1
9682.4,29,49196.49,16,16,8.87,electronics,0
3714.91,26,81395.46,13,15,1.82,utilities,0
4204.71,25,66885.17,21,13,13.52,entertainment,0
2945.08,35,103173.28,19,14,6.25,utilities,0
2574.09,22,107413.14,14,16,3.97,entertainment,0
1901.01,32,12961.3,17,19,13.94,grocery,0
3301.8,48,88853.38,16,18,15.65,utilities,0
3481.4,27,154713.12,21,16,27.9,grocery,0
3795.52,23,199684.74,13,19,0.27,travel,0
20998.08,32,34751.52,30,2,35.91,travel,1
3114.88,21,90288.07,11,13,0.0,travel,0
11873.89,20,126157.82,13,13,1.8,entertainment,0
7599.41,40,53047.52,35,0,110.58,grocery,1
2193.43,33,71118.92,20,12,22.49,entertainment,0
6400.75,45,78815.41,12,12,2.56,travel,0
1933.17,20,55801.66,16,21,6.9,utilities,0
6605.4,33,115005.81,13,18,6.71,grocery,0
1694.48,53,44262.48,13,10,2.21,electronics,0
2277.93,24,73845.99,13,11,15.62,utilities,0
4865.38,39,29604.66,14,13,20.42,grocery,0
4316.84,40,30605.88,14,11,18.84,entertainment,0
4856.99,34,50288.73,15,19,2.28,utilities,0
3815.57,19,67506.7,13,16,11.34,travel,0
9489.25,30,24095.49,21,8,7.28,travel,0
5502.16,25,49675.27,17,12,33.4,entertainment,0
4036.1,18,92373.32,12,14,21.85,entertainment,0
2448.71,25,35907.07,13,15,9.23,utilities,0
4115.3,49,41420.31,9,14,14.44,electronics,0
6844.45,22,151493.22,17,8,1.66,travel,0
7462.65,21,40478.45,13,16,8.53,grocery,0
6256.93,22,32278.52,23,11,10.23,travel,0
4850.57,38,68009.74,15,14,2.89,travel,0
4899.98,31,60627.46,12,12,26.95,travel,0
10375.58,23,37234.22,22,4,28.21,electronics,1
9158.17,19,44268.79,18,18,9.91,entertainment,0
1975.22,41,43575.88,11,10,4.7,entertainment,0
6852.41,36,58190.29,24,5,89.25,grocery,1
3305.41,21,59356.36,13,13,11.44,electronics,0
4275.96,19,207221.26,11,11,6.86,electronics,0
2514.84,21,249442.69,14,10,3.34,grocery,0
7458.73,50,46431.27,14,13,22.86,grocery,0
2202.73,39,46432.54,13,10,7.71,electronics,0
830.4,50,100412.23,19,11,18.09,utilities,0
3532.12,28,133563.07,11,15,12.72,entertainment,0
1786.3,35,116868.29,20,18,2.9,electronics,0
6186.25,22,28091.24,36,2,95.09,grocery,1
10887.4,56,32270.32,14,18,33.65,grocery,0
9856.3,33,52149.57,19,7,0.26,entertainment,0
5633.08,45,41517.42,10,14,10.27,utilities,0
4800.04,44,20911.17,18,16,4.18,grocery,0
3240.54,21,42324.02,13,15,3.22,travel,0
981.49,25,30432.27,13,14,3.2,travel,0
4103.3,25,42946.4,9,13,22.46,grocery,0
2508.77,29,63925.27,13,13,6.33,electronics,0
4965.43,25,26309.44,34,3,17.94,grocery,1
1126.0,23,71825.91,18,11,2.91,utilities,0
12419.22,25,28845.56,14,9,17.96,entertainment,0
5413.34,19,44913.51,13,14,29.42,entertainment,0
3133.96,18,83436.52,13,15,2.71,electronics,0
6654.46,25,27888.84,14,17,8.47,utilities,0
7597.72,26,75735.98,14,23,6.98,grocery,0
2176.51,40,39784.77,13,15,2.28,utilities,0
11030.66,18,131940.17,13,10,14.18,utilities,0
4787.87,54,75401.03,8,8,27.74,utilities,0
5576.69,37,97646.27,13,12,9.74,entertainment,0
22166.95,26,61102.32,12,18,14.89,travel,0
1508.65,32,34263.6,16,12,15.18,electronics,0
3722.42,28,84982.45,13,14,4.11,utilities,0
3712.32,25,122437.38,16,12,25.89,entertainment,0
8004.31,45,78715.99,12,15,2.07,travel,0
5956.72,34,28614.48,14,14,20.45,grocery,0
4633.59,46,63667.73,11,16,22.25,grocery,0
4912.23,20,35231.85,25,2,125.07,travel,1
9429.96,21,75236.22,14,10,15.62,utilities,0
2723.2,30,29703.53,14,12,1.99,entertainment,0
2768.83,29,22121.81,16,15,6.79,entertainment,0
2876.15,31,107973.03,14,17,14.83,entertainment,0
1452.44,25,54549.46,16,19,8.66,grocery,0
11936.93,18,26397.74,13,13,2.79,travel,0
7332.3,31,72096.61,14,10,4.68,entertainment,0
3141.99,29,56074.89,13,2,14.16,travel,0
2689.02,45,118937.69,12,10,19.74,travel,0
2531.39,49,180550.21,13,15,10.8,grocery,0
11793.39,23,47470.21,25,0,21.57,electronics,1
3286.57,30,36986.35,16,17,9.49,utilities,0
2764.02,28,58459.51,21,9,7.44,travel,0
5830.93,27,48585.09,12,21,2.59,utilities,0
1250.98,48,67306.53,13,20,0.0,utilities,0
2437.7,26,63402.59,13,8,3.54,entertainment,0
2904.66,41,84920.93,14,13,11.78,travel,0
6112.83,19,70573.62,21,8,14.77,electronics,0
1441.69,49,35684.56,12,14,14.36,grocery,0
2480.68,19,64266.91,12,7,23.12,entertainment,0
7364.94,18,38166.86,29,2,120.14,electronics,1
7290.62,28,36140.8,14,13,10.04,utilities,0
2628.24,35,110753.11,18,14,3.19,entertainment,0
2331.98,34,59358.25,13,13,4.7,entertainment,0
4292.23,48,99080.94,14,13,10.78,utilities,0
5539.11,37,70493.5,17,19,28.17,electronics,0
16990.71,34,112036.1,12,12,10.47,entertainment,0
4029.54,54,143674.98,12,13,1.05,electronics,0
3893.37,48,75833.49,18,11,15.81,entertainment,0
2774.22,27,14645.53,13,14,11.31,travel,0
2052.79,36,55484.36,21,14,24.75,grocery,0
4719.02,27,212329.42,11,13,2.51,electronics,0
3873.01,20,68951.43,16,11,15.71,travel,0
5789.58,47,76895.53,13,13,9.27,entertainment,0
6252.94,18,20966.52,27,2,73.26,travel,1
848.27,33,77588.96,13,16,9.01,grocery,0
1460.9,20,44862.66,11,9,4.99,travel,0
11765.84,39,49016.09,21,12,17.44,electronics,0
9605.06,18,40932.98,18,14,21.34,utilities,0
3155.08,29,56169.21,12,15,14.92,grocery,0
14305.59,22,26600.85,16,18,39.27,electronics,0
3961.19,39,51490.42,7,1,27.11,travel,0
3898.25,41,129352.31,14,15,17.63,utilities,0
12707.42,27,68056.08,14,15,24.26,grocery,0
3059.47,28,48406.26,13,16,14.57,utilities,0
4816.54,47,94093.69,12,14,7.15,utilities,0
4323.96,48,68663.78,12,17,4.23,utilities,0
13135.76,22,81286.02,9,5,9.31,travel,1
8132.95,38,19542.5,13,12,1.13,grocery,0
10986.51,44,43660.64,13,18,0.49,utilities,0
28523.95,23,115093.2,35,12,15.94,electronics,1
3431.68,43,47788.69,13,20,6.27,grocery,0
6267.59,25,37514.78,21,14,2.79,electronics,0
5818.49,31,69724.39,24,15,16.47,travel,0
4123.36,35,60129.45,19,15,26.64,grocery,0
2823.79,31,56978.29,13,12,22.37,entertainment,0
9368.05,28,94745.48,19,9,14.98,utilities,0
3454.01,25,44715.81,12,11,2.62,entertainment,0
2435.23,46,29254.13,13,10,7.17,utilities,0
6676.31,26,69795.37,24,9,20.11,electronics,1
13865.93,40,66386.4,8,14,4.5,travel,0
11155.27,35,37136.99,10,14,0.0,electronics,0
9575.64,45,71057.05,13,9,29.81,entertainment,0
5690.2,42,22851.43,37,0,154.95,electronics,1
3107.0,31,56389.88,13,17,24.67,utilities,0
2189.42,45,86190.73,9,22,12.01,electronics,0
2430.32,33,31565.6,14,20,14.25,grocery,0
2098.3,27,68414.37,14,12,14.72,utilities,0
2867.76,18,32148.86,18,15,19.75,entertainment,0
7135.68,19,86879.78,26,11,17.38,travel,1
3127.15,37,29195.86,14,14,4.23,entertainment,0
1965.84,26,62164.54,11,15,16.64,travel,0
12109.3,29,181323.0,13,15,3.59,electronics,0
1863.26,37,58897.15,13,9,18.2,electronics,0
4693.55,31,33112.17,14,8,3.96,entertainment,0
1783.15,40,57260.39,14,15,1.65,grocery,0
1679.28,65,36306.46,14,10,10.8,grocery,0
3095.59,24,84831.68,12,16,12.19,entertainment,0
3942.17,52,51353.85,12,10,10.27,utilities,0
13546.17,23,33427.22,26,7,103.95,electronics,1
12918.5,37,35056.61,15,20,16.31,entertainment,0
4909.66,29,42081.9,24,20,15.36,grocery,0
15976.28,35,38813.28,35,2,130.0,electronics,1
14106.87,18,33212.24,33,5,88.55,electronics,1
17861.01,41,69789.55,24,2,102.28,electronics,1
10843.59,18,27754.15,15,20,18.93,entertainment,0
14690.6,18,38761.75,20,13,32.71,travel,1
6341.96,28,34976.23,12,8,12.54,travel,0
4962.55,31,92073.14,11,20,11.62,entertainment,0
10266.42,26,77185.76,14,10,28.05,utilities,0
2434.61,38,104210.78,14,14,4.57,utilities,0
3571.56,24,117294.45,14,11,16.91,utilities,0
5602.19,41,66022.06,18,17,2.17,electronics,0
4820.16,31,23831.72,10,17,1.97,travel,0
12575.68,37,88551.84,25,18,4.0,electronics,0
6444.28,25,41585.45,12,9,18.0,grocery,0
11144.99,18,197734.87,13,16,10.95,travel,0
3552.45,30,57430.15,12,17,3.23,electronics,0
2164.75,22,27576.71,14,15,10.14,utilities,0
6870.35,26,38982.74,19,10,4.07,electronics,0
2041.21,32,56149.63,18,11,26.07,utilities,0
7156.69,19,47959.59,14,14,30.99,utilities,0
8152.61,55,43083.83,17,8,6.02,travel,0
29333.17,46,122887.89,11,12,16.46,travel,0
5608.76,18,36162.27,33,13,10.28,electronics,0
5888.48,30,28261.23,14,12,20.03,entertainment,0
8982.96,58,29769.61,13,15,3.93,grocery,0
8090.72,34,25346.6,15,11,17.37,grocery,0
2119.41,31,90112.99,18,8,3.44,entertainment,0
2449.3,29,37210.62,13,10,10.9,electronics,0
981.56,18,63458.42,12,10,26.38,entertainment,0
5261.88,41,128876.67,9,10,21.63,electronics,0
12812.27,31,22256.61,27,3,98.09,travel,1
4605.39,36,43697.56,18,17,5.61,electronics,0
7595.91,29,47659.69,14,6,87.65,grocery,1
3311.08,33,89315.6,12,13,17.39,travel,0
3343.13,39,207965.37,17,14,9.12,travel,0
2494.09,24,52109.67,14,14,3.97,entertainment,0
2266.59,48,147901.66,18,23,17.19,grocery,0
7984.86,42,46423.54,13,12,22.69,travel,0
2656.36,32,137559.63,11,10,2.38,electronics,0
6020.51,18,31095.38,23,20,62.99,electronics,1
3615.06,51,79041.21,19,15,3.91,utilities,0
4211.07,36,62407.45,15,15,21.52,utilities,0
6740.72,29,51131.11,15,10,28.1,travel,0
4279.14,26,54377.25,14,15,2.62,travel,0
4784.24,27,127435.9,21,12,17.12,travel,0
11193.68,39,30644.46,14,9,12.14,electronics,0
2896.02,18,46675.85,11,13,16.89,entertainment,0
8291.78,29,61041.68,14,18,12.87,utilities,0
3613.07,18,70091.46,13,12,2.66,travel,0
14237.92,48,48799.11,19,14,16.9,grocery,0
4835.55,56,65028.71,14,15,7.24,entertainment,0
3182.58,34,69050.57,15,16,16.16,utilities,0
4193.62,34,55560.91,12,13,25.26,entertainment,0
1126.67,25,95759.91,11,14,17.56,grocery,0
4555.61,47,68355.59,13,14,16.14,utilities,0
6764.36,39,75674.77,17,14,16.12,electronics,0
6497.54,50,35422.78,12,14,2.61,travel,0
12301.14,38,40030.64,10,10,33.97,electronics,0
2672.05,19,70058.59,13,15,20.37,electronics,0
4997.07,38,73318.87,15,11,2.93,travel,0
2747.95,23,64941.31,35,12,20.37,electronics,0
9706.91,34,83696.33,14,12,6.1,utilities,0
1418.09,19,81464.43,14,9,21.37,utilities,0
14101.51,19,45575.84,27,8,47.12,electronics,1
7713.0,32,35766.31,12,20,17.84,grocery,0
1596.65,28,78180.98,13,18,13.74,utilities,0
10017.47,20,71763.67,14,11,15.29,travel,0
14332.71,44,69261.67,37,2,15.88,grocery,1
7103.71,23,88286.72,10,18,7.99,travel,0
2482.05,42,38077.77,14,9,3.89,travel,0
3905.91,22,72069.78,16,17,17.38,travel,0
13465.75,18,35403.84,25,2,111.78,grocery,1
4624.99,26,27552.13,36,14,29.88,grocery,1
2607.79,35,94775.86,15,11,3.67,utilities,0
5368.05,45,26333.89,36,5,27.05,travel,1
3582.63,25,163871.91,18,13,17.73,grocery,0
5598.91,23,42672.07,18,14,20.91,electronics,0
3216.76,29,97327.2,16,11,18.71,travel,0
5550.96,43,89472.84,16,14,11.67,grocery,0
6603.8,33,40330.45,13,13,0.0,electronics,0
2217.95,44,74410.23,14,10,15.17,utilities,0
2011.22,24,29103.46,19,18,31.61,electronics,0
1789.15,18,93095.15,15,14,18.09,utilities,0
1586.52,40,75437.56,14,20,34.09,grocery,0
12568.63,36,148378.04,20,11,12.91,electronics,1
3610.28,26,106253.87,21,21,2.43,electronics,0
5241.36,39,75976.83,18,13,5.68,travel,0
14336.45,18,34401.68,20,11,7.88,travel,0
21371.18,42,126538.55,13,13,17.74,entertainment,0
3604.29,36,71476.32,23,8,4.03,electronics,0
4036.76,26,88929.79,20,11,12.14,electronics,0
2136.64,24,85809.45,13,16,1.39,electronics,0
7495.56,37,181325.0,18,23,9.29,utilities,0
6015.18,23,68644.24,13,10,3.75,grocery,0
9177.3,26,21040.97,14,13,13.34,utilities,0
7132.11,18,66619.37,15,12,7.17,electronics,0
6611.08,23,58663.13,13,14,2.04,travel,0
14681.92,49,23507.73,22,13,16.81,electronics,0
15801.22,40,83617.75,14,12,15.09,utilities,0
8851.24,18,71785.04,21,17,38.39,utilities,0
7163.53,42,58995.14,15,18,21.15,entertainment,0
3328.84,31,60298.26,15,15,15.15,grocery,0
3829.45,47,60752.24,11,12,4.76,utilities,0
7991.86,22,36103.09,13,13,6.3,travel,0
4445.61,24,45604.0,10,7,13.99,grocery,0
2182.64,23,35889.66,10,9,8.89,electronics,0
4853.15,25,162921.91,28,17,2.44,electronics,0
4557.59,23,112014.09,25,9,15.0,travel,0
4852.85,40,32983.03,11,16,0.74,travel,0
4955.32,28,127940.22,18,15,7.04,electronics,0
2946.91,22,41126.93,18,9,24.96,travel,0
4542.17,20,59440.83,14,23,41.6,utilities,0
14459.25,40,42872.2,32,16,31.28,travel,1
2404.25,32,250742.25,13,11,26.53,utilities,0
3340.49,29,64176.91,12,10,19.8,entertainment,0
21462.62,28,31236.5,29,2,102.45,electronics,1
8982.75,18,32119.53,28,1,61.7,travel,1
7657.73,18,72770.6,14,10,13.06,utilities,0
1160.14,30,148773.3,18,15,7.0,utilities,0
4372.03,18,110895.71,13,13,16.06,entertainment,0
4997.37,46,85005.2,10,23,12.72,utilities,0
7071.9,36,30566.25,12,9,15.13,entertainment,0
4038.83,26,42873.9,15,14,4.17,utilities,0
10271.37,50,19260.56,16,19,23.4,electronics,0
3112.29,36,90427.13,19,12,3.4,entertainment,0
6655.93,24,40868.77,13,16,20.81,travel,1
4502.11,23,65889.21,14,19,9.17,electronics,0
8078.43,49,27127.81,14,22,17.68,utilities,0
8220.17,42,111378.65,18,12,4.94,electronics,0
5949.02,19,188796.15,15,12,13.73,utilities,0
3109.75,33,86244.53,13,14,10.81,travel,0
2891.65,30,165287.1,14,10,0.62,grocery,0
3197.38,33,54402.86,19,11,15.38,grocery,0
2243.81,34,106096.06,13,18,13.46,electronics,0
12235.05,37,70073.36,13,10,9.83,travel,0
12861.35,50,33987.9,16,16,0.0,electronics,0
2071.42,18,75870.81,10,14,15.39,travel,0
4140.92,37,67414.01,14,17,3.61,entertainment,0
2678.75,26,79767.79,14,14,0.04,electronics,0
1994.66,26,120685.03,14,18,2.92,utilities,0
10797.49,23,36758.04,13,15,1.31,grocery,0
13797.02,18,61257.55,28,3,39.34,grocery,1
2009.51,43,23980.62,13,13,0.95,grocery,0
11340.03,32,81336.62,29,20,29.84,utilities,0
1906.43,30,80204.2,13,21,12.83,utilities,0
8579.3,55,174190.7,11,16,2.51,electronics,0
3205.4,29,72078.26,14,15,1.77,travel,0
5693.89,19,36428.11,15,14,13.26,utilities,0
6348.68,24,29010.03,11,17,11.56,grocery,0
3802.32,30,43542.48,20,11,9.47,travel,0
10302.78,31,71340.43,19,13,16.65,grocery,0
7881.38,18,26716.55,23,8,38.18,grocery,1
4248.9,39,70424.83,14,15,10.88,electronics,0
1967.38,25,107166.55,13,12,4.18,entertainment,0
5920.04,48,85435.21,16,11,13.75,utilities,0
16841.8,41,98365.69,15,15,14.91,travel,0
2662.9,23,183548.36,12,16,11.1,electronics,0
4932.4,33,46678.49,18,18,14.74,grocery,0
1777.55,24,53832.33,17,16,34.19,grocery,0
1714.36,26,88084.63,24,18,6.8,electronics,0
5601.33,30,48553.09,13,10,1.8,grocery,0
8499.23,26,43541.32,21,12,21.11,grocery,0
7280.86,33,44699.78,12,13,15.23,travel,0
9926.88,24,41619.65,10,5,23.09,entertainment,0
8699.16,48,56362.19,13,15,6.41,grocery,0
9878.27,18,20339.04,11,18,1.07,electronics,0
11701.97,18,142205.54,18,10,14.32,travel,0
4087.64,33,77854.51,16,11,2.7,travel,0
4824.49,51,75411.37,13,16,6.65,electronics,0
10009.38,21,19080.18,28,7,84.74,travel,1
7494.84,24,96024.45,13,9,12.8,utilities,0
1865.82,25,26134.42,14,12,1.61,electronics,0
10037.31,35,98837.38,25,2,83.84,grocery,1
4534.34,45,86014.7,16,13,28.22,entertainment,0
2936.26,36,37087.07,13,14,13.69,utilities,0
26477.23,28,58498.38,24,4,31.18,electronics,1
10776.49,24,59899.77,23,2,38.86,electronics,1
3310.01,33,46109.37,12,19,0.44,grocery,0
1646.14,31,51661.67,13,15,6.45,grocery,0
3960.94,28,144555.79,14,18,8.82,utilities,0
6728.44,27,26110.84,17,20,3.2,utilities,0
2766.89,18,52900.27,10,9,11.72,electronics,0
3880.81,32,33557.91,19,12,3.68,electronics,0
2317.47,35,112831.29,16,13,19.89,grocery,0
3432.01,21,79164.49,14,19,15.59,entertainment,0
2648.29,30,54740.48,9,14,34.99,entertainment,0
750.78,30,44580.6,13,15,0.0,electronics,0
3052.65,27,92705.77,16,12,17.65,utilities,0
3897.45,19,61558.4,16,13,27.18,travel,0
6655.22,24,64686.77,9,14,1.88,entertainment,0
1421.91,20,168636.6,14,17,4.03,grocery,0
3821.68,52,100416.36,14,17,4.63,electronics,0
3901.94,34,87857.88,13,12,0.59,electronics,0
8199.91,49,72915.13,16,18,5.57,electronics,0
2562.85,25,88443.59,13,18,10.93,utilities,0
14861.53,30,74397.06,14,14,3.75,travel,0
7787.22,29,38600.94,11,11,20.08,utilities,0
1813.73,18,48019.0,17,8,11.0,utilities,0
8899.7,45,81277.98,13,13,3.73,grocery,0
3884.74,42,25672.81,13,16,1.36,entertainment,0
3151.44,25,193962.3,18,14,0.85,utilities,0
4189.67,33,47692.06,13,12,3.69,travel,0
6551.41,31,46666.36,18,13,9.76,grocery,0
5499.82,30,57096.44,12,18,8.23,utilities,0
3390.55,55,35741.81,14,14,3.03,utilities,0
10340.73,33,38461.71,12,10,14.31,travel,0
6541.17,36,63047.23,21,4,21.5,travel,1
6756.61,24,48317.8,13,16,7.29,entertainment,0
9990.19,27,212310.02,13,11,30.48,travel,0
2217.17,34,62821.26,18,9,17.15,entertainment,0
4860.82,21,62180.03,23,5,87.95,travel,1
3588.83,48,124552.29,12,10,8.91,travel,0
14976.03,45,51952.76,13,19,11.75,entertainment,0
4075.39,26,33132.43,14,10,4.52,entertainment,0
6123.08,64,86422.38,12,10,20.02,travel,0
3945.62,30,30075.5,11,14,40.2,entertainment,0
13889.74,18,55898.09,23,9,16.75,travel,1
6010.57,19,54857.75,22,9,8.19,travel,1
4038.7,46,36771.69,19,20,7.63,electronics,0
3025.23,29,105809.78,13,11,15.03,travel,0
12404.52,47,57595.8,21,15,16.45,utilities,0
12248.34,27,96555.38,11,10,30.1,electronics,0
35938.37,44,57814.36,25,5,106.1,grocery,1
3331.36,21,68489.7,13,11,8.38,travel,0
12881.87,29,41605.44,20,17,8.16,entertainment,0
1316.31,26,141676.19,12,12,16.63,grocery,0
8941.51,18,98058.57,34,3,55.01,grocery,1
4354.97,39,82986.66,10,19,15.85,entertainment,0
5375.87,46,37113.07,14,15,27.1,entertainment,0
29752.86,37,36460.87,22,7,3.37,travel,0
3560.48,22,59547.44,12,17,5.21,electronics,0
4029.35,20,39274.6,14,11,3.59,electronics,0
4880.72,27,10801.47,10,17,33.02,grocery,0
3331.64,35,58608.6,13,12,0.74,utilities,0
8509.31,39,21927.29,19,21,7.56,utilities,0
3456.33,33,47604.9,14,10,12.73,utilities,0
2610.45,39,76756.4,20,11,4.04,travel,0
3658.98,30,176706.25,13,9,0.0,grocery,0
4111.49,34,54348.88,11,11,4.11,travel,0
5761.39,29,65757.63,13,13,27.88,travel,0
3312.77,31,78538.42,14,13,32.24,electronics,0
5697.24,36,44764.68,13,22,19.94,entertainment,0
12822.67,40,90226.57,14,14,17.31,electronics,0
4930.46,31,80052.08,11,18,4.78,entertainment,0
2903.21,49,44829.02,19,10,3.79,grocery,0
8357.1,38,36833.94,33,19,21.36,electronics,1
5568.09,34,33659.89,23,2,9.72,travel,1
2332.31,18,35125.24,18,11,2.69,travel,0
1421.98,30,71126.49,13,10,2.83,electronics,0
13288.84,25,31860.43,11,9,2.65,travel,0
11370.64,29,19710.82,33,1,31.64,travel,1
1715.19,32,43957.39,13,13,19.68,electronics,0
2223.23,39,50123.56,14,10,8.29,utilities,0
742.57,46,139983.75,21,17,12.26,grocery,0
3861.09,33,91202.17,21,11,18.96,travel,0
6588.65,32,34698.22,27,12,115.0,grocery,1
3785.37,44,43853.81,13,8,2.37,travel,0
1563.6,45,196531.88,14,17,3.5,travel,0
1540.55,20,34251.49,10,11,3.99,grocery,0
4410.82,33,108494.85,14,17,3.04,entertainment,0
3589.98,24,40017.9,14,13,16.8,grocery,0
3128.5,28,70340.54,14,21,1.9,travel,0
1872.72,28,57109.85,19,15,12.11,electronics,0
4447.72,25,27855.66,13,11,1.91,entertainment,0
3041.99,45,238546.05,17,22,24.65,grocery,0
13246.18,31,23473.54,23,1,16.0,travel,1
7259.87,49,37627.1,14,15,29.41,utilities,0
5352.33,32,16022.62,13,13,6.2,travel,0
6501.26,30,35169.81,30,16,45.4,travel,1
2959.54,41,62477.57,14,16,2.65,electronics,0
9946.19,48,163465.2,14,11,19.92,utilities,0
2658.39,27,85939.55,13,8,7.41,utilities,0
5113.13,33,79007.3,18,17,15.1,electronics,0
2056.55,53,144545.85,14,14,3.77,grocery,0
9235.49,39,115515.69,17,15,6.6,travel,0
2657.16,19,72499.41,14,16,29.82,grocery,0
1927.23,27,26765.36,18,9,25.51,grocery,0
4893.88,44,66735.78,18,16,4.09,electronics,0
2530.12,18,223445.26,11,13,17.8,utilities,0
2861.64,39,42531.22,14,14,13.42,utilities,0
2547.49,53,37339.14,19,12,15.2,grocery,0
2497.39,23,304509.27,14,15,15.89,utilities,0
1758.06,29,58941.06,14,15,2.98,grocery,0
7305.8,46,25430.12,35,14,23.62,electronics,1
2811.41,45,89598.11,14,15,18.44,entertainment,0
2917.05,25,75063.82,11,3,2.53,utilities,0
1671.59,34,109702.11,10,16,2.82,grocery,0
3027.33,22,55637.34,11,10,11.02,travel,0
7965.7,31,179231.2,10,7,2.69,entertainment,0
3183.93,29,115666.08,14,15,1.02,entertainment,0
7951.27,45,255746.73,10,15,7.18,utilities,0
4831.61,28,46895.09,11,16,2.38,travel,0
5007.79,19,35641.14,11,19,18.21,entertainment,0
12704.05,18,44395.35,13,16,11.63,utilities,0
7283.69,27,57125.53,14,17,7.21,electronics,0
2884.34,51,44367.47,13,15,8.21,utilities,0
2387.28,18,69742.54,13,12,2.98,travel,0
3866.03,35,90970.4,13,13,4.27,grocery,0
16324.55,28,90634.43,7,13,7.38,entertainment,0
3523.95,34,122418.14,11,8,14.21,entertainment,0
3995.51,33,63964.16,20,18,13.83,utilities,0
3322.46,25,44633.29,13,10,1.26,electronics,0
4082.7,34,96372.59,14,7,9.49,entertainment,0
2249.96,30,62091.06,15,9,12.98,travel,0
9704.51,18,92400.32,14,14,12.99,electronics,0
24866.41,23,62424.19,18,8,6.89,electronics,0
3523.93,38,48369.2,11,12,18.27,electronics,0
8060.0,20,116477.29,16,14,16.67,entertainment,0
6642.83,19,61016.44,13,19,33.35,electronics,1
3884.74,27,75898.46,13,12,13.52,utilities,0
2896.07,39,27326.84,11,18,15.14,utilities,0
7085.95,20,126457.05,28,16,31.07,electronics,1
2436.57,25,166009.35,13,13,2.94,entertainment,0
2169.51,33,50131.52,14,13,24.32,travel,0
4623.5,22,56476.71,11,11,1.42,travel,0
4667.69,22,76152.58,23,10,19.17,electronics,0
9338.43,26,19650.0,20,16,3.31,grocery,0
11904.86,39,54883.24,23,1,26.61,electronics,1
7192.94,44,93249.08,10,16,2.95,utilities,0
3739.29,25,29454.9,18,14,5.84,electronics,0
1694.3,28,39519.79,14,16,2.24,grocery,0
5458.45,18,61611.68,22,9,6.47,travel,0
3043.85,31,166521.03,12,15,29.85,grocery,0
4366.85,19,77472.73,12,21,0.71,electronics,0
2056.16,26,92497.69,14,12,15.64,utilities,0
8742.37,30,30305.05,18,15,15.17,travel,0
2784.56,28,24030.1,14,16,2.86,grocery,0
9941.69,25,48079.43,18,14,9.08,utilities,0
3488.64,33,43994.98,19,8,0.51,travel,0
4974.76,18,74412.13,15,13,28.6,entertainment,0
1935.31,28,25712.3,15,19,27.25,grocery,0
3503.82,24,50002.16,15,17,18.1,utilities,0
3413.74,18,70396.03,12,9,9.9,grocery,0
8030.64,27,27796.67,14,22,22.33,travel,0
7607.46,45,81016.32,14,21,9.28,grocery,0
8517.11,25,30799.24,25,14,121.52,electronics,1
4472.29,23,183820.73,14,9,20.3,utilities,0
3550.71,18,55687.92,13,12,2.15,utilities,0
783.77,22,86399.6,10,14,12.41,grocery,0
6191.47,34,49262.45,22,2,13.93,electronics,1
4067.51,23,27353.16,14,10,15.17,utilities,0
9661.74,34,41926.34,30,3,135.1,electronics,1
4957.63,29,22531.23,23,21,10.2,electronics,0
1081.96,23,88769.36,15,13,13.69,electronics,0
3683.08,52,77344.4,11,11,13.76,electronics,0
1669.31,27,69715.15,14,16,14.06,grocery,0
1698.56,33,34109.45,14,14,2.64,electronics,0
4349.01,39,138088.89,14,15,7.18,electronics,0
6947.77,23,30642.84,27,1,35.6,grocery,1
6333.36,42,53405.37,27,16,5.76,travel,0
4176.5,36,20472.85,11,17,16.66,utilities,0
6608.96,32,90898.41,13,8,2.15,electronics,0
2645.73,33,67197.08,14,13,19.67,utilities,0
2626.18,30,41047.33,20,7,7.43,entertainment,0
6770.42,33,54701.5,19,12,8.81,entertainment,0
5846.39,22,147555.8,13,15,7.92,travel,0
4352.6,27,101081.17,17,11,23.95,utilities,0
7818.96,22,61168.13,14,15,15.27,grocery,0
3106.53,19,97247.93,13,12,8.61,entertainment,0
5978.04,19,177486.07,11,15,11.32,electronics,0
2513.02,25,53769.05,14,9,2.16,grocery,0
3021.56,20,73535.95,13,10,6.27,entertainment,0
2260.69,47,84450.07,19,13,5.45,electronics,0
12714.88,18,29603.84,26,4,47.06,electronics,1
1939.55,32,338983.8,14,10,9.89,utilities,0
2533.27,28,101085.44,15,6,5.25,entertainment,0
3200.74,36,38730.77,13,18,19.2,utilities,0
9297.76,28,136521.38,13,8,14.92,entertainment,0
12920.84,30,67062.32,22,17,1.79,grocery,0
4641.98,38,62443.81,20,22,5.78,grocery,0
10477.14,19,33783.21,18,12,14.95,utilities,0
7684.59,27,171380.31,12,14,3.66,travel,0
7998.11,37,67611.83,13,17,0.45,electronics,0
7190.31,35,105473.69,31,17,7.31,electronics,0
14677.63,24,33021.68,20,6,75.21,travel,1
9566.2,35,119452.17,13,12,3.3,entertainment,0
1414.6,28,57527.61,14,19,7.9,utilities,0
2441.86,40,89106.25,14,12,14.91,electronics,0
4025.75,47,57463.05,8,11,1.37,travel,0
3033.42,33,42808.94,17,14,0.95,entertainment,0
19779.93,50,35032.37,26,3,17.5,electronics,1
7515.11,37,49557.54,14,15,18.55,entertainment,0
8859.82,29,65889.0,13,12,19.83,electronics,0
7068.7,34,215141.78,10,11,35.74,entertainment,0
5262.69,27,49555.56,12,15,13.79,utilities,0
2094.82,52,22726.02,11,13,10.9,entertainment,0
5370.18,19,102121.05,14,16,6.15,utilities,0
9604.84,22,49005.14,12,7,26.84,electronics,1
3461.16,35,50880.17,8,10,22.31,travel,0
6826.63,24,72346.18,21,2,40.42,electronics,1
5004.95,21,67965.12,30,8,30.11,electronics,1
3836.56,51,37006.94,17,18,9.54,electronics,0
6070.59,18,132727.72,20,12,33.87,travel,0
7393.57,46,42111.07,35,4,17.45,electronics,1
7702.62,32,82639.46,9,17,5.41,entertainment,0
2377.0,31,74690.05,11,10,25.67,travel,0
4837.97,30,71018.45,15,18,7.94,grocery,0
3902.46,26,33166.67,28,15,26.21,grocery,0
10894.57,43,56820.98,22,6,8.0,travel,1
5917.44,46,131489.1,13,16,18.38,entertainment,0
4036.69,23,32759.89,14,0,23.93,utilities,1
5427.43,18,69176.8,25,11,29.25,electronics,0
6502.04,25,77738.56,22,5,117.5,travel,1
2230.76,34,44147.21,12,20,17.77,grocery,0
2046.58,19,95809.3,15,16,3.59,entertainment,0
3362.5,39,139769.27,19,18,18.84,travel,0
4114.82,26,126640.23,16,15,19.48,utilities,0
10454.78,20,109630.18,14,12,13.84,entertainment,0
4801.73,32,60807.36,20,10,16.22,travel,0
5743.58,35,18890.57,14,8,2.17,electronics,0
15337.95,26,25945.24,18,13,21.96,travel,0
2034.41,59,15531.06,14,12,12.46,utilities,0
4486.16,45,85063.71,12,18,1.23,electronics,0
4507.37,36,37099.95,14,15,14.92,utilities,0
6010.23,42,34131.2,13,12,19.89,electronics,0
6160.28,42,64880.74,20,8,17.91,electronics,1
2848.3,24,39206.14,13,10,1.05,utilities,0
10529.52,28,103711.06,8,14,12.36,entertainment,0
8409.61,20,137518.67,12,13,23.39,utilities,0
3127.79,42,136716.73,14,8,15.13,utilities,0
22758.48,36,90944.26,20,10,2.74,travel,0
4716.0,29,48538.49,21,16,0.03,electronics,0
6311.44,27,159624.83,13,14,9.82,electronics,0
4975.92,45,55656.3,13,17,4.06,travel,0
7732.68,28,73375.63,17,11,19.13,entertainment,0
5992.14,31,79259.79,13,12,12.97,travel,0
3787.43,32,30591.29,29,7,26.55,electronics,1
9598.11,21,51812.35,30,15,3.95,travel,0
19677.17,18,85520.21,15,16,3.56,travel,0
7131.21,21,96762.43,27,19,0.8,electronics,0
3502.91,18,106832.67,11,12,14.33,travel,0
2270.68,41,100705.41,14,11,2.18,electronics,0
11584.03,19,77383.22,25,11,15.67,electronics,0
3257.13,24,52438.03,7,14,1.41,travel,0
9512.58,25,58414.12,13,14,14.23,grocery,0
2451.11,50,39696.7,14,8,16.09,entertainment,0
2282.93,27,51037.42,13,13,17.77,utilities,0
7068.05,22,31939.41,13,11,7.79,travel,0
5687.85,26,83398.99,17,14,11.9,travel,0
4999.61,53,88705.92,10,13,8.83,electronics,0
3444.96,18,93787.82,14,16,2.25,utilities,0
2263.81,48,57951.38,18,11,3.44,utilities,0
11179.44,19,62018.49,18,18,17.5,utilities,0
2668.22,32,102054.36,14,13,8.8,grocery,0
7785.01,57,46125.47,20,13,7.55,entertainment,0
9339.66,33,46054.11,33,9,1.27,electronics,0
12648.57,33,36731.5,20,15,1.96,travel,0
1536.53,26,41626.57,13,12,2.08,utilities,0
6452.98,28,157108.34,20,11,11.28,utilities,0
3020.79,37,76222.18,26,9,19.64,electronics,1
7626.81,49,75504.32,10,12,1.24,travel,0
1019.33,35,200633.82,12,12,25.53,utilities,0
10949.34,31,156088.32,28,10,26.23,electronics,0
14743.9,34,122020.18,29,4,88.87,grocery,1
2448.17,35,30382.25,12,12,15.69,travel,0
4324.68,30,223512.42,10,16,5.51,travel,0
4600.2,33,57269.81,20,17,7.58,travel,0
8552.81,27,82587.52,19,6,5.2,utilities,0
4051.84,30,37374.87,18,11,19.23,entertainment,0
904.85,29,45325.72,13,11,27.57,grocery,0
6715.06,34,55959.14,13,12,26.94,entertainment,0
2913.21,24,86864.66,13,23,15.15,utilities,0
9500.11,18,124560.89,21,9,7.97,utilities,0
2808.15,25,44120.71,13,18,8.44,entertainment,0
1872.98,46,204616.55,15,11,9.72,travel,0
12042.19,43,31517.55,25,17,8.74,electronics,1
10579.58,19,32501.7,20,5,91.6,grocery,1
29584.79,18,100933.75,27,2,43.71,grocery,1
4956.19,22,163606.86,10,11,21.86,utilities,0
1908.9,23,41348.28,21,9,13.86,electronics,0
2436.48,26,121567.89,13,20,0.24,electronics,0
5398.41,25,47109.93,13,16,14.69,entertainment,0
6396.25,30,43500.94,17,10,119.17,electronics,1
2566.22,24,102261.98,13,12,17.46,utilities,0
3346.03,40,51124.97,9,12,5.46,travel,0
2306.45,25,67088.21,13,8,7.75,entertainment,0
7852.71,40,69924.16,18,14,14.62,utilities,0
3003.21,30,63368.16,23,16,1.07,electronics,0
6043.47,19,311915.59,12,12,16.84,electronics,0
2844.0,32,45284.37,10,15,7.4,travel,0
2737.67,32,146270.8,13,9,13.85,entertainment,0
2548.11,31,80305.24,14,12,1.67,grocery,0
1884.95,51,316488.45,14,9,1.54,utilities,0
11547.1,33,73795.1,12,9,10.43,entertainment,0
10125.38,30,159761.0,14,12,20.15,travel,0
6051.27,32,40459.85,14,12,3.71,travel,0
6496.29,23,64598.89,15,14,12.03,utilities,0
21363.53,29,26990.85,22,5,19.94,electronics,1
10847.83,27,45771.44,12,14,23.06,travel,0
5538.13,30,36443.01,22,1,47.67,electronics,1
3554.27,23,121762.07,14,17,7.48,entertainment,0
1949.87,31,81210.77,12,19,1.89,utilities,0
9757.67,34,23578.07,14,8,17.73,travel,0
3661.28,24,71149.91,13,10,3.32,travel,0
15695.63,29,77874.96,19,13,16.72,travel,0
2616.84,22,31815.6,10,13,10.73,entertainment,0
5206.8,32,58874.12,9,20,31.04,travel,0
9603.51,31,230163.97,18,17,9.02,utilities,0
5514.51,23,84920.23,9,14,6.0,utilities,0
2964.64,25,61809.01,12,16,14.2,entertainment,0
1955.35,19,79649.16,15,14,9.48,utilities,0
2038.99,46,28970.63,10,17,1.28,utilities,0
4516.88,21,67171.34,18,8,10.61,utilities,0
4110.93,24,71797.12,13,12,3.72,utilities,0
11473.5,49,71293.26,21,11,30.27,utilities,0
2003.09,32,86383.12,16,8,4.65,electronics,0
1682.78,18,18310.24,12,10,9.48,utilities,0
4006.36,27,65980.91,21,20,12.05,utilities,0
3147.7,35,99441.79,14,13,3.22,utilities,0
3588.47,33,29013.24,14,14,3.56,entertainment,0
15582.92,30,21437.48,13,12,4.11,travel,0
5796.37,47,57143.05,23,16,3.89,utilities,0
5449.96,19,63744.39,14,13,11.94,electronics,0
1150.06,47,213688.72,15,15,15.2,utilities,0
5488.94,29,49660.72,20,10,18.68,travel,0
6315.77,18,208654.98,16,12,35.71,entertainment,0
2509.59,28,136196.97,15,12,14.68,grocery,0
8079.69,25,101076.28,14,12,4.04,utilities,0
2653.15,33,81537.6,7,19,5.95,electronics,0
2487.26,20,78350.42,12,17,8.57,travel,0
2892.48,30,74344.9,18,12,11.93,grocery,0
1934.2,22,106288.73,13,20,13.29,grocery,0
7475.23,35,20167.62,11,15,5.12,entertainment,0
882.71,25,35326.07,14,11,24.12,electronics,0
3807.93,37,93886.51,13,12,4.23,electronics,0
2068.55,51,91424.19,13,13,16.6,grocery,0
14353.84,22,70943.38,34,12,74.38,electronics,1
2152.82,30,40594.51,20,14,10.7,grocery,0
3459.13,23,106528.2,11,12,10.86,utilities,0
5283.37,19,30793.74,21,16,2.1,electronics,1
1828.79,18,71011.05,13,17,22.87,travel,0
5046.97,22,98289.32,14,14,3.77,travel,0
2727.06,18,37286.05,13,12,2.65,electronics,0
2268.74,48,65711.11,18,8,18.09,utilities,0
8580.65,19,25706.35,21,8,9.24,electronics,0
4133.81,32,30988.33,18,17,15.36,travel,0
3049.72,34,76533.59,16,18,13.52,entertainment,0
2707.69,19,69727.66,14,15,22.06,entertainment,0
9337.37,21,35781.69,26,2,21.36,electronics,1
4516.57,42,27167.13,20,14,2.63,utilities,0
10434.0,25,52868.41,11,16,39.44,utilities,0
4173.54,48,59975.38,10,11,15.08,entertainment,0
5176.26,38,139689.8,20,10,6.55,travel,0
7292.27,20,113671.34,15,10,26.66,entertainment,0
3982.09,19,95629.65,19,11,1.45,entertainment,0
13814.1,18,125064.68,13,3,0.85,electronics,0
1933.52,30,31887.66,12,10,3.35,grocery,0
2662.11,51,240595.23,14,15,7.57,utilities,0
4997.39,52,61040.32,11,18,26.99,grocery,0
4680.06,45,76636.63,11,7,16.47,entertainment,0
1981.05,48,130612.48,18,14,2.07,travel,0
2270.73,26,29484.89,21,14,1.15,utilities,0
2882.99,18,191370.45,12,11,19.55,electronics,0
3560.74,23,130419.09,13,15,5.65,travel,0
1485.08,35,133021.75,13,12,1.96,utilities,0
1836.73,30,44874.27,20,9,30.08,travel,0
1811.96,27,95217.3,14,10,23.51,entertainment,0
8149.6,31,105626.77,28,19,23.43,entertainment,0
11765.07,45,72086.9,14,12,19.36,electronics,0
2817.76,32,42873.47,16,17,32.02,utilities,0
4639.85,24,46259.73,14,13,3.2,electronics,0
2675.06,25,48651.76,15,13,6.93,grocery,0
8626.43,20,63903.6,10,20,20.44,entertainment,0
2039.88,29,142225.02,18,16,2.75,electronics,0
7240.25,28,33465.05,22,0,19.06,travel,1
6942.57,21,57128.73,15,13,8.45,travel,0
1313.35,51,95612.38,14,10,9.76,utilities,0
6229.05,32,63890.46,15,12,13.77,utilities,0
2230.37,43,42422.92,30,4,27.05,electronics,1
10649.64,18,70630.09,23,11,20.56,travel,1
2162.47,30,25904.59,12,11,2.28,entertainment,0
9896.48,35,38261.43,27,7,47.22,travel,1
10387.44,28,82435.66,17,17,10.22,electronics,0
4904.94,27,106881.93,14,22,15.95,utilities,0
1634.32,26,183660.28,17,16,15.29,grocery,0
5386.66,33,132895.36,16,12,1.35,entertainment,0
9127.1,41,86155.31,13,19,3.34,entertainment,0
7200.95,42,83720.41,8,12,8.98,travel,0
2993.65,46,70455.01,13,22,2.9,utilities,0
8748.4,39,31511.59,26,2,105.47,electronics,1
3183.74,29,128373.28,20,10,1.95,electronics,0
9014.26,25,72061.34,14,13,12.41,utilities,0
2789.4,18,128631.94,17,14,6.92,travel,0
5459.91,23,95759.7,14,15,22.0,travel,0
4306.3,21,30335.94,14,14,22.1,travel,0
2307.13,29,79776.42,11,13,2.01,electronics,0
3556.17,44,68840.53,14,14,17.31,utilities,0
7545.78,44,46042.16,13,13,2.39,entertainment,0
12194.2,33,159589.23,17,19,4.28,entertainment,0
4282.68,47,24139.94,12,12,26.26,entertainment,0
17125.32,24,45227.11,21,8,28.62,travel,0
12690.38,23,86591.68,15,15,18.8,utilities,0
2116.1,50,52599.37,17,13,5.93,grocery,0
8032.16,26,71327.38,14,11,22.33,grocery,0
3528.7,30,45161.1,18,14,1.27,entertainment,0
3037.13,37,39264.0,19,9,10.55,travel,0
9626.29,43,92507.5,14,14,17.28,entertainment,0
6335.63,29,136977.42,27,10,35.76,electronics,1
3714.77,42,77962.4,10,12,16.18,entertainment,0
7753.45,42,176885.82,14,9,8.44,electronics,0
15968.76,22,88808.27,18,17,1.58,travel,0
1798.02,34,69866.1,13,15,9.7,entertainment,0
8945.39,28,132382.89,13,16,27.34,entertainment,0
6690.15,31,185647.46,22,10,18.94,travel,0
7838.09,48,141969.46,13,16,15.51,utilities,0
3146.48,28,20043.65,15,13,10.59,grocery,0
3595.25,33,61794.91,14,23,9.44,utilities,0
4287.67,48,29201.44,17,10,3.69,entertainment,0
10763.5,40,28510.79,20,10,5.61,travel,0
6981.36,38,69038.46,38,4,24.1,grocery,1
6390.69,35,135622.29,9,12,17.79,electronics,1
3257.61,47,70198.91,9,13,25.99,utilities,0
9513.78,48,179218.38,11,14,1.46,utilities,0
10937.22,31,112652.16,21,13,5.8,travel,0
9219.8,18,72155.51,12,13,2.2,electronics,0
2788.9,36,65988.74,20,10,29.95,electronics,0
3570.22,42,162780.79,11,16,7.58,entertainment,0
3558.85,46,28620.79,6,14,12.26,grocery,0
9243.88,42,17342.19,25,3,135.56,electronics,1
3965.74,44,112044.33,8,13,12.38,travel,0
15713.83,19,145149.46,11,13,2.81,entertainment,0
5156.2,40,47891.06,15,15,10.85,travel,0
3626.49,28,41165.08,15,14,1.36,utilities,0
10621.37,32,45190.08,18,13,22.76,electronics,0
3067.31,20,143103.16,16,7,1.86,electronics,0
3703.35,31,48383.42,10,11,11.59,electronics,0
3632.74,37,67129.19,15,17,17.97,grocery,0
6137.45,44,58360.09,20,12,10.91,travel,0
3416.88,18,175951.86,14,17,14.71,utilities,0
1594.25,22,78641.94,11,20,2.46,utilities,0
9957.53,18,205702.93,13,13,12.45,travel,0
2887.77,30,81956.39,14,12,8.54,entertainment,0
2343.42,31,110998.81,12,15,5.75,electronics,0
2850.68,26,97677.0,16,15,2.96,electronics,0
16470.88,40,86827.35,13,11,6.84,electronics,0
1293.61,29,67260.84,14,15,2.94,grocery,0
7273.79,27,51323.98,25,12,11.68,travel,0
2406.75,37,82819.28,14,9,1.67,utilities,0
4724.69,23,72592.05,13,18,2.77,electronics,0
8042.7,23,41537.78,11,8,8.77,entertainment,0
2572.46,30,74882.74,9,21,5.7,electronics,0
11867.49,25,18833.76,13,17,7.86,electronics,0
5911.42,37,39571.85,14,16,5.37,grocery,0
6922.25,18,157633.74,21,15,22.43,travel,1
3643.83,42,50654.28,13,8,0.0,travel,0
3783.11,38,308054.06,18,14,2.63,travel,0
3470.14,21,91347.31,13,11,11.67,utilities,0
13980.04,32,26296.63,24,0,40.92,grocery,1
8201.97,29,49302.53,14,10,4.44,travel,0
12403.21,46,114634.56,11,13,3.03,electronics,0
33687.67,41,59310.82,31,3,118.08,electronics,1
13561.01,54,69449.46,16,15,16.06,utilities,0
5270.96,19,69610.6,10,8,58.62,electronics,0
2086.48,30,34101.42,14,15,16.58,grocery,0
4836.41,25,49206.47,16,10,9.93,utilities,0
2210.44,20,37579.47,10,15,1.18,utilities,0
10071.33,29,32260.37,25,10,9.61,travel,0
2758.48,18,81436.59,14,8,4.98,utilities,0
5065.97,34,49857.4,20,16,3.81,travel,0
4322.88,27,71776.12,12,13,19.02,utilities,0
5814.88,44,113286.62,13,11,4.72,travel,0
2516.81,47,96315.04,14,18,3.14,utilities,0
14975.29,20,99139.48,26,18,19.96,travel,0
4442.41,34,40753.37,17,14,0.97,travel,0
3241.07,41,49808.75,13,13,6.22,electronics,0
2831.4,36,178020.49,14,13,8.75,utilities,0
1263.59,34,180893.2,14,17,2.09,grocery,0
2654.8,21,86233.79,17,11,14.07,electronics,0
13502.12,34,20861.65,11,10,26.69,travel,0
3548.82,29,28482.74,14,11,3.84,entertainment,0
9623.71,24,63290.12,13,12,19.23,entertainment,0
2976.85,24,38507.94,17,16,20.89,electronics,0
19192.61,44,49032.94,19,16,12.53,electronics,0
7145.43,25,33206.41,20,13,15.61,travel,1
10392.4,29,72370.48,14,13,11.82,electronics,0
5764.51,42,25754.18,19,14,3.41,travel,0
1973.0,18,35854.34,16,15,28.47,grocery,0
6624.48,30,212341.06,12,17,16.01,electronics,0
3719.32,32,66212.26,12,11,12.02,utilities,0
2991.76,24,29520.38,18,15,2.54,grocery,0
1468.61,19,129096.15,10,10,1.94,entertainment,0
12984.98,21,13567.58,18,15,26.82,travel,0
5394.08,38,86545.66,24,6,98.59,grocery,1
1864.36,30,32985.93,18,14,4.59,utilities,0
8950.83,25,83684.46,28,13,24.73,electronics,1
2823.86,20,143368.17,14,13,18.38,travel,0
3192.58,28,39098.93,13,14,9.56,utilities,0
4103.81,43,18802.61,27,6,45.24,grocery,1
8777.1,37,47804.5,14,18,17.19,electronics,0
5026.02,46,18988.62,13,17,6.81,entertainment,0
12251.89,30,54783.97,18,13,0.0,electronics,0
7860.06,25,67601.67,18,14,3.45,electronics,0
5232.9,45,35568.07,24,11,37.67,electronics,1
18092.57,46,25748.42,15,14,2.42,travel,0
11963.75,36,83293.99,14,12,6.0,entertainment,0
3749.72,42,103872.96,11,11,2.73,entertainment,0
5942.77,35,127931.82,23,12,14.34,grocery,0
11280.31,44,48566.29,19,13,8.3,entertainment,0
10958.9,41,51201.89,13,9,18.07,utilities,0
2044.15,41,72326.96,11,15,8.83,utilities,0
6775.55,27,73030.63,11,12,19.52,electronics,0
2989.61,33,50238.25,14,13,2.67,utilities,0
6760.85,56,54942.3,14,15,4.75,utilities,0
3317.91,30,37626.76,14,17,9.53,grocery,0
6206.18,33,102019.05,15,10,1.74,travel,0
13527.77,34,42760.36,29,5,15.21,travel,1
2085.01,24,46468.68,14,12,3.26,grocery,0
1507.36,28,51256.01,14,17,3.69,utilities,0
6335.43,27,36461.95,14,12,3.21,utilities,0
6265.07,23,42545.07,18,13,1.67,utilities,0
4500.17,26,109032.3,15,9,10.79,utilities,0
2992.01,19,23637.35,10,16,14.61,electronics,0
4795.82,26,47757.55,14,7,8.19,entertainment,0
11261.52,31,175161.86,10,13,10.68,electronics,0
2576.54,19,86122.74,11,16,19.14,utilities,0
1151.05,22,35119.83,19,15,30.31,grocery,0
5317.62,18,37342.81,11,8,18.98,travel,0
9588.2,22,31566.23,14,18,24.96,travel,0
8147.68,21,54304.0,13,14,30.45,entertainment,0
1751.49,25,117062.05,15,13,3.26,utilities,0
1481.94,25,116797.92,14,10,1.74,grocery,0
2613.88,32,78844.98,16,11,27.77,utilities,0
3677.42,30,98735.52,10,12,1.43,travel,0
4617.22,33,78390.19,18,8,20.17,entertainment,0
2417.03,22,96411.71,17,10,9.43,electronics,0
3595.85,34,107899.12,13,10,19.89,travel,0
2965.22,29,124229.69,19,7,37.77,travel,0
7600.75,18,23320.71,20,13,8.64,travel,0
4455.95,32,35024.86,18,15,3.07,utilities,0
2784.2,35,77122.6,12,9,15.93,electronics,0
3206.31,21,112893.59,11,15,8.17,utilities,0
2191.79,18,202695.83,17,14,2.59,utilities,0
2057.86,52,48832.23,16,14,2.83,utilities,0
17614.94,42,89709.52,12,9,16.79,electronics,0
10443.81,25,65203.19,14,12,3.64,travel,0
1954.68,27,86271.4,13,16,13.48,electronics,0
3982.84,25,141003.79,16,9,13.66,utilities,0
6778.34,25,42934.59,13,17,23.84,electronics,0
1947.11,18,46946.63,15,22,15.98,utilities,0
2713.79,24,76795.69,12,14,9.38,grocery,0
2980.55,28,48772.15,12,21,24.58,travel,0
2486.78,28,65242.81,17,13,20.07,grocery,0
4121.07,23,78765.39,24,8,32.68,electronics,0
8553.33,21,152492.53,13,6,35.44,travel,0
2289.14,32,52980.36,22,8,33.52,electronics,0
3085.7,25,70005.47,13,11,3.2,entertainment,0
2262.5,24,71640.23,14,15,12.79,electronics,0
2828.7,43,82469.75,14,13,3.31,utilities,0
13545.32,18,71562.65,30,9,16.22,electronics,0
7067.09,24,31468.74,21,13,18.08,utilities,0
8956.53,42,24214.11,24,10,24.9,electronics,0
2245.55,37,47367.49,12,13,2.97,grocery,0
15346.67,40,107799.6,26,8,23.23,grocery,1
26289.73,23,26380.03,19,17,16.74,travel,0
1644.25,30,90309.06,14,19,2.59,utilities,0
1311.04,36,240270.65,15,10,8.41,grocery,0
13348.19,30,47708.81,12,12,13.81,entertainment,0
7004.85,43,37519.51,13,11,0.58,travel,0
4468.17,47,60646.84,14,14,7.16,entertainment,0
3446.75,19,66000.66,18,11,2.39,entertainment,0
4378.04,23,91599.81,12,18,3.06,travel,0
2577.88,31,35535.7,11,13,3.49,travel,0
5351.82,30,33078.73,20,10,6.64,travel,0
4066.72,27,139734.01,14,14,3.15,electronics,0
4379.67,19,46987.95,13,16,4.27,entertainment,0
8426.53,33,77798.72,13,23,26.09,utilities,0
5235.33,29,332096.7,12,7,0.6,electronics,0
6997.3,33,41381.23,18,12,4.19,entertainment,0
17349.41,36,38443.1,34,2,12.96,electronics,1
2935.1,18,50429.28,14,14,2.41,grocery,0
3630.24,34,63711.82,18,14,14.89,electronics,0
2679.08,19,69188.11,14,13,10.22,utilities,0
2939.43,29,54714.72,16,18,16.61,entertainment,0
6247.7,28,143404.39,18,10,1.14,travel,0
1538.45,45,75573.66,13,20,12.4,grocery,0
3571.98,30,72190.81,13,15,18.59,entertainment,0
8787.16,27,44605.35,14,10,0.66,utilities,0
1557.61,51,83159.21,15,10,2.54,electronics,0
3293.46,21,18660.67,21,11,15.72,travel,0
9268.53,43,36226.43,14,16,26.14,electronics,0
4812.66,35,36008.1,10,14,2.69,grocery,0
6737.46,35,435114.32,13,10,8.8,utilities,0
6805.67,21,113204.82,14,16,3.54,utilities,0
1751.55,34,213681.73,12,15,12.39,electronics,0
31856.28,22,34611.72,17,16,34.49,travel,0
21314.46,22,101538.33,29,0,77.32,travel,1
2223.68,36,37063.65,10,13,2.03,electronics,0
10927.19,21,191221.16,11,10,1.46,entertainment,0
2211.97,31,40170.87,13,13,16.12,grocery,0
2735.7,20,58010.82,12,15,12.08,grocery,0
4834.76,47,70647.46,14,13,3.55,electronics,0
3448.62,23,59046.35,13,21,8.27,entertainment,0
2836.0,22,36987.23,11,13,11.27,electronics,0
6809.91,20,172168.81,12,13,15.06,utilities,0
16990.38,19,74158.93,11,14,34.95,travel,0
11740.49,30,69078.09,14,16,17.92,utilities,0
2205.45,26,59654.55,12,11,3.68,entertainment,0
8951.05,29,57924.71,13,14,2.54,electronics,0
5369.61,39,32459.76,15,12,2.63,utilities,0
1981.16,18,54315.86,14,11,17.08,utilities,0
4772.93,32,34353.06,13,18,3.74,grocery,0
10081.74,26,40270.2,19,12,13.81,travel,0
3601.02,26,82083.67,12,14,13.91,travel,0
2582.74,48,64365.83,10,14,3.93,utilities,0
6063.57,41,29166.37,12,15,2.8,travel,0
2818.46,33,233440.91,19,16,4.17,travel,0
4048.59,18,85236.28,10,9,15.19,entertainment,0
5618.32,34,323840.4,14,6,20.95,entertainment,0
8308.29,30,84442.33,17,12,20.63,utilities,0
26117.62,34,59679.81,26,1,56.5,electronics,1
18715.82,18,27579.86,28,2,103.9,travel,1
2042.78,32,90641.06,20,14,11.91,utilities,0
4549.47,18,111318.5,13,10,1.58,electronics,0
5368.48,33,35096.16,13,14,10.25,electronics,0
3633.33,18,90621.99,13,12,0.71,utilities,0
4680.92,31,51299.94,22,12,30.29,travel,0
3173.28,30,48903.15,14,23,7.96,grocery,0
11711.43,46,232359.71,32,19,29.53,electronics,0
2517.39,32,41966.23,14,12,5.89,entertainment,0
2680.31,32,97634.83,14,10,13.97,utilities,0
6296.84,37,64976.53,11,8,9.05,entertainment,0
5857.18,31,44429.89,13,14,6.52,entertainment,0
25075.9,22,36245.15,28,4,103.14,electronics,1
2899.25,48,149458.43,11,11,3.5,utilities,0
3888.93,40,44716.08,13,11,2.32,entertainment,0
8744.07,44,165214.88,14,11,17.93,utilities,0
4563.72,37,59556.87,16,11,15.54,travel,1
10160.56,43,87443.08,14,12,22.13,travel,0
3423.76,38,34773.77,14,13,12.78,electronics,0
7775.69,18,64522.54,14,13,17.44,utilities,0
10115.86,34,42336.23,13,8,2.89,utilities,0
13044.63,36,57725.71,11,13,8.33,utilities,0
5538.58,25,33367.62,13,21,6.42,grocery,0
5176.02,35,50622.91,13,12,8.78,travel,0
2325.81,18,19910.51,22,19,28.2,entertainment,0
12624.67,42,65688.57,22,13,17.28,electronics,0
2218.21,27,121990.92,13,15,17.33,electronics,0
18473.94,23,59426.57,14,14,8.87,grocery,0
3859.21,29,76473.6,18,20,14.42,utilities,0
6250.7,25,35519.1,20,10,2.05,electronics,0
5145.97,22,69941.42,12,13,9.32,travel,0
8710.32,18,43170.21,26,4,19.06,travel,1
5074.21,47,24126.3,14,12,3.66,electronics,0
2552.58,30,28523.06,11,14,13.76,utilities,0
2752.41,52,43311.31,36,14,0.04,grocery,0
8016.62,25,37869.71,14,9,7.81,entertainment,0
1123.55,41,82741.87,14,12,7.0,grocery,0
13014.56,28,195611.27,10,18,23.9,utilities,0
4951.82,24,112842.06,18,12,24.88,electronics,0
3115.5,30,43730.48,14,17,2.81,utilities,0
9100.56,31,70736.54,13,12,12.23,utilities,0
4031.81,31,138853.16,13,17,17.54,entertainment,0
2631.88,40,35840.98,11,11,15.29,travel,0
2472.93,43,60595.95,12,17,3.6,utilities,0
2896.47,22,82834.43,14,12,2.48,utilities,0
7875.92,18,62614.9,13,14,3.36,electronics,0
9140.93,31,89417.88,36,0,88.34,grocery,1
6797.11,41,74627.93,24,10,28.61,electronics,1
2324.62,33,42632.14,21,20,4.62,grocery,0
20574.92,44,37390.48,13,10,2.43,entertainment,0
15121.46,23,32094.51,25,17,8.54,electronics,1
3260.06,28,52307.14,17,11,1.41,grocery,0
10181.84,23,19858.95,24,1,53.74,electronics,1
7571.61,26,53740.9,13,12,30.26,travel,0
5727.85,32,79523.35,20,12,15.21,utilities,0
2199.04,25,35568.67,19,15,5.69,grocery,0
2748.32,37,74893.14,13,14,2.25,travel,0
7195.16,44,83466.21,12,13,14.93,travel,0
3677.89,51,29451.76,27,11,28.23,electronics,1
2014.98,23,204565.13,13,17,7.61,electronics,0
2020.25,49,77292.22,13,18,6.3,entertainment,0
16996.92,30,46438.22,18,12,22.58,travel,0
2659.02,27,55562.03,13,16,2.8,utilities,0
4563.88,21,103958.71,12,15,27.72,entertainment,0
3725.02,48,40029.3,21,18,24.21,electronics,0
2835.63,66,74051.79,14,7,3.07,entertainment,0
2182.4,29,81343.2,18,14,3.3,utilities,0
10892.91,51,32255.76,12,12,5.94,utilities,0
2193.6,26,54612.8,14,11,16.31,utilities,0
9720.29,41,21199.32,19,20,0.4,grocery,0
3277.7,23,34714.86,23,13,1.74,utilities,0
4687.01,29,48319.51,17,22,8.41,grocery,0
4288.5,28,69141.34,14,16,9.79,grocery,0
12733.04,38,108232.53,12,10,25.82,entertainment,0
12209.6,29,37607.58,13,18,1.67,entertainment,0
7737.36,47,26387.1,14,21,15.78,utilities,0
1122.05,24,144883.73,17,11,21.34,electronics,0
3978.41,29,37044.37,15,20,20.82,utilities,0
4525.66,22,64459.67,17,9,20.26,entertainment,0
7638.23,32,235136.36,13,15,2.66,entertainment,0
6880.9,30,56698.3,21,17,15.61,utilities,0
3831.37,31,26819.91,22,17,3.93,grocery,0
2572.14,49,42208.88,13,8,25.26,utilities,0
8331.79,28,40071.64,18,14,5.69,entertainment,0
5167.11,28,92242.63,20,8,2.07,entertainment,0
11210.9,44,29016.28,38,16,5.51,electronics,1
19302.91,41,54100.15,28,1,104.32,electronics,1
2507.25,20,165217.7,15,11,2.7,entertainment,0
2668.61,29,97512.29,22,15,4.67,entertainment,0
5329.8,18,36492.82,37,4,92.33,electronics,1
7688.6,20,66972.08,20,13,37.29,entertainment,0
2788.37,23,43157.41,14,11,0.33,grocery,0
9585.82,45,70572.29,14,19,3.01,travel,0
5039.89,18,64885.63,13,11,3.51,electronics,0
3498.86,25,28779.46,12,15,11.65,utilities,0
3113.76,27,59691.03,13,13,7.39,utilities,0
1625.47,23,67940.08,15,20,13.08,utilities,0
3561.12,29,80375.14,13,15,18.7,grocery,0
2345.15,36,47421.72,14,11,16.3,utilities,0
2431.72,32,90351.3,13,13,12.08,electronics,0
2084.81,21,59780.66,14,12,28.49,travel,0
2551.05,30,39135.35,13,11,0.2,entertainment,0
5850.84,28,18112.34,16,12,3.81,utilities,0
6536.73,25,46493.24,13,12,9.2,grocery,0
3537.75,45,84605.03,13,11,30.29,entertainment,0
2295.49,44,42046.05,14,10,2.56,utilities,0
7603.6,44,31541.94,21,6,8.33,travel,1
7616.49,23,79159.34,22,3,3.06,travel,0
7738.55,34,44248.86,19,22,8.61,utilities,0
14965.97,49,48752.31,12,12,12.52,utilities,0
6574.73,25,105920.85,14,20,1.68,grocery,0
2747.63,26,30601.0,13,10,14.64,utilities,0
11300.33,34,81950.65,19,12,30.31,entertainment,0
8496.73,21,27732.99,11,20,9.04,electronics,0
7876.82,49,43542.76,14,14,14.64,entertainment,0
4655.52,29,100920.82,20,16,16.32,electronics,0
2058.21,43,41779.87,13,12,33.32,entertainment,0
7616.37,26,62574.39,15,20,16.99,utilities,0
6381.25,33,36751.86,19,15,11.52,grocery,0
1638.8,37,26757.43,14,10,1.62,utilities,0
3723.66,33,30122.68,14,14,7.09,grocery,0
2941.53,44,70093.84,14,15,10.09,utilities,0
9379.08,42,46210.2,20,12,16.32,utilities,0
1020.81,18,121213.13,15,18,21.93,entertainment,0
7785.22,30,21773.15,12,21,18.94,grocery,0
26886.58,33,54665.03,13,18,9.13,entertainment,0
11040.53,22,88379.44,13,9,29.08,travel,0
6080.38,22,36444.72,24,18,9.89,travel,0
2111.07,28,26470.78,29,21,3.05,travel,0
5130.54,18,86688.49,20,22,7.62,travel,0
8910.42,30,55029.35,18,21,7.28,grocery,0
7445.21,29,69209.66,26,3,23.6,electronics,1
1064.46,37,76161.83,13,17,1.07,grocery,0
3614.2,25,77666.13,13,14,17.24,utilities,0
2641.46,18,28184.62,20,11,1.26,electronics,0
2581.19,29,69359.25,12,12,9.19,utilities,0
2517.03,27,63804.79,20,14,26.84,entertainment,0
5973.23,26,148260.72,23,20,12.63,electronics,0
3188.07,23,61009.99,12,8,13.71,utilities,0
7184.48,47,42936.02,14,19,12.25,grocery,0
3671.94,50,81144.84,15,21,8.6,electronics,0
2105.71,28,27587.9,14,16,25.62,entertainment,0
2737.89,31,188865.81,15,11,3.0,electronics,0
2547.29,26,26957.83,12,14,25.69,grocery,0
2534.4,34,216973.01,20,16,27.04,entertainment,0
6103.8,24,32977.85,28,0,71.42,grocery,1
1822.88,19,53482.56,11,13,29.55,utilities,0
2963.21,29,21912.74,10,13,30.52,utilities,0
6463.53,18,136417.15,14,13,19.44,utilities,0
7598.89,23,60614.62,11,9,19.28,travel,1
4908.18,39,53851.26,18,13,20.07,utilities,0
20021.0,24,28504.18,25,2,118.43,electronics,1
1443.99,25,87739.68,12,23,16.95,utilities,0
3233.1,46,69159.37,17,13,22.66,grocery,0
3162.61,18,33993.65,12,14,11.57,utilities,0
3474.2,42,42197.74,20,13,3.06,grocery,0
1071.84,19,46476.63,14,16,33.23,grocery,0
7739.29,25,89759.07,14,15,7.96,travel,0
2319.8,40,97539.88,13,16,9.42,utilities,0
12306.27,35,43082.1,17,15,0.55,electronics,0
2102.62,23,39787.54,19,15,5.74,travel,0
6627.17,45,238995.01,20,22,8.45,utilities,0
8972.37,35,59985.79,13,11,10.58,entertainment,0
12950.45,19,47401.2,33,14,25.01,travel,0
6004.32,26,25464.85,14,14,15.4,utilities,0
17577.72,22,41564.48,27,11,0.84,electronics,0
3149.16,39,49233.99,19,16,1.98,utilities,0
4283.37,18,48975.93,15,13,7.87,grocery,0
4488.97,44,159554.9,11,12,8.01,electronics,0
2164.33,29,27941.37,13,11,1.72,electronics,0
4923.27,38,55713.91,20,17,11.61,entertainment,0
1009.27,46,146378.14,13,14,25.74,utilities,0
6735.97,18,126070.62,13,13,9.05,grocery,0
4886.08,29,58642.74,13,19,13.57,utilities,0
4163.87,22,147183.3,13,9,2.03,travel,0
4001.39,41,49580.73,11,13,9.45,electronics,1
5319.14,25,55118.44,14,15,14.34,grocery,0
7877.26,29,127430.25,20,11,12.65,grocery,0
15450.25,24,67208.6,13,11,9.33,utilities,0
11909.25,23,56604.1,14,11,15.67,utilities,0
6358.66,31,114012.94,14,19,20.2,utilities,0
2480.6,32,129710.96,13,9,26.11,electronics,0
8693.48,25,41648.85,14,13,4.52,grocery,0
1874.53,47,39564.32,13,12,4.35,utilities,0
9312.56,44,86769.9,13,22,1.45,electronics,0
5131.57,28,66902.13,17,16,1.66,grocery,0
18216.48,18,93146.0,26,4,107.1,travel,1
2290.53,42,47044.71,14,21,16.29,grocery,0
1791.56,36,35599.89,11,11,5.1,utilities,0
4836.09,28,49728.39,21,14,25.18,electronics,0
11577.94,34,84036.84,14,14,16.97,electronics,1
2822.86,27,126065.51,10,13,17.7,entertainment,0
19054.72,24,29290.77,29,6,103.8,grocery,1
3409.24,56,98907.47,17,8,7.75,entertainment,0
2325.1,30,38438.48,18,16,5.21,grocery,0
2301.29,22,46697.45,10,21,0.43,entertainment,0
2418.98,33,106076.91,14,20,15.26,grocery,0
11643.19,54,48565.76,14,7,5.86,grocery,0
5591.15,51,109980.04,18,14,17.05,entertainment,0
9278.85,33,151309.59,14,17,18.11,utilities,0
22424.45,30,14032.66,14,8,7.93,grocery,0
20349.03,27,83055.1,27,1,88.63,electronics,1
8124.29,22,64376.85,35,5,78.64,travel,1
2171.56,34,23843.42,12,13,4.7,entertainment,0
2850.23,31,42431.05,20,13,0.3,utilities,0
17648.24,27,25197.05,14,14,5.92,entertainment,0
7946.44,20,63416.95,29,9,138.47,electronics,1
3223.31,33,85939.96,14,10,3.17,utilities,0
5764.13,19,51920.76,13,15,7.83,grocery,0
2994.81,23,83860.57,14,14,11.29,entertainment,0
6094.63,24,48468.23,9,20,29.93,travel,0
2887.03,33,68272.4,13,13,1.46,electronics,0
8294.96,38,78439.87,18,19,16.26,electronics,0
2193.5,31,55304.89,14,9,29.15,entertainment,0
5304.38,26,143606.6,18,14,3.23,grocery,0
3616.78,48,82763.41,20,10,2.48,utilities,0
1713.74,20,60642.89,8,18,20.67,entertainment,0
1731.57,27,319221.78,16,7,26.09,entertainment,0
5401.31,27,90965.86,20,6,21.31,grocery,1
4662.89,24,20916.64,11,10,6.58,electronics,0
7341.17,33,93330.96,20,13,9.23,utilities,0
11192.46,20,60548.23,13,12,17.81,electronics,0
4445.7,32,42316.92,13,11,3.02,travel,0
8882.03,25,147190.58,14,18,19.21,utilities,0
3110.19,35,84491.37,14,10,18.01,entertainment,0
9958.69,55,58654.73,15,12,27.37,entertainment,0
3186.17,34,48281.21,12,10,9.99,grocery,0
5166.82,27,22954.41,14,12,8.89,utilities,0
35640.02,27,55326.39,12,14,11.7,utilities,0
2789.09,30,39552.6,10,20,0.0,utilities,0
3407.43,35,66954.41,13,10,18.33,electronics,0
6864.19,48,40067.35,12,12,13.81,travel,0
7944.92,43,48396.93,14,13,7.17,grocery,0
8217.21,23,94520.78,18,17,34.83,electronics,0
9344.62,21,69218.75,31,11,3.74,travel,0
1382.63,29,69265.96,12,14,9.38,grocery,0
1774.81,46,175448.66,11,16,1.95,electronics,0
3551.44,33,87335.01,21,16,22.63,utilities,0
1701.22,34,44779.34,15,17,7.44,grocery,0
2492.86,30,93651.73,11,17,5.84,grocery,0
7888.99,22,120086.27,10,16,1.69,electronics,0
2745.86,34,84965.73,14,15,7.93,electronics,0
19633.64,49,283909.73,11,18,19.47,travel,0
1682.36,40,82727.84,14,13,3.01,electronics,0
3021.22,31,40163.13,21,11,1.7,electronics,0
4144.38,44,68331.68,13,13,3.92,entertainment,0
2658.83,18,36702.59,14,14,20.29,electronics,0
9046.81,28,128599.49,10,11,23.57,travel,0
1093.68,33,61459.65,14,14,3.32,grocery,0
2907.29,29,28298.39,12,13,5.39,utilities,0
3446.96,38,109359.27,11,12,7.0,entertainment,0
2612.81,28,34178.01,14,15,0.8,electronics,0
2342.82,29,44816.9,18,14,10.79,electronics,0
8004.91,19,130238.28,13,13,26.87,entertainment,0
20162.26,31,47912.68,23,18,17.46,travel,1
11762.64,29,97478.42,14,14,5.94,grocery,0
13995.15,19,35386.69,15,13,9.85,entertainment,0
19078.52,28,36870.21,29,3,4.87,electronics,1
3726.1,31,62969.81,14,13,0.4,grocery,0
5302.02,21,53033.39,28,15,9.07,travel,0
6742.05,39,75948.01,14,18,1.92,entertainment,0
2735.77,31,49555.83,22,10,16.23,grocery,0
8572.93,38,96217.46,15,21,14.31,grocery,0
11560.36,32,45269.63,17,8,25.25,electronics,0
2829.84,31,51016.93,12,10,2.95,grocery,0
948.24,38,228906.85,18,15,11.39,grocery,0
897.08,18,17159.65,13,11,2.87,travel,0
3390.01,33,337327.48,13,10,21.19,electronics,0
9414.85,25,158388.71,9,18,17.25,grocery,0
2348.42,21,62568.69,16,15,24.0,utilities,0
7168.03,26,71422.9,35,1,53.18,electronics,1
7354.04,18,62827.29,27,1,74.99,electronics,1
9390.96,18,34127.36,11,11,33.43,travel,0
3144.37,29,101837.98,18,11,7.28,electronics,0
19195.36,43,210786.19,12,15,7.99,entertainment,0
4904.71,26,113848.37,12,16,4.06,utilities,0
3123.07,36,77519.57,13,12,6.3,electronics,0
6132.83,37,72230.16,14,12,3.21,utilities,0
4509.01,25,65021.63,15,11,4.12,utilities,0
2695.05,28,42480.77,15,14,12.12,utilities,0
15496.12,34,52768.19,12,18,30.62,entertainment,0
3556.53,27,90423.19,12,9,18.33,electronics,0
1212.84,18,47903.31,14,13,4.76,entertainment,0
14365.27,21,49929.23,14,13,8.34,utilities,0
4665.85,25,42475.29,11,11,0.61,utilities,0
4778.79,31,64409.77,11,18,12.2,travel,0
3108.16,31,67482.47,14,13,13.09,entertainment,0
2183.63,20,114100.78,22,17,7.23,utilities,0
4168.08,41,93647.06,16,14,8.57,utilities,0
5173.32,24,124237.93,21,19,7.18,travel,0
1716.87,24,32849.68,14,14,9.93,utilities,0
12238.44,22,55520.77,28,0,10.12,electronics,1
4275.88,38,34597.53,13,16,23.53,electronics,0
5193.63,40,65612.62,13,10,4.16,travel,0
1996.53,29,90851.77,17,22,6.72,travel,0
3259.99,23,64863.87,14,11,21.67,entertainment,0
2894.45,47,133039.57,13,15,1.7,utilities,0
2294.02,34,75719.95,14,6,16.27,entertainment,0
6716.89,32,64768.58,8,12,13.2,travel,0
3002.94,33,78078.58,16,16,15.19,grocery,0
5478.07,29,177184.07,13,14,6.44,entertainment,0
3010.98,37,46940.03,21,13,18.86,travel,0
8836.9,50,210819.1,12,11,25.83,entertainment,0
8923.36,46,63106.71,21,14,15.75,grocery,0
6942.0,25,52805.59,9,11,2.62,grocery,0
3368.05,41,70775.27,21,12,5.81,grocery,0
6284.95,34,75952.73,22,8,0.95,utilities,0
2859.89,44,97557.63,16,13,0.58,entertainment,0
6427.14,26,120750.92,25,9,11.85,electronics,1
9209.48,39,58084.83,24,15,34.65,electronics,0
16792.27,18,70166.77,29,1,110.12,travel,1
2014.02,18,32012.67,19,13,2.81,travel,0
4028.86,28,60947.25,15,9,11.56,travel,0
4554.11,33,61064.52,14,15,9.71,electronics,0
1934.98,26,95797.61,15,17,2.95,grocery,0
2086.38,27,73220.33,17,12,20.18,grocery,0
1616.66,24,114632.07,18,13,1.58,utilities,0
7944.8,33,94504.19,12,12,12.89,travel,0
5572.29,44,39297.22,12,16,14.64,utilities,0
4315.63,32,77286.65,21,13,9.15,entertainment,0
4608.54,38,43753.92,30,9,3.11,travel,0
2925.32,23,21254.17,14,14,14.61,electronics,0
6090.01,59,34402.46,13,16,20.79,utilities,0
15322.59,32,27534.35,13,13,2.22,utilities,0
6513.16,21,55391.79,11,13,3.82,entertainment,0
1013.05,40,70261.64,12,19,6.73,grocery,0
4039.94,44,71086.87,13,16,8.41,electronics,0
2536.37,42,73078.09,15,15,27.64,utilities,0
5073.62,18,37689.28,14,16,10.45,grocery,0
1277.17,32,58349.98,21,16,20.82,grocery,0
10963.36,20,44687.03,20,15,18.35,utilities,0
12008.67,18,33472.48,14,12,2.51,entertainment,0
4472.14,24,58272.0,19,8,24.9,electronics,0
1757.18,30,65165.52,18,14,32.38,electronics,0
2406.66,49,31329.14,18,16,3.87,entertainment,0
3866.74,48,28996.71,18,12,8.42,travel,0
4316.87,18,176466.49,13,11,2.48,travel,0
3373.73,28,151428.09,14,11,1.44,electronics,0
11559.28,25,42999.63,13,7,6.87,entertainment,0
3097.74,27,133037.0,15,16,21.61,grocery,0
8538.73,20,148839.26,33,0,68.86,grocery,1
2408.41,41,72733.33,12,19,0.99,electronics,0
6841.55,23,53690.62,11,11,2.89,utilities,0
2306.47,22,46253.6,11,8,1.72,travel,0
10890.62,35,101603.2,25,10,11.46,electronics,0
6765.41,26,51646.34,17,12,2.75,travel,0
2558.54,25,38984.99,22,18,10.84,electronics,0
10674.72,23,57376.15,13,10,4.64,travel,0
1193.75,19,54448.87,14,11,16.5,grocery,0
6277.93,40,38706.94,16,16,11.81,electronics,0
1925.83,26,43724.18,13,11,29.28,electronics,0
6372.94,20,91421.9,13,8,2.96,entertainment,0
8264.1,29,76291.56,15,11,15.35,utilities,0
9143.88,27,83149.51,14,18,27.29,travel,0
5513.0,29,40844.58,11,14,29.22,travel,0
4962.41,33,46472.82,10,12,2.92,utilities,0
9504.3,30,129791.28,15,11,17.58,travel,0
11046.33,32,50260.84,33,8,27.04,grocery,1
5117.15,50,100112.24,17,13,8.77,entertainment,0
3460.17,28,65777.86,11,11,15.08,electronics,0
2673.66,30,88017.44,14,14,3.05,utilities,0
7495.48,52,10812.96,18,13,33.9,grocery,0
4166.48,23,36151.85,20,8,22.65,electronics,0
4125.61,41,36553.38,13,11,8.65,travel,0
2910.53,32,106530.32,20,11,8.28,entertainment,0
2248.45,46,56427.06,14,12,12.46,entertainment,0
16523.59,38,32742.82,36,2,61.56,electronics,1
8698.5,37,21388.85,26,1,34.91,electronics,1
10509.1,31,108573.75,13,11,0.78,entertainment,0
3637.31,25,106841.36,19,16,25.96,utilities,0
11035.37,31,36308.0,32,8,12.96,grocery,1
8313.37,27,79828.39,10,19,28.57,electronics,0
4587.27,45,60108.31,18,14,15.82,electronics,0
3362.46,34,117846.78,13,9,14.49,utilities,0
3466.27,18,288409.22,12,16,0.0,grocery,0
9356.06,31,31184.3,13,13,26.67,entertainment,0
4485.91,24,24422.72,14,11,22.29,grocery,0
3629.89,18,35595.35,21,15,14.41,grocery,0
14495.9,34,70313.96,10,11,12.02,utilities,0
7091.8,27,34748.63,15,12,4.12,travel,0
3897.68,24,152736.07,22,2,33.42,electronics,1
2486.79,26,59975.77,13,11,2.81,utilities,0
3802.7,30,95796.32,16,13,14.52,utilities,0
2511.21,42,37585.55,15,12,18.4,grocery,0
835.15,46,45329.81,7,23,3.2,utilities,0
13693.67,41,42626.74,13,11,10.48,utilities,0
3106.58,45,85592.62,15,12,1.22,travel,0
4082.54,18,106395.58,14,12,30.42,utilities,0
4188.47,28,112425.84,12,16,2.58,grocery,0
2581.93,47,96248.76,11,12,30.22,utilities,0
4291.84,49,141538.09,16,13,23.94,travel,0
4300.67,48,61221.64,16,12,2.11,grocery,0
4792.01,37,60129.55,12,14,13.39,electronics,0
3597.36,32,47734.57,14,14,5.34,utilities,0
11676.08,27,64248.82,16,14,29.46,utilities,0
4541.56,53,197297.39,16,14,7.83,electronics,0
10887.16,31,53824.84,12,11,10.88,electronics,0
6696.71,31,57253.92,15,16,9.9,grocery,0
19753.68,33,220817.13,11,14,3.12,utilities,0
26078.55,32,30218.41,21,15,28.48,electronics,0
7650.5,34,113426.71,19,9,10.65,entertainment,0
4488.37,29,28278.26,18,15,2.24,grocery,0
11737.13,42,14254.35,22,3,146.53,electronics,1
5400.62,32,48620.24,9,21,19.97,entertainment,0
4734.32,30,129084.93,13,11,36.47,travel,0
10425.59,28,42717.36,14,10,4.55,utilities,0
1068.72,53,116089.15,14,10,7.94,grocery,0
5108.0,23,56789.18,18,10,27.23,travel,0
6416.4,27,77258.51,13,13,7.93,entertainment,0
6168.99,25,254510.8,12,11,7.46,travel,0
1570.53,35,38928.74,18,14,12.5,utilities,0
7258.2,38,48910.26,22,17,14.0,travel,0
5650.31,56,44384.14,13,7,11.95,entertainment,0
29413.31,29,45677.81,13,15,9.92,travel,0
11444.07,24,125900.94,36,2,70.97,electronics,1
1644.21,27,89219.96,15,8,34.72,entertainment,0
3837.35,25,110428.92,13,14,6.94,electronics,0
5445.94,30,157721.47,11,13,15.24,electronics,0
4701.35,40,61949.45,18,12,17.02,electronics,0
5094.21,18,73674.46,14,12,9.39,electronics,0
12818.18,19,31945.24,15,7,12.19,entertainment,0
7934.08,20,17952.69,25,3,109.82,travel,1
3461.5,27,61464.33,9,10,3.59,entertainment,0
5570.18,21,44367.98,27,1,90.41,grocery,1
5332.17,45,33119.17,26,14,8.45,electronics,0
15159.17,28,35167.12,12,8,28.83,entertainment,0
2697.94,38,81843.44,13,11,6.19,electronics,0
2428.6,18,26321.99,13,14,3.09,entertainment,0
3947.59,24,118548.5,11,14,16.89,utilities,0
1818.81,21,20147.68,20,15,10.31,travel,0
2349.64,33,28275.9,13,14,9.84,utilities,0
2062.21,41,100268.9,14,9,0.7,grocery,0
2504.46,30,124070.91,8,9,2.96,travel,0
2918.31,30,36811.3,14,14,15.44,electronics,0
6934.49,31,29686.36,15,14,32.03,travel,0
5740.94,29,67533.1,21,7,8.31,electronics,1
1878.35,18,124746.25,17,12,4.98,travel,0
3971.9,27,23313.94,13,9,7.49,entertainment,0
2584.16,33,66680.78,14,22,1.1,utilities,0
8202.49,29,85009.16,23,9,5.04,travel,0
3753.7,29,174254.69,14,18,18.88,electronics,0
2993.49,26,25364.82,15,12,2.89,grocery,0
21219.02,23,59193.57,21,17,58.42,travel,1
2936.57,20,36085.81,13,13,15.95,utilities,0
18518.66,50,32134.61,27,9,23.09,grocery,1
2512.57,45,56020.43,14,13,20.13,electronics,0
10080.37,33,81161.1,19,11,3.51,utilities,0
4964.49,23,59269.94,16,21,14.53,utilities,0
3695.78,42,149030.69,12,13,2.75,electronics,0
2809.61,37,90113.1,9,15,0.0,electronics,0
3413.78,23,36778.43,15,10,20.71,utilities,0
6273.06,28,40756.36,14,12,9.36,utilities,0
7272.48,33,47976.05,13,10,10.14,travel,0
7912.84,18,93527.68,18,14,13.52,travel,0
4180.75,20,63485.65,11,18,17.85,utilities,0
1889.88,22,62088.84,9,9,1.88,utilities,0
1679.95,33,50900.34,19,16,15.37,utilities,0
743.51,42,131510.71,17,13,38.05,grocery,0
2450.09,52,51146.2,13,17,3.45,grocery,0
2897.98,39,116971.2,13,15,1.04,grocery,0
2109.87,35,30309.69,16,10,9.46,entertainment,0
16792.34,56,80951.21,18,16,21.83,entertainment,0
2185.24,37,46439.81,11,14,21.98,entertainment,0
8744.71,18,27788.48,35,4,23.26,grocery,1
5582.02,32,40334.63,18,8,3.38,entertainment,0
5431.76,18,111656.29,13,13,14.46,utilities,1
15775.29,38,62699.71,12,13,4.48,entertainment,0
10639.72,24,192730.6,19,16,14.02,utilities,0
19023.37,27,102657.5,26,1,110.61,electronics,1
2336.83,43,65142.28,13,11,3.2,grocery,0
4228.21,46,192016.67,16,8,9.53,utilities,0
2194.31,44,117482.03,10,12,1.91,travel,0
8289.83,35,86209.56,13,21,6.51,grocery,0
2292.72,31,131108.97,14,10,7.89,utilities,0
1814.07,22,45074.63,17,11,3.08,electronics,0
3472.59,29,42091.92,12,15,3.58,travel,0
5466.28,25,41117.84,13,16,2.33,travel,0
2126.22,23,197438.91,15,12,22.14,electronics,0
1373.25,37,72651.04,12,13,6.96,grocery,0
3329.69,32,27504.0,13,10,0.96,entertainment,0
3703.24,39,48002.8,19,12,8.7,grocery,0
10443.63,35,82074.25,14,10,26.11,electronics,0
1385.78,33,59742.64,22,14,10.11,grocery,0
7684.15,49,65861.69,20,11,14.65,utilities,0
2053.25,30,85257.55,21,14,19.09,utilities,0
2656.96,23,55826.71,18,12,7.47,electronics,1
8006.19,46,62742.91,19,12,33.42,electronics,0
6332.52,27,26039.51,18,12,6.87,utilities,0
7117.46,43,9125.97,32,3,83.48,grocery,1
29800.31,29,85884.2,24,4,18.86,electronics,1
3912.42,26,171321.71,14,11,13.11,electronics,0
3878.09,22,56807.12,18,17,0.1,grocery,0
9051.02,30,47016.03,29,13,11.46,electronics,0
7694.44,22,63051.13,13,11,19.22,travel,0
2728.55,46,132095.94,11,13,3.63,entertainment,0
15063.15,21,41496.82,13,14,5.32,utilities,0
1685.92,36,29524.76,14,13,2.2,grocery,0
3119.08,25,43841.36,11,16,24.58,grocery,0
8428.3,18,67299.73,29,0,19.03,electronics,1
1645.32,25,106024.11,18,10,17.54,utilities,0
5203.0,31,59747.35,21,18,14.73,electronics,0
1538.36,36,89532.18,13,15,24.67,grocery,0
14125.84,65,69440.49,7,11,1.23,entertainment,0
7379.82,28,65888.69,19,10,7.1,travel,0
7977.51,35,83283.53,13,10,17.82,entertainment,0
5349.55,23,26856.95,25,6,14.54,travel,1
3005.15,34,77964.36,15,17,30.89,utilities,0
5447.45,28,66123.98,23,2,25.49,grocery,1
2457.67,40,57939.83,13,16,2.26,travel,0
2848.4,50,66680.54,14,14,14.36,entertainment,0
9613.13,20,149162.23,10,16,11.94,entertainment,0
3149.08,33,218346.39,13,12,15.4,utilities,0
4682.27,25,74408.56,12,9,6.25,travel,0
10404.28,19,44528.87,20,1,12.53,travel,1
2233.82,24,14352.0,14,12,8.95,utilities,0
4993.78,24,117150.93,15,17,17.18,utilities,0
5832.39,25,94694.06,14,15,16.23,entertainment,0
2358.84,29,46183.46,19,13,1.11,grocery,0
3581.18,24,39204.93,11,18,2.47,travel,0
2620.84,28,116826.93,13,14,36.49,entertainment,0
3273.98,29,52230.01,21,16,12.93,travel,0
4466.8,21,31304.27,20,16,7.54,utilities,0
2639.95,29,99076.9,14,14,24.23,utilities,0
3605.22,19,216017.1,12,14,4.06,utilities,0
3950.02,18,26686.09,14,9,17.67,entertainment,0
2331.8,28,46712.74,13,10,3.14,grocery,0
2159.3,27,25302.44,18,14,11.59,utilities,0
2711.77,31,159241.51,14,15,15.2,utilities,0
2624.94,35,74970.26,11,11,6.88,electronics,0
2879.44,31,48535.57,20,17,27.05,electronics,0
10102.24,30,64351.13,26,3,123.08,grocery,1
2015.15,49,73031.49,18,11,30.0,travel,0
1999.5,47,110417.14,14,15,12.32,grocery,0
7134.71,26,143668.59,11,10,18.03,entertainment,0
6887.03,47,34652.66,36,2,127.9,travel,1
9046.78,50,74642.49,13,16,3.09,entertainment,0
3581.52,26,30915.73,16,18,4.25,electronics,0
3939.06,44,56538.79,20,15,21.28,travel,0
6424.09,18,33988.95,14,15,2.12,travel,0
2923.91,33,74369.28,14,14,8.68,grocery,0
4562.02,41,81235.53,14,17,16.16,electronics,0
3985.79,43,59825.42,13,21,0.78,grocery,0
8569.46,35,108909.05,13,12,2.37,entertainment,0
776.83,31,64891.0,18,18,7.37,grocery,0
7772.55,30,31686.85,20,8,15.33,electronics,0
8158.79,33,97547.82,23,6,4.61,grocery,1
5644.79,29,45969.51,15,11,16.02,utilities,0
9339.04,28,74867.87,19,12,18.76,electronics,0
13246.53,50,146276.47,28,9,46.1,grocery,1
2847.0,28,61875.66,18,9,3.1,utilities,0
2408.58,22,47380.06,19,10,17.55,grocery,0
15262.02,56,43789.25,20,16,6.4,electronics,0
5558.75,42,48412.62,14,12,5.86,entertainment,0
5732.28,28,32163.45,22,8,35.54,travel,0
3511.69,29,69428.46,10,13,12.74,utilities,0
695.41,28,107283.45,14,14,17.51,grocery,0
2708.2,18,37565.34,18,22,12.14,electronics,0
8348.45,44,56144.55,15,11,19.67,entertainment,0
4398.26,36,104201.81,11,12,7.14,electronics,0
11140.19,54,51951.12,12,7,9.91,electronics,0
3904.08,29,63669.31,21,15,1.95,travel,0
2938.17,47,54910.58,13,16,30.78,electronics,0
8224.22,18,58813.91,15,17,5.05,entertainment,0
8955.58,24,41009.27,18,13,10.02,travel,0
4545.97,21,88488.43,12,10,15.18,entertainment,0
11939.6,31,94471.25,14,19,17.1,utilities,0
2465.14,39,41379.26,12,17,34.74,electronics,0
7427.18,26,61439.88,11,17,10.79,utilities,0
6895.13,32,75143.19,14,13,0.0,grocery,0
3386.74,46,16068.2,31,15,59.02,travel,1
3704.78,33,47596.47,26,0,11.76,travel,1
5933.07,46,73271.71,10,18,10.4,utilities,0
5263.76,38,70766.62,31,7,69.77,electronics,1
2977.69,47,38614.34,11,11,2.62,electronics,0
3582.38,55,82837.17,12,13,3.93,utilities,0
1941.32,26,85289.71,18,16,17.33,grocery,0
5789.77,29,38032.88,13,14,21.54,electronics,0
10317.9,18,39328.01,11,20,4.06,utilities,0
825.38,38,34205.04,14,16,15.95,grocery,0
6903.3,33,63769.87,14,11,13.63,grocery,0
4104.7,28,110252.09,17,8,28.89,entertainment,0
1204.31,21,84073.6,18,8,5.13,utilities,0
5057.96,23,187705.13,16,13,14.47,travel,0
3060.62,39,281580.11,14,18,8.26,travel,0
2411.04,24,48297.3,12,13,3.74,entertainment,0
8554.58,34,51494.84,13,21,8.56,electronics,0
839.75,30,66045.26,21,14,12.13,grocery,0
8496.33,23,110104.88,24,22,16.6,utilities,0
19915.25,33,95222.79,22,0,10.76,travel,1
6635.03,26,80791.84,14,11,15.33,utilities,0
3679.34,25,63554.56,11,14,5.68,utilities,0
7480.97,24,73592.06,29,1,131.1,electronics,1
2635.97,27,26703.81,23,16,29.29,grocery,0
7806.94,22,128274.01,12,22,1.68,utilities,0
4738.81,33,21779.63,13,10,5.56,grocery,0
7051.25,25,92471.31,18,11,0.87,utilities,0
16251.94,24,69500.3,33,0,81.2,grocery,1
28018.43,24,110739.13,20,5,32.76,electronics,1
7532.0,47,56196.6,15,10,3.43,travel,0
10636.15,62,88305.32,30,19,20.57,utilities,0
9584.12,47,72309.66,30,0,18.07,travel,1
3786.5,47,64757.49,15,14,18.51,grocery,0
3280.97,52,90107.21,13,16,20.9,electronics,0
3204.19,23,22466.37,11,10,25.99,travel,0
2885.21,25,205469.82,13,15,2.78,electronics,0
1977.55,25,40216.45,17,10,19.33,utilities,0
6573.47,30,58828.58,27,2,5.71,electronics,1
5704.82,33,48217.67,13,9,1.75,entertainment,0
3325.41,53,57837.44,13,15,29.44,travel,0
1633.12,30,90734.42,17,10,6.75,electronics,0
3756.66,35,106065.5,15,16,3.72,entertainment,0
7449.32,24,39101.53,11,13,17.08,entertainment,0
3459.36,31,47000.41,14,9,7.9,entertainment,0
1576.18,47,44411.15,14,21,4.67,utilities,0
3297.12,29,54589.97,10,13,2.22,utilities,0
8187.31,18,61600.6,16,16,12.48,grocery,0
12710.65,56,209129.21,13,15,9.55,entertainment,0
11759.41,40,71380.78,18,11,28.09,entertainment,0
9152.95,31,82842.2,15,12,2.28,electronics,0
7923.8,52,73015.31,11,12,5.83,utilities,0
6702.76,26,47274.52,9,15,20.48,utilities,0
7926.12,42,71744.8,19,15,6.55,grocery,0
2400.24,27,43625.8,14,16,4.98,grocery,0
6587.52,32,69001.17,17,10,21.07,electronics,0
8708.66,47,22787.02,18,12,8.14,electronics,0
13213.69,40,103949.77,14,14,9.7,utilities,0
4191.29,34,31024.38,9,16,1.51,grocery,0
3040.53,28,44470.14,12,12,27.08,grocery,0
5078.88,46,28936.92,12,17,25.87,grocery,0
4295.88,21,36867.2,18,11,14.08,entertainment,0
5407.88,18,27517.41,28,8,78.7,electronics,1
6400.94,41,29976.46,20,2,82.79,grocery,1
3681.54,28,43638.18,13,13,3.5,electronics,0
4360.77,24,86816.9,12,13,3.6,travel,0
3314.49,47,70247.76,14,13,20.96,grocery,0
5649.09,28,42208.52,20,15,8.67,entertainment,0
5731.22,30,50186.35,28,3,20.09,travel,1
10830.48,23,145147.57,14,14,3.06,electronics,0
2482.0,25,39197.93,11,16,26.83,entertainment,0
13091.8,24,30980.88,39,11,127.93,electronics,1
3164.55,51,116699.42,15,20,1.49,utilities,0
1727.23,31,64407.51,11,14,1.39,electronics,0
5108.06,26,161811.48,13,16,25.52,grocery,0
2047.21,39,55768.37,13,11,5.85,utilities,0
5299.49,35,145117.68,18,16,2.11,grocery,0
8290.83,36,19921.07,10,19,4.68,travel,0
2456.15,18,86449.75,13,12,3.23,utilities,0
3880.7,37,54755.11,19,14,14.24,travel,0
6777.55,32,56476.66,11,10,19.03,entertainment,0
9573.49,24,28958.05,16,23,30.75,utilities,0
8028.03,37,52143.67,12,10,1.58,entertainment,0
1262.03,30,75816.09,14,16,4.11,utilities,0
6942.43,64,62793.52,14,12,1.63,utilities,0
5266.26,21,18411.32,25,5,13.75,travel,1
5147.45,19,58999.22,9,9,9.75,travel,0
26961.18,31,77199.34,12,14,35.44,travel,0
10262.69,35,100279.19,16,13,19.08,travel,0
6332.81,40,64517.08,14,11,23.26,electronics,0
4792.27,39,224598.72,17,12,0.68,utilities,0
2173.23,29,34642.87,13,12,11.09,utilities,0
13937.47,20,55799.8,13,13,27.5,entertainment,0
3060.75,30,72999.36,14,12,12.48,travel,0
6249.52,31,168540.43,14,10,2.23,travel,0
6416.47,28,100687.61,24,7,11.18,travel,0
4430.13,41,26186.34,11,20,15.98,grocery,0
26515.44,23,50246.76,28,2,22.83,electronics,1
2994.22,30,162378.27,13,20,2.84,grocery,0
6207.89,32,49070.62,15,14,16.43,grocery,0
5756.08,50,81284.17,13,9,0.8,electronics,0
5805.71,30,61342.32,12,9,8.74,entertainment,0
2326.05,42,63287.79,11,17,21.52,utilities,0
19125.23,19,46840.62,13,11,23.27,electronics,0
3961.77,22,175434.79,13,16,5.83,utilities,0
2086.99,25,93215.1,12,12,10.0,travel,0
11972.73,35,141869.46,14,9,7.06,entertainment,0
2137.32,24,69317.97,14,15,0.86,utilities,0
5679.19,22,29316.3,17,12,32.46,travel,0
1598.35,52,49950.45,15,17,11.74,utilities,0
4948.5,41,36115.8,14,10,18.07,electronics,0
2897.11,38,64067.73,8,20,37.4,electronics,1
4186.57,31,45987.66,28,13,5.42,travel,1
3752.46,22,137457.39,14,22,6.4,travel,0
2471.75,61,71374.96,11,9,5.69,electronics,0
7714.15,23,42072.25,16,20,2.95,electronics,0
12654.7,24,60162.99,22,2,85.26,travel,1
3935.37,33,34673.77,11,13,20.21,utilities,0
3751.24,24,38582.91,13,13,5.4,electronics,0
4899.39,52,24229.03,20,15,21.05,grocery,0
2474.67,26,33739.91,14,13,2.97,electronics,0
38794.19,18,31680.23,28,13,3.13,travel,0
11341.87,21,58285.64,13,17,23.0,travel,0
1710.86,32,80916.81,15,17,8.35,utilities,0
2217.03,23,34230.66,18,11,23.66,electronics,0
3918.57,29,163649.96,14,16,18.17,utilities,0
6334.66,35,58800.3,14,10,19.7,electronics,1
15526.53,25,79076.5,15,8,18.59,travel,0
7997.87,36,27420.3,9,18,20.74,travel,0
2193.18,36,56527.97,12,13,22.97,travel,0
2941.24,38,71254.89,17,20,17.36,utilities,0
10635.43,24,48960.16,7,7,32.2,electronics,0
3338.73,29,45869.52,18,13,1.91,electronics,0
7778.1,21,75766.12,26,13,28.15,travel,0
6790.33,22,82307.4,27,10,88.23,travel,1
3181.06,35,45560.41,17,9,5.71,electronics,0
2862.05,18,83429.88,16,15,11.01,grocery,0
5181.62,51,36987.89,27,2,15.69,electronics,1
4607.59,18,74119.61,16,12,2.9,travel,0
6494.5,40,49652.96,32,7,24.2,travel,1
13359.31,45,48040.45,10,18,2.18,grocery,0
3660.25,26,32674.02,12,13,16.88,grocery,0
5686.65,54,113843.0,14,18,35.8,entertainment,0
2043.53,39,19091.24,12,16,18.04,grocery,0
6445.53,44,62860.16,16,12,19.53,electronics,0
4351.69,24,68799.32,15,13,11.06,utilities,0
17342.98,18,25259.2,35,3,24.34,travel,1
28023.23,23,69203.51,25,6,20.09,entertainment,0
1291.73,35,41570.69,18,12,1.89,travel,0
3823.49,51,37026.66,14,9,11.2,travel,0
4981.99,27,57448.03,13,18,11.17,grocery,0
3529.88,32,62477.36,18,14,15.45,utilities,0
13221.98,47,54809.64,14,13,26.14,travel,0
7887.66,45,105711.88,19,12,21.34,electronics,0
4568.74,28,38016.17,14,16,13.9,entertainment,0
4231.16,30,48033.31,13,15,2.2,entertainment,0
3999.6,53,59170.35,13,20,12.91,grocery,0
9634.72,19,251112.89,14,11,29.05,utilities,0
1078.46,35,22636.86,13,10,21.69,grocery,0
2766.32,27,73551.59,18,18,6.43,entertainment,0
1704.46,51,39285.44,24,21,8.74,entertainment,0
2949.92,25,63083.01,14,21,1.76,grocery,0
3878.34,53,72586.76,18,12,1.87,utilities,0
3940.14,26,64978.89,15,16,13.63,grocery,0
5986.8,44,51548.62,9,10,15.51,travel,0
5920.58,24,179928.89,13,9,6.23,electronics,0
10084.75,24,43800.52,27,0,123.02,electronics,1
2419.35,27,62002.0,12,14,28.25,electronics,0
2034.66,20,55773.45,15,19,1.6,grocery,0
2112.86,34,31159.21,11,14,2.5,entertainment,0
4096.15,36,73438.46,14,14,22.24,electronics,0
4473.96,35,38777.23,12,21,9.59,entertainment,0
8551.93,51,144933.77,12,9,25.9,entertainment,0
2762.65,44,61642.96,18,8,8.07,entertainment,0
3061.78,25,141975.0,20,10,14.41,travel,0
4942.13,33,45724.85,20,11,7.32,grocery,0
1839.59,32,67646.75,13,15,0.81,electronics,0
3044.13,24,184524.77,10,10,11.59,travel,0
2207.04,19,119394.77,14,18,11.95,travel,0
3788.44,22,44746.13,12,13,14.65,electronics,0
9945.25,40,94572.36,19,11,11.21,utilities,0
5210.23,20,170720.45,11,13,3.08,travel,0
2238.93,24,150082.89,11,13,13.03,electronics,0
2063.64,34,85918.14,13,14,33.11,grocery,0
1919.36,28,50515.37,12,11,7.35,utilities,0
6437.3,21,77410.78,18,15,26.41,travel,0
10054.05,25,96707.36,14,13,29.79,entertainment,0
4270.47,33,212568.25,21,16,2.25,utilities,0
2992.49,31,37336.71,14,16,2.59,grocery,0
6266.8,23,155891.33,18,19,16.85,electronics,0
13938.98,30,76994.09,32,2,105.7,grocery,1
3716.55,30,30021.75,9,14,4.65,entertainment,0
5666.02,35,18999.85,11,8,7.69,entertainment,0
2617.21,28,33504.23,13,11,2.88,electronics,0
2573.98,26,81724.66,14,16,7.93,entertainment,0
1183.22,18,49267.88,13,12,13.93,utilities,0
11171.59,50,82372.01,13,11,2.35,utilities,0
2713.11,23,161887.8,14,21,3.63,travel,0
10631.41,22,124560.47,16,13,3.17,travel,0
3913.84,32,115865.64,23,15,2.76,utilities,0
9303.82,42,133546.77,13,15,17.54,electronics,0
13670.69,49,32366.67,14,21,0.43,electronics,0
9593.95,35,36448.6,23,1,27.42,electronics,1
3713.81,30,136842.46,17,12,7.21,grocery,0
8943.68,54,81767.99,25,12,67.54,electronics,1
5869.37,19,61963.81,30,1,50.9,grocery,1
11011.76,27,50326.14,13,15,25.56,travel,0
6718.27,27,79187.63,14,18,3.17,travel,0
11202.49,32,41055.72,15,7,3.28,entertainment,0
1867.92,40,95851.84,9,13,2.87,utilities,0
8790.81,24,121448.31,13,15,15.3,grocery,0
1418.13,27,75039.25,13,23,6.02,electronics,0
2158.67,40,47062.4,13,19,2.29,electronics,0
5201.98,37,78780.54,19,22,23.7,grocery,0
5143.17,25,52546.62,18,14,11.82,grocery,0
9817.07,30,54305.38,14,10,16.92,travel,0
7103.04,25,24012.5,18,20,27.59,electronics,0
1950.57,43,56265.3,14,15,0.77,electronics,0
5849.56,32,47710.41,15,14,20.73,travel,0
3789.94,25,80366.34,22,11,5.87,electronics,0
11789.39,26,26879.03,23,1,96.38,travel,1
14535.91,34,12717.52,24,3,18.89,travel,1
4010.73,30,44719.86,20,11,4.38,grocery,0
1556.4,20,106155.65,19,12,6.06,travel,0
7430.91,31,66150.3,13,13,8.08,travel,0
7102.21,25,49867.37,14,16,19.14,utilities,0
17865.21,29,56290.27,28,3,111.11,electronics,1
13005.19,47,176963.62,18,14,9.2,entertainment,0
5640.11,20,15223.07,14,10,4.43,grocery,0
18054.68,24,79684.35,20,10,5.99,electronics,0
4750.45,32,88587.64,21,18,11.09,utilities,0
1472.72,53,25551.96,14,16,29.23,grocery,0
3996.23,31,21904.61,14,11,0.71,electronics,0
7404.19,32,40827.22,7,12,2.39,entertainment,0
6448.45,30,111505.71,25,4,96.57,electronics,1
5365.18,18,54076.94,18,13,4.76,travel,0
5750.01,25,56932.31,20,13,34.37,entertainment,0
1439.91,39,179646.61,15,12,19.61,electronics,0
2970.53,49,139471.81,14,7,10.24,electronics,0
10244.4,25,84073.82,12,14,16.96,travel,0
3037.41,29,67119.95,9,13,4.61,utilities,0
6230.01,36,83280.67,14,14,9.54,travel,0
2772.45,31,25271.26,12,15,2.02,utilities,0
1874.7,23,74700.68,18,15,19.08,utilities,0
17237.95,50,72037.89,15,11,31.43,entertainment,0
3320.72,27,18322.13,29,0,39.87,electronics,1
18018.89,33,83683.86,9,8,2.98,travel,0
4853.03,45,64950.65,14,15,7.11,electronics,0
4826.03,49,98648.27,11,15,1.87,travel,0
6235.59,31,28861.35,33,4,20.56,electronics,1
5605.19,31,31935.68,29,0,116.54,grocery,1
1969.79,46,46551.88,18,23,15.51,electronics,0
5432.09,46,55649.79,22,13,2.2,travel,0
5531.19,44,53116.57,25,14,13.9,electronics,0
24064.52,44,71375.77,34,0,117.03,electronics,1
1551.0,44,29934.32,14,19,15.21,grocery,0
6888.04,19,35639.1,14,16,3.45,utilities,0
5512.48,39,54517.2,14,9,3.76,electronics,0
4730.55,26,69321.38,16,15,2.25,electronics,0
1445.28,32,37316.51,19,15,11.49,grocery,0
3702.33,47,38790.84,12,17,17.49,grocery,0
5580.67,32,35279.43,21,10,5.82,entertainment,0
1775.06,26,71469.15,22,14,15.34,utilities,0
11123.01,42,94315.45,16,15,13.95,electronics,0
2018.56,26,23015.74,18,10,23.47,electronics,0
4436.09,27,58272.62,13,10,8.71,travel,0
3658.61,25,50994.75,14,12,15.0,grocery,0
19187.4,18,58633.99,22,0,15.26,utilities,1
2001.07,39,137722.91,13,14,15.75,utilities,0
2887.28,24,136413.76,13,14,16.56,electronics,0
4886.92,39,93112.59,9,13,2.36,travel,0
10703.63,21,101238.63,12,12,4.18,travel,0
6451.32,25,36946.08,15,18,13.5,utilities,0
2744.86,33,75277.06,13,15,21.52,travel,0
3829.81,24,191506.94,16,14,12.84,utilities,0
10276.02,23,59594.09,13,18,5.06,grocery,0
6016.08,30,27134.38,19,14,1.32,travel,1
6120.1,53,55445.48,12,12,9.98,grocery,0
2839.78,20,42615.9,13,15,13.72,entertainment,0
9565.1,26,72877.75,13,13,0.0,utilities,0
3665.49,41,54644.13,21,10,14.39,electronics,1
5672.16,45,69444.95,21,1,24.62,electronics,1
1387.37,32,58883.31,13,13,0.67,grocery,0
6189.22,30,63441.19,22,15,22.13,grocery,0
1770.27,32,42798.79,13,13,14.15,grocery,0
2874.43,41,149614.42,13,10,7.59,utilities,0
4398.14,32,36665.07,13,11,0.61,electronics,0
5072.66,40,98357.66,12,14,2.6,electronics,0
6681.5,18,42654.36,24,3,104.61,electronics,1
4054.85,28,264449.57,14,10,2.82,electronics,0
6732.85,26,48927.72,25,10,1.72,travel,0
6290.04,24,130857.42,12,12,13.31,travel,0
19365.1,30,83865.8,9,21,15.94,utilities,0
7170.21,21,41972.3,23,17,8.02,entertainment,1
5988.37,18,58059.37,13,23,5.91,electronics,0
9562.65,37,28251.6,25,7,12.25,grocery,1
5320.58,50,61968.7,13,11,1.84,utilities,0
20572.23,46,84361.5,21,10,5.52,electronics,1
1567.81,22,72723.85,14,15,14.32,utilities,0
6171.35,22,38178.51,35,4,60.2,grocery,1
1745.22,34,39794.15,16,11,15.77,grocery,0
10375.48,20,68390.11,29,12,46.17,electronics,1
5227.48,32,81296.7,15,17,23.04,grocery,0
1829.92,24,102425.64,20,9,1.24,entertainment,0
5147.7,58,42487.33,22,13,9.68,utilities,0
3959.01,34,76325.54,14,14,3.69,utilities,0
1559.17,29,25670.32,15,11,10.45,travel,0
5421.08,26,100009.24,14,11,22.16,entertainment,0
3509.45,29,82547.53,14,14,15.53,utilities,0
5724.8,34,31260.16,13,12,4.1,utilities,0
5774.31,18,29613.69,8,9,3.09,travel,0
8051.22,50,62232.98,19,10,40.24,electronics,0
6345.08,38,85745.19,22,20,5.13,electronics,0
4603.78,51,37665.2,11,11,35.75,entertainment,0
8731.31,25,58636.07,14,15,6.21,grocery,0
1722.2,35,58342.2,11,10,19.62,utilities,0
6299.75,29,26715.51,31,9,30.12,electronics,0
19780.02,24,61934.85,14,15,23.64,entertainment,0
13268.46,22,74069.75,27,1,103.41,travel,1
9152.98,20,36769.08,22,10,6.17,travel,0
11483.07,35,68764.63,18,16,16.85,electronics,0
6947.05,30,61467.43,13,8,16.99,entertainment,0
4307.68,25,67298.33,13,9,8.37,electronics,0
14638.13,52,33987.64,10,13,10.14,grocery,0
4316.16,31,31907.77,14,15,7.14,entertainment,0
2412.48,18,55365.07,13,20,16.19,electronics,0
7428.29,29,51661.48,13,17,14.19,utilities,0
2236.82,20,24110.24,18,14,1.3,grocery,0
3279.29,41,21093.43,13,16,9.48,travel,0
6873.58,28,36073.49,18,17,20.65,grocery,0
2856.94,21,45279.05,21,19,2.91,travel,0
9033.27,25,68316.36,11,11,13.48,utilities,0
7078.71,23,90881.66,11,13,16.09,utilities,0
2432.91,26,70864.51,24,13,2.11,utilities,0
1857.99,21,144139.27,13,14,20.43,travel,0
25364.62,24,51486.54,33,0,61.53,electronics,1
5325.62,37,101455.52,14,21,9.26,utilities,0
9127.32,21,92435.36,17,16,31.13,grocery,0
5642.04,28,103155.3,21,14,16.31,grocery,0
11550.27,29,100257.44,13,15,16.73,utilities,0
2270.48,26,42377.44,12,10,22.52,travel,0
4670.68,39,37653.2,14,17,2.64,entertainment,0
3685.42,34,83606.94,15,14,20.6,entertainment,0
5634.43,33,58010.47,21,11,15.8,travel,1
9892.42,32,75122.19,13,11,9.19,entertainment,0
6033.54,29,41157.94,15,13,21.8,grocery,0
3713.66,29,75932.85,8,13,3.08,entertainment,0
3328.41,58,41508.09,12,15,11.23,utilities,0
1790.62,45,36399.16,11,16,9.76,travel,0
2697.55,29,69532.95,11,12,1.93,entertainment,0
7476.92,26,51208.41,22,14,6.95,entertainment,0
3655.63,22,65362.94,13,13,4.16,utilities,0
28283.53,21,57068.9,25,3,27.69,grocery,1
17295.04,44,111872.71,20,9,14.81,electronics,0
6616.68,32,84081.6,13,12,0.23,entertainment,0
1187.99,18,72169.19,17,11,10.74,utilities,0
5118.14,23,113970.07,13,17,0.98,electronics,0
1296.55,25,57739.49,13,15,14.88,utilities,0
29481.64,30,103528.11,32,6,107.87,electronics,1
6672.29,34,88001.81,17,10,18.41,travel,0
4073.27,20,27787.8,14,14,5.39,utilities,0
11278.3,35,125919.9,15,15,1.78,utilities,0
2993.23,29,219446.57,20,17,8.82,utilities,0
5733.06,25,52654.27,13,13,6.78,entertainment,0
2440.14,31,89108.21,18,19,17.41,utilities,0
13087.95,19,53199.65,12,5,17.43,entertainment,0
2603.98,33,22094.44,14,12,5.6,grocery,0
1051.24,35,104361.11,15,18,34.06,grocery,0
8224.77,31,103555.23,13,12,16.96,utilities,0
5540.66,49,37727.71,13,13,30.07,utilities,0
3187.12,49,99877.68,22,14,1.69,utilities,0
10076.34,25,53273.56,14,17,15.59,utilities,0
3422.22,30,34251.04,13,13,6.01,entertainment,0
8701.28,49,56115.93,13,20,13.79,grocery,0
2668.33,28,165692.0,16,15,22.62,electronics,0
4263.14,29,104899.39,13,16,2.88,grocery,0
4086.4,18,63413.43,18,10,23.95,electronics,0
2408.81,20,56413.01,22,8,10.38,utilities,0
7147.38,32,76265.46,15,14,5.31,grocery,0
3364.24,31,141333.51,11,18,18.3,grocery,0
7655.8,20,30136.56,19,3,52.81,travel,1
6563.72,19,90278.23,14,11,5.57,grocery,0
7993.25,20,46329.93,12,14,0.52,travel,0
2092.49,33,97415.45,13,14,3.37,travel,0
2466.24,18,53870.55,12,10,1.85,travel,0
2773.01,43,52012.4,22,10,7.59,entertainment,0
5061.45,29,32635.06,14,14,24.8,entertainment,1
2342.51,18,52963.73,11,8,7.65,entertainment,0
3908.59,37,55102.54,13,15,26.12,grocery,0
5270.66,49,43340.93,13,15,1.41,travel,0
9539.79,34,52261.35,13,8,18.13,grocery,0
2522.38,51,44032.26,13,19,1.48,grocery,0
4354.63,34,101697.86,14,12,6.05,utilities,0
10769.71,22,83620.66,12,12,4.31,utilities,0
3059.56,26,46540.56,14,14,11.14,utilities,0
2810.52,31,35044.08,16,15,3.93,grocery,0
9481.44,32,88155.07,14,13,10.73,utilities,0
2903.24,22,57226.2,15,14,36.16,travel,0
2245.75,26,85253.78,20,12,2.76,electronics,0
9041.11,37,53052.52,28,14,7.0,electronics,0
2207.87,30,56923.17,13,11,15.84,utilities,0
2299.29,41,66182.18,14,14,19.06,utilities,0
1977.97,42,173981.64,22,14,0.05,utilities,0
4927.01,33,45657.02,14,13,0.42,grocery,0
2341.84,55,73401.83,13,13,9.1,entertainment,0
4008.29,18,41334.63,18,15,8.57,travel,0
3817.22,42,107497.97,11,10,22.93,electronics,0
4615.17,48,55889.92,19,15,28.1,electronics,0
4888.35,33,104942.28,13,13,1.38,entertainment,0
5153.22,40,39155.9,19,16,1.55,grocery,0
6147.67,23,35871.18,12,21,23.84,grocery,0
12493.16,41,108025.92,8,13,9.88,entertainment,0
11867.26,34,270021.64,14,13,3.17,entertainment,0
19194.1,31,79522.71,17,9,3.89,travel,0
13883.76,18,74510.0,13,23,15.54,utilities,0
8391.53,18,54693.26,34,4,111.72,grocery,1
2715.75,35,114681.58,14,16,16.31,utilities,0
2444.64,31,75400.07,18,13,21.97,grocery,0
1708.54,27,65190.04,14,10,16.86,grocery,0
16905.61,25,170484.97,20,17,9.27,utilities,0
2624.93,60,65096.24,21,16,27.87,utilities,0
28176.55,38,43893.23,27,6,11.49,travel,1
4310.95,27,39513.61,21,12,6.68,electronics,0
5270.46,39,63026.9,14,12,14.96,utilities,0
3359.86,25,82016.93,13,10,17.54,grocery,0
12961.24,42,46531.29,13,16,23.06,grocery,0
2395.52,36,96176.28,11,9,23.64,entertainment,0
11208.14,36,22743.31,23,10,112.39,travel,1
5294.12,35,39942.74,13,16,2.55,grocery,0
2479.83,34,83892.14,16,17,9.52,utilities,0
10410.12,45,256654.21,12,13,16.42,travel,0
3357.39,45,113975.97,14,17,11.72,travel,0
9480.03,33,35219.19,18,14,1.28,electronics,0
8172.25,30,55236.76,21,19,12.64,grocery,0
4212.16,34,57368.58,12,23,27.83,grocery,0
3444.97,52,52615.63,20,18,30.67,grocery,0
8274.29,49,118993.09,13,11,2.92,electronics,0
3398.91,48,77135.97,27,13,24.29,utilities,0
12280.52,36,141740.64,21,11,2.81,travel,0
6035.68,19,48956.0,17,12,2.77,travel,0
1850.15,28,71338.73,14,17,1.38,utilities,0
4204.39,27,99151.52,19,14,3.76,travel,1
5595.01,18,64864.32,11,18,0.16,electronics,0
2492.35,32,68848.43,13,10,13.24,travel,0
4923.24,27,66773.1,13,10,12.19,utilities,0
6147.31,30,36929.11,14,10,2.04,entertainment,0
1822.98,44,48831.27,11,11,4.49,travel,0
17996.62,23,80231.81,22,1,17.99,grocery,1
6916.26,23,151577.01,11,13,8.74,travel,0
2866.67,29,94679.0,14,10,11.45,entertainment,0
4819.85,28,80317.73,19,15,16.19,grocery,0
7375.87,27,91225.63,13,19,24.31,travel,0
11972.48,31,39406.44,34,6,79.7,grocery,1
6922.09,22,26788.75,18,13,14.43,electronics,0
3720.71,42,19456.26,11,11,1.83,electronics,0
2227.66,18,61457.14,14,15,6.26,electronics,0
3666.2,18,100739.56,12,10,8.21,utilities,0
19147.66,28,27636.12,24,2,129.48,electronics,1
8488.21,38,63245.87,17,12,2.96,utilities,0
2378.61,29,83059.32,20,8,7.41,travel,0
10604.92,42,241700.1,21,10,2.87,travel,0
2193.63,31,45580.14,14,11,19.92,electronics,0
9117.71,42,113163.5,13,15,14.06,travel,0
3774.41,31,35457.76,12,8,25.19,travel,0
1938.69,19,53720.91,15,15,3.1,grocery,0
6669.59,22,50132.44,13,9,14.39,travel,0
4737.1,36,97206.67,14,15,9.03,electronics,0
3298.79,41,209408.14,13,12,0.5,utilities,0
5634.18,46,49142.52,12,14,1.37,grocery,0
7365.87,25,64250.93,13,11,8.85,travel,0
1960.99,44,30539.53,13,14,3.61,travel,0
3563.8,53,55941.74,18,9,19.48,utilities,0
7289.68,24,20494.83,33,12,13.52,electronics,1
31747.18,45,45519.97,27,16,18.57,grocery,1
4001.72,29,69081.83,18,17,2.53,utilities,0
2098.94,36,45823.14,14,15,15.7,electronics,0
13612.48,37,33152.69,22,11,29.23,travel,0
4308.51,18,76405.12,17,10,2.58,travel,0
2686.72,32,29372.89,14,19,28.8,electronics,0
3775.02,56,54575.12,13,13,5.26,entertainment,0
6403.64,28,41136.01,11,10,3.26,entertainment,0
5521.56,33,28158.14,14,15,16.59,utilities,0
3114.1,38,73275.85,18,18,1.87,utilities,0
13527.84,30,26268.37,16,15,8.02,electronics,0
10053.89,46,38913.63,15,12,10.97,electronics,0
7809.37,50,49941.69,11,14,14.83,entertainment,0
4471.31,31,125521.24,11,16,18.82,grocery,0
1797.61,42,110543.28,13,22,20.27,grocery,0
4944.51,41,102035.43,20,10,7.18,entertainment,0
1697.98,52,73983.65,14,17,13.81,utilities,0
2386.28,28,34322.3,14,10,5.82,travel,0
7322.39,26,130903.15,11,15,2.52,utilities,0
6064.34,39,49130.26,23,11,23.68,electronics,1
2647.13,18,58357.9,16,13,33.04,electronics,0
8759.13,27,111488.05,11,10,8.64,travel,0
2661.45,37,72415.68,13,21,13.65,electronics,0
6569.98,33,72216.0,14,14,22.79,grocery,0
9812.68,49,70019.62,13,21,7.57,utilities,0
2228.18,41,60903.81,12,9,15.37,travel,0
6741.32,25,132197.4,31,11,16.54,utilities,0
14141.71,24,143327.83,11,10,27.1,travel,0
8292.12,41,69978.51,20,21,12.28,travel,0
8724.26,24,93121.55,14,11,13.05,entertainment,0
1771.41,52,197833.04,14,18,2.7,grocery,0
6171.06,24,67959.2,23,9,18.82,travel,0
11692.87,59,24285.35,10,14,22.22,electronics,0
4767.86,28,111417.07,14,11,1.05,entertainment,0
2334.86,25,59977.61,13,15,10.34,entertainment,0
2187.38,44,43830.67,11,15,5.97,travel,0
2128.14,20,137590.43,13,11,25.63,entertainment,0
2692.31,18,86380.93,15,12,12.45,grocery,0
11690.29,20,17125.12,28,2,125.75,electronics,1
4712.28,37,78618.15,20,13,15.68,electronics,0
2616.22,27,32310.91,11,13,9.35,utilities,0
3663.82,29,30398.36,23,14,3.73,electronics,0
1962.43,28,90368.94,14,13,5.78,grocery,0
2486.79,30,37083.03,13,12,6.27,utilities,0
3135.64,34,36299.24,9,15,0.43,electronics,0
7745.7,25,23328.65,17,17,5.07,travel,0
8501.22,22,67138.55,22,18,5.63,electronics,0
2442.63,25,75973.71,14,9,1.19,entertainment,0
6830.29,35,81660.43,14,13,18.91,utilities,0
1851.53,38,51625.43,15,15,2.22,utilities,0
3222.08,35,69886.02,15,17,9.57,utilities,0
8891.39,46,182496.96,11,14,1.31,travel,0
1983.52,45,368431.56,12,12,10.27,travel,0
5272.33,37,74441.45,12,13,11.2,entertainment,0
2786.16,46,70138.19,11,16,17.48,utilities,0
2847.25,19,52551.59,13,12,5.87,grocery,0
2484.76,37,30249.59,20,11,9.97,entertainment,0
1591.47,27,35948.9,15,12,9.01,grocery,0
11681.26,23,42857.26,10,11,29.75,utilities,0
2330.04,40,36511.4,35,14,1.72,utilities,0
11518.15,22,80515.35,18,14,15.66,utilities,0
8308.58,46,65893.29,12,15,1.55,entertainment,0
4393.08,40,154582.84,18,17,6.41,electronics,0
7087.8,23,62990.15,12,22,19.19,utilities,0
3822.79,30,22180.3,22,21,128.02,electronics,0
4901.92,23,40281.58,13,16,10.48,electronics,0
5132.99,20,32239.15,15,12,8.68,utilities,0
7170.76,24,28486.39,24,4,61.68,travel,1
3129.86,40,260563.34,14,12,25.05,entertainment,0
10410.25,22,103846.93,10,14,14.27,travel,0
6403.47,39,122610.97,19,12,32.55,utilities,0
13505.89,31,131875.16,14,17,9.76,travel,0
10500.78,27,63417.6,14,11,9.63,travel,0
8663.29,38,116436.52,14,10,10.52,utilities,0
1813.29,34,53369.67,13,15,0.9,electronics,0
13338.08,26,48289.79,20,9,18.47,grocery,0
1851.8,30,29685.97,12,11,11.93,utilities,0
5159.54,27,41903.57,13,15,2.67,utilities,0
5238.71,44,139383.5,22,14,15.49,utilities,0
5395.51,24,78016.81,20,19,7.78,entertainment,0
1831.6,34,63625.28,21,11,5.99,utilities,0
8412.56,29,77154.77,18,15,3.21,travel,0
2596.84,20,81769.57,12,15,30.09,electronics,0
1869.45,32,68901.26,12,15,13.58,entertainment,0
1295.21,31,82151.68,14,18,1.9,grocery,0
7056.86,27,141689.54,18,13,1.45,grocery,0
5794.57,33,104781.5,10,22,7.81,grocery,0
3914.5,22,76283.75,13,11,18.29,travel,0
7698.76,22,55936.28,17,10,6.47,travel,0
21325.74,19,353162.43,13,8,3.95,entertainment,0
5791.15,28,33996.38,10,14,9.94,electronics,0
10177.04,45,228504.27,28,8,3.41,electronics,1
2503.81,53,30606.85,14,16,3.38,electronics,0
2190.72,22,113072.08,18,13,2.8,electronics,0
7354.4,18,68482.61,15,22,23.99,entertainment,0
5917.01,30,40213.73,14,16,4.41,grocery,0
3037.27,21,38815.85,29,15,0.61,electronics,0
14595.17,52,40515.31,12,12,7.57,grocery,0
1789.91,31,61430.37,14,11,7.32,electronics,0
1961.13,31,73550.69,17,13,2.46,grocery,0
7909.88,22,94175.78,17,7,10.43,travel,0
3061.27,37,19467.15,10,23,20.85,travel,0
10251.84,28,138463.16,11,16,26.55,utilities,0
4228.59,28,21184.16,8,15,5.0,travel,0
4220.21,24,246716.48,15,15,5.65,entertainment,0
2126.65,28,44618.57,19,9,3.44,electronics,0
3376.63,18,168821.55,16,18,2.97,utilities,0
16648.99,33,33021.91,21,9,1.74,utilities,0
20725.7,22,70418.27,13,17,19.81,electronics,0
4752.09,19,28643.01,17,13,27.64,travel,0
2714.1,26,95731.46,14,16,2.98,entertainment,0
9486.0,21,40610.53,22,9,24.78,travel,0
5876.23,25,85293.22,13,4,16.86,grocery,1
1678.97,42,97411.66,14,13,6.47,entertainment,0
9409.11,45,41020.86,14,12,8.99,grocery,0
7647.68,49,80772.56,14,1,0.89,electronics,0
3484.22,42,171046.19,12,12,14.59,grocery,0
2487.29,32,45925.6,14,19,6.56,utilities,0
4751.76,39,27343.18,11,10,3.73,entertainment,0
6385.08,24,75747.13,13,8,10.3,travel,0
1684.27,26,39960.48,14,14,3.26,entertainment,0
11221.91,28,99291.36,11,11,30.29,entertainment,0
14763.48,41,31286.32,35,12,21.12,travel,1
3082.39,36,93218.68,12,16,12.5,entertainment,0
3272.26,34,30001.52,13,17,10.89,grocery,0
6301.41,47,77085.67,29,16,16.68,grocery,0
10173.92,24,155788.5,13,14,2.63,entertainment,0
3795.96,24,47560.24,13,18,0.74,electronics,0
1698.32,38,220852.47,13,17,29.11,utilities,0
3603.17,35,254668.74,14,13,11.23,entertainment,0
2347.89,34,62954.84,12,11,23.56,entertainment,0
1470.52,31,31407.64,15,11,9.98,grocery,0
6786.12,24,45943.78,13,18,33.46,travel,0
3624.01,37,70623.59,14,14,0.0,electronics,0
5283.86,33,85651.8,17,11,2.16,electronics,0
3621.85,39,114918.4,16,13,17.47,utilities,0
5413.37,23,38785.16,26,0,5.51,utilities,1
2827.85,22,128523.98,14,13,1.53,travel,0
4358.6,24,43777.39,18,15,7.26,travel,0
3824.14,32,266506.72,14,10,14.73,entertainment,0
3693.31,24,79432.86,11,17,10.6,utilities,0
6090.14,39,54907.74,22,15,38.95,electronics,0
1573.47,28,37787.5,12,16,1.78,grocery,0
4365.65,46,133353.29,14,10,10.6,entertainment,0
4690.76,19,41770.18,16,7,35.85,entertainment,0
3756.33,45,50022.85,34,10,7.44,grocery,0
7216.34,24,16572.93,18,14,0.67,grocery,0
5414.13,20,71209.12,15,11,16.01,entertainment,0
2429.13,20,66320.91,14,14,5.92,utilities,0
10083.78,29,46358.74,13,13,34.77,electronics,0
2642.13,39,128562.54,13,21,2.96,entertainment,0
3939.99,31,43866.94,18,10,24.89,grocery,0
20302.14,38,42597.51,25,8,24.85,travel,1
6015.34,25,35589.33,20,8,11.15,utilities,0
17556.84,19,108736.41,18,18,22.5,travel,0
3535.97,18,87999.25,9,11,1.06,electronics,0
2941.31,21,64527.31,20,16,23.79,electronics,0
10008.86,60,57730.56,18,16,0.7,travel,0
3574.9,18,67348.23,14,15,13.8,utilities,0
6807.89,39,60470.48,20,15,25.34,utilities,0
11445.15,31,47586.59,16,14,11.99,travel,0
1377.09,39,37769.49,12,20,13.17,electronics,0
2275.67,33,55061.6,13,9,2.16,travel,0
1491.55,29,52518.68,15,11,7.48,utilities,0
10158.63,30,198109.08,12,22,5.79,travel,0
2154.31,20,90175.39,9,14,13.99,entertainment,0
20802.29,23,76602.51,14,17,8.7,entertainment,0
2711.91,31,36372.65,14,14,15.5,grocery,0
3470.77,21,84488.01,15,7,8.29,utilities,0
2137.62,28,56607.61,18,13,6.03,grocery,0
7825.5,22,53803.49,31,2,94.83,grocery,1
9836.4,39,44039.29,12,14,2.07,electronics,0
12615.16,52,52605.28,17,12,15.91,utilities,0
4858.49,33,79652.29,14,12,13.99,entertainment,0
2935.62,44,154505.37,19,11,9.98,travel,0
6922.72,26,84565.57,22,22,124.3,grocery,1
2553.66,46,81884.93,14,18,7.32,utilities,0
4988.84,32,51652.49,14,18,9.7,travel,0
3536.01,33,51149.55,13,15,12.77,electronics,0
1635.16,37,147873.25,11,14,2.85,grocery,0
1974.41,24,89410.7,17,16,31.37,utilities,0
3093.95,45,100385.24,16,12,6.84,entertainment,0
4015.0,36,307557.06,13,12,15.86,utilities,0
6863.09,45,32837.11,13,12,25.65,electronics,0
8391.52,36,96246.15,21,6,14.03,electronics,1
5485.44,36,89391.86,14,10,2.4,travel,0
2523.21,30,201508.2,11,12,4.36,utilities,0
6019.67,19,97575.79,14,18,2.56,utilities,0
4254.34,18,28856.41,26,0,6.06,travel,1
3862.91,41,57044.99,14,14,21.84,travel,0
9294.55,36,107901.22,22,17,16.83,electronics,0
7257.02,31,111473.93,25,1,113.56,travel,1
6651.9,41,68382.81,15,9,22.37,travel,0
3308.41,18,84106.81,13,11,3.54,travel,0
7705.64,28,51746.15,13,15,19.03,grocery,0
1758.58,35,74493.29,14,10,10.98,electronics,0
1771.82,48,73436.16,13,11,21.2,entertainment,0
25503.75,47,44442.43,26,4,128.12,electronics,1
10463.22,27,77950.28,13,21,10.29,utilities,0
4460.13,33,17157.24,18,13,16.22,grocery,0
8464.92,46,226002.82,14,15,32.51,grocery,0
1487.64,30,27190.61,14,10,27.47,utilities,0
11129.58,30,42831.59,14,14,1.46,entertainment,0
4826.05,30,48626.1,21,9,3.8,electronics,0
1226.45,48,49880.45,13,16,6.42,entertainment,0
3086.15,31,141799.86,14,14,3.52,grocery,0
15331.79,50,218984.2,13,17,24.05,entertainment,0
1693.0,31,40787.08,13,16,13.13,grocery,0
4908.33,43,161476.06,19,14,25.51,utilities,0
19460.88,18,36361.38,18,11,31.21,electronics,0
3681.43,36,88538.66,18,13,31.04,travel,0
3668.11,26,69319.11,22,9,10.79,utilities,0
7300.3,26,146596.05,13,11,15.57,utilities,0
6894.54,43,63826.47,10,9,6.9,travel,0
8654.32,18,26303.12,18,15,6.0,entertainment,0
1903.25,33,49246.58,15,10,10.08,grocery,0
4980.4,20,34691.7,13,11,2.91,utilities,0
14681.48,35,30747.96,14,13,4.44,grocery,0
2246.45,26,64188.58,10,15,9.77,utilities,0
3533.48,39,125302.15,14,13,1.88,utilities,0
7079.34,47,200056.12,19,16,3.28,travel,0
1432.93,26,75565.03,15,14,25.51,utilities,0
3734.34,18,58545.78,15,11,20.72,electronics,0
17656.13,20,93321.31,14,11,14.42,travel,0
29830.7,42,102828.55,26,1,8.71,travel,1
2155.71,22,45101.32,14,15,18.19,utilities,0
5998.17,44,88234.41,17,20,18.03,entertainment,0
2669.05,32,41474.47,11,13,5.49,utilities,0
2614.41,28,78664.64,12,13,1.79,utilities,0
1620.34,41,35870.67,16,14,6.79,utilities,0
6137.44,35,57112.69,14,9,3.8,electronics,0
7360.3,58,66543.45,25,16,17.13,electronics,0
6854.65,24,80982.86,22,21,7.16,travel,0
8576.46,52,66164.44,15,14,8.47,grocery,0
10329.91,27,46045.19,11,12,16.45,electronics,0
7167.6,32,85231.69,12,15,9.06,utilities,0
2677.85,29,81772.08,18,17,11.02,grocery,0
3797.04,30,56854.62,11,13,14.78,electronics,0
5608.87,33,42180.11,15,14,3.29,electronics,0
4423.35,20,143722.82,11,16,3.95,grocery,0
4690.52,37,67727.74,23,11,8.55,travel,0
4646.75,43,30267.83,14,11,3.14,entertainment,0
1987.03,32,43946.76,18,13,0.51,grocery,0
12877.72,18,37875.27,11,16,1.85,electronics,0
16695.71,47,44422.13,13,11,17.95,utilities,1
9516.89,39,47520.32,13,7,31.75,travel,0
13061.77,31,46894.25,14,11,4.3,travel,0
1728.47,46,52009.71,21,18,12.24,grocery,0
2143.5,33,40162.51,19,14,2.31,utilities,0
4485.92,24,33120.72,18,9,1.57,electronics,0
3454.75,47,45584.97,10,12,3.25,utilities,0
2472.94,40,37826.32,13,12,0.73,electronics,0
1998.45,29,93781.5,14,13,13.5,utilities,0
5099.28,23,85182.5,15,14,6.52,entertainment,0
4096.64,27,82277.63,13,18,14.43,travel,0
9943.19,20,72279.97,27,17,34.22,electronics,1
3294.41,35,61349.68,15,20,2.8,travel,0
2555.39,38,123354.74,13,16,4.3,entertainment,0
8550.82,33,40617.91,13,16,3.22,utilities,0
9101.14,47,22870.95,21,16,4.36,utilities,0
943.5,32,40727.82,32,15,13.66,electronics,0
4159.75,24,62011.14,14,13,11.79,electronics,0
2343.51,30,45618.1,19,9,22.16,entertainment,0
5337.59,18,116593.61,11,15,7.38,electronics,0
2010.86,47,73155.15,20,14,16.09,grocery,0
2467.24,29,111824.87,13,16,1.5,grocery,0
16660.14,41,167181.11,23,13,11.97,travel,0
2845.62,18,43180.21,17,14,3.67,electronics,0
6564.98,27,96560.67,14,14,29.27,travel,0
4103.63,37,67082.08,9,16,9.49,electronics,0
2720.98,26,115534.27,16,13,17.85,electronics,0
13569.46,18,28560.6,14,12,17.22,utilities,0
10606.27,29,102156.4,28,18,30.65,utilities,0
7065.71,34,50931.98,15,14,27.93,grocery,0
6754.93,22,71739.15,10,19,11.78,electronics,0
2629.68,25,287377.56,16,15,1.86,grocery,0
3411.15,39,108915.34,16,16,4.7,utilities,0
5281.14,19,45167.6,17,10,1.02,travel,0
3092.86,48,106995.7,21,12,6.82,utilities,0
8261.95,18,38748.92,11,12,11.26,electronics,0
8468.94,36,56338.23,12,16,3.15,electronics,0
2826.0,24,41404.69,10,11,13.21,entertainment,0
6787.55,24,76494.73,19,11,3.18,grocery,0
1179.72,32,73547.37,14,12,2.29,grocery,0
13583.42,43,64984.63,22,1,11.93,grocery,1
5377.66,37,24866.15,16,10,22.24,travel,1
16849.14,54,71458.16,21,0,125.65,grocery,1
2165.51,41,85697.55,8,16,2.99,electronics,0
10104.59,47,126867.27,13,22,19.79,travel,0
14795.7,30,24710.61,22,12,17.7,travel,1
3003.2,27,104359.14,13,13,3.77,grocery,0
1607.86,28,138710.71,8,15,6.03,utilities,0
2628.82,39,50743.02,13,9,3.35,electronics,0
3895.18,18,111196.39,13,14,3.95,travel,0
2533.15,50,26932.74,18,18,2.18,travel,0
3749.94,37,70944.49,13,8,2.68,travel,0
3007.86,55,32638.61,12,14,2.73,utilities,0
1662.49,22,44769.04,13,15,15.21,electronics,0
12038.54,47,92757.95,7,15,5.74,travel,0
1774.12,31,52873.22,16,14,11.05,grocery,0
1579.02,23,100686.15,19,12,0.72,entertainment,0
4382.42,45,71353.99,15,13,2.44,grocery,0
2175.17,41,68511.69,14,16,12.23,utilities,0
8977.85,39,73477.29,12,16,14.95,utilities,0
8251.73,38,76910.54,13,15,2.63,travel,0
10573.05,39,65909.5,15,16,13.23,travel,0
5270.29,23,50539.19,15,15,13.23,travel,0
4473.47,43,33884.29,12,13,2.3,electronics,0
17723.97,22,73875.87,21,1,8.2,grocery,1
5303.74,25,17535.63,29,9,20.41,grocery,1
4330.7,25,180405.62,14,18,19.14,grocery,0
13657.81,23,35148.2,10,8,4.33,travel,0
1876.67,19,84712.91,11,15,8.1,utilities,0
1940.26,24,90392.0,18,15,9.37,utilities,0
1268.94,61,37245.18,18,15,6.72,utilities,0
2291.43,31,31939.44,18,14,1.28,utilities,0
5709.72,49,59114.58,13,13,19.12,travel,0
4160.99,35,105642.05,12,19,1.25,travel,0
787.5,39,87312.45,13,13,25.62,grocery,0
3277.28,24,128730.05,10,13,16.31,utilities,0
5033.03,19,44913.48,19,12,0.95,travel,0
16531.61,23,65073.2,10,13,3.86,entertainment,0
1733.98,38,104192.5,18,15,5.26,electronics,0
4375.54,31,140539.05,13,9,2.18,electronics,0
2693.94,35,35495.6,18,8,0.12,entertainment,0
1819.55,41,12406.37,9,15,10.38,electronics,0
4928.15,30,54302.04,11,14,18.11,utilities,0
3770.34,22,71406.84,12,15,0.79,entertainment,0
17032.41,22,111776.78,19,15,26.01,travel,0
2772.05,32,169856.01,14,8,13.83,entertainment,0
2312.9,50,94689.35,10,13,5.43,grocery,0
3486.69,24,60337.29,14,10,7.02,electronics,0
5293.84,29,129418.48,19,17,11.73,grocery,0
3177.39,18,39756.93,14,21,6.14,electronics,0
5137.9,28,44534.97,13,15,16.63,utilities,0
2808.19,46,136340.09,14,14,12.9,entertainment,0
6759.36,19,91159.29,27,2,71.28,travel,1
7066.12,28,59617.91,20,14,26.64,electronics,0
4696.18,26,127674.49,14,21,8.67,grocery,0
8791.62,33,88977.4,21,16,2.95,travel,0
1683.5,30,68769.63,11,17,13.77,electronics,0
2553.13,25,44226.45,7,11,35.96,travel,0
7047.85,31,128902.91,20,16,18.45,electronics,0
21667.42,22,79451.49,19,11,8.79,travel,0
5365.96,23,66265.06,12,11,22.67,electronics,0
3848.82,23,66226.96,23,13,16.72,utilities,0
1558.32,38,53112.8,18,13,14.65,grocery,0
2189.17,48,54203.13,19,11,1.55,electronics,0
3896.56,29,47180.19,14,20,12.29,grocery,0
11632.92,45,77387.44,13,10,23.15,utilities,0
9853.43,33,69211.92,14,16,3.21,utilities,0
7743.37,41,249364.75,14,11,12.29,utilities,0
4443.02,36,49455.0,31,13,8.2,electronics,0
5654.85,19,201446.05,12,11,26.54,utilities,0
4317.51,21,153736.32,23,9,1.62,travel,0
1674.43,33,39374.15,21,12,4.85,utilities,0
4938.91,19,127517.96,14,20,11.7,grocery,0
2509.3,47,166286.05,14,12,26.14,travel,0
1460.17,46,44128.48,11,15,1.25,utilities,0
1619.07,18,44131.22,13,16,1.0,entertainment,0
6875.14,43,195338.1,8,10,36.13,entertainment,0
5788.13,62,33024.94,15,13,9.6,utilities,0
8071.7,24,29412.59,22,2,121.66,travel,1
2881.33,39,27736.16,13,21,6.29,utilities,0
2335.18,26,92865.0,13,15,7.9,utilities,0
13426.15,38,38914.27,12,14,5.59,electronics,0
8533.71,45,257856.84,21,18,12.87,utilities,0
4622.06,48,65174.69,14,15,8.93,entertainment,0
7332.27,26,121251.27,15,16,3.74,travel,0
11376.75,28,85912.89,18,19,11.09,utilities,0
1955.06,43,81751.23,14,15,14.14,utilities,0
8852.6,51,40187.1,15,12,16.1,grocery,0
4510.92,22,58625.72,12,18,33.28,travel,0
9060.83,35,173451.88,13,11,1.22,utilities,0
2685.09,41,121249.11,12,18,3.18,utilities,0
7573.94,35,194140.59,14,18,2.67,utilities,0
2068.02,18,72098.32,21,16,0.53,travel,0
3812.4,50,81504.63,13,12,26.3,grocery,0
7192.34,18,47117.87,11,21,14.31,travel,0
2528.05,36,121664.81,14,16,19.72,utilities,0
6263.4,53,168618.69,13,14,12.81,grocery,0
3223.71,36,157025.35,14,12,22.53,electronics,0
4832.21,30,41325.07,15,18,2.11,grocery,0
5193.89,18,53027.15,18,9,7.33,travel,0
4124.15,46,23007.84,15,15,15.01,travel,0
6641.89,22,27264.07,20,19,9.31,entertainment,0
7372.66,36,50987.35,14,11,2.64,entertainment,0
3823.88,27,119115.69,13,18,12.86,utilities,0
5196.24,22,55443.39,13,14,3.34,travel,0
3412.95,56,45315.44,14,21,14.95,electronics,0
7416.02,43,554268.04,14,10,21.84,utilities,0
7240.05,24,41333.05,13,12,2.89,entertainment,0
5759.66,46,34027.23,26,3,30.56,electronics,1
2683.54,34,186950.21,14,18,14.01,entertainment,0
11852.36,45,36207.58,33,3,86.01,electronics,1
8030.98,21,40906.55,29,9,98.2,travel,1
3591.94,39,41846.64,14,14,7.9,electronics,0
3119.6,23,44749.0,16,10,31.02,electronics,0
8637.8,24,299274.19,13,10,2.69,travel,0
10466.85,46,40121.26,14,18,12.97,electronics,0
4935.58,18,66609.89,21,9,0.0,electronics,0
22988.08,20,156304.25,10,10,5.97,entertainment,0
4503.66,33,37949.19,20,13,26.3,electronics,1
10107.47,21,86810.42,17,8,17.5,travel,0
2714.73,45,140911.21,13,15,25.27,electronics,0
7287.49,28,67058.31,12,13,26.0,grocery,0
1123.72,29,27275.19,15,11,6.86,grocery,0
19290.83,32,56704.09,28,1,6.62,electronics,1
3279.25,25,60453.04,14,15,2.88,utilities,0
10739.76,22,83954.38,13,11,13.06,travel,0
7441.19,50,43888.36,17,15,1.88,travel,0
3769.33,27,79784.72,11,12,16.54,utilities,0
2749.32,19,69347.34,18,22,10.72,electronics,0
17058.55,23,47510.16,13,13,0.95,travel,0
6599.19,29,59845.86,11,18,21.43,electronics,0
4237.73,40,59940.86,11,13,15.0,electronics,0
8595.93,43,88601.1,20,13,15.6,electronics,1
3497.97,26,57045.81,13,13,17.02,entertainment,0
7419.45,45,76412.73,16,13,1.27,electronics,0
5989.31,29,52073.28,13,8,22.17,electronics,0
3781.49,18,139412.37,20,11,16.47,travel,0
6456.69,36,103805.8,20,14,9.07,utilities,0
4508.19,26,55152.73,20,11,15.24,travel,0
3180.3,43,50669.31,14,14,6.75,travel,0
5625.07,23,78997.69,14,14,9.75,utilities,0
2595.22,54,59715.03,12,13,28.49,electronics,0
3331.88,29,73282.59,16,12,21.74,entertainment,0
8691.97,46,91984.21,13,12,2.85,utilities,0
1781.84,29,120450.99,14,15,10.35,grocery,0
5529.75,41,136549.34,26,11,13.63,electronics,1
7296.73,31,64392.31,13,17,32.64,travel,0
3092.44,43,222888.93,14,9,4.0,entertainment,0
2850.49,30,31935.22,11,17,1.46,entertainment,0
2526.45,20,72822.45,13,17,1.2,travel,0
1486.5,18,46192.57,9,15,1.32,travel,0
5221.65,30,59801.81,14,13,14.82,utilities,0
6563.48,26,54467.64,17,15,12.13,grocery,0
7514.26,36,184993.94,18,11,2.46,grocery,0
2813.75,23,23454.28,14,17,4.51,entertainment,0
2059.36,47,106914.4,20,12,11.97,electronics,0
2495.23,45,87606.51,14,9,6.62,entertainment,0
3483.85,26,189048.27,13,12,22.76,electronics,0
3852.45,55,143039.87,24,19,7.5,electronics,0
2961.84,59,69598.45,10,11,4.13,entertainment,0
2938.7,51,85058.64,13,22,22.98,utilities,0
9817.72,25,72728.16,13,14,6.63,utilities,0
5078.85,43,166837.14,14,14,0.21,electronics,0
8760.88,24,32535.41,25,5,13.68,electronics,1
4131.72,31,27126.16,21,21,2.29,electronics,0
3834.97,24,60725.98,14,14,2.93,electronics,0
2069.29,22,58801.32,11,11,26.55,electronics,0
3082.37,34,56363.22,14,15,0.33,travel,0
3011.8,38,72312.97,14,17,35.14,utilities,0
3927.57,27,40564.0,13,12,15.21,travel,0
5651.87,44,68494.15,31,0,28.12,electronics,0
2425.22,20,44127.75,12,10,7.35,electronics,0
6948.24,32,60536.63,11,16,7.79,grocery,0
4361.3,23,36348.0,13,15,5.09,travel,0
1237.74,26,33475.87,13,15,21.92,utilities,0
19269.41,18,39061.67,28,2,135.82,electronics,1
3965.83,18,76151.91,23,19,25.68,electronics,1
1953.02,51,39150.4,15,12,26.37,grocery,0
3231.66,32,49181.94,12,18,17.5,grocery,0
2308.58,32,24903.12,10,18,1.12,grocery,0
6707.27,45,38775.34,14,12,18.7,utilities,0
2718.62,23,75456.29,17,13,4.4,travel,0
19715.78,21,52400.74,25,9,47.14,electronics,1
4063.15,38,197364.6,14,15,5.28,utilities,0
3853.27,24,66058.2,18,11,25.63,travel,0
5793.37,32,143244.03,19,12,31.19,electronics,0
1750.95,30,41283.25,14,10,0.88,grocery,0
1512.58,30,51233.52,13,10,2.51,travel,0
5937.48,19,55013.2,19,13,0.0,electronics,0
5424.18,22,101905.82,20,10,32.61,travel,0
10294.91,28,27527.42,7,10,5.06,travel,0
10325.77,40,45014.2,10,13,33.01,travel,0
3480.24,25,37135.64,9,13,6.14,utilities,0
3638.55,33,64736.47,16,11,17.13,entertainment,0
1628.55,37,23523.84,11,14,2.61,utilities,0
2646.69,28,67640.5,18,9,5.55,entertainment,0
6413.64,33,68230.8,13,14,17.57,utilities,0
4416.56,27,63497.29,21,8,7.77,electronics,0
4582.02,26,72480.42,14,11,12.1,entertainment,0
3183.36,33,46254.19,18,7,8.36,entertainment,0
5898.13,30,78267.92,11,11,5.14,travel,0
13920.53,29,163197.45,10,12,14.25,travel,0
7446.8,34,55823.94,21,15,5.92,travel,0
2984.31,37,135432.94,18,15,1.86,utilities,0
9150.75,35,44177.08,21,8,32.18,travel,1
3543.81,53,60066.97,17,18,11.76,grocery,0
5425.94,23,151820.69,13,15,27.17,travel,0
3656.15,22,67376.57,11,12,0.0,electronics,0
11324.28,29,80470.83,20,15,10.18,travel,0
13769.6,35,53703.88,12,12,26.71,entertainment,0
6079.9,35,195515.42,12,12,17.22,electronics,0
3162.7,51,128220.31,12,12,3.32,utilities,0
5152.27,50,49339.93,15,7,26.69,entertainment,0
2466.66,31,70909.08,18,12,22.11,entertainment,0
10456.34,18,122260.69,13,9,26.89,travel,0
5958.83,18,43278.09,20,11,79.61,travel,0
15043.41,34,69249.95,10,10,31.91,entertainment,0
7640.4,18,37908.69,14,16,18.34,utilities,0
6866.45,41,138178.15,20,15,4.21,electronics,0
7400.51,25,59442.1,11,14,4.3,entertainment,0
1856.34,36,81766.6,14,14,12.66,utilities,0
10193.43,48,24944.24,21,8,22.5,travel,0
13408.16,26,101873.92,13,11,3.95,utilities,0
12303.55,51,78562.47,15,12,2.52,grocery,0
2570.67,50,32858.23,23,15,12.07,grocery,0
3699.18,44,20279.51,19,15,12.45,grocery,0
11822.73,29,43173.67,13,14,1.56,travel,0
2945.14,34,75206.06,20,12,36.55,entertainment,0
8018.73,23,145218.61,14,16,8.94,electronics,0
3411.23,59,49658.5,13,15,18.63,electronics,0
2911.98,56,76236.49,16,10,7.12,electronics,0
3586.03,22,83115.56,14,12,36.05,utilities,0
5216.59,44,129640.25,13,22,16.83,utilities,0
4228.8,18,159034.23,14,16,12.12,utilities,0
2195.33,23,33765.55,16,16,6.58,electronics,0
1549.92,40,21146.28,19,14,27.28,grocery,0
5540.75,18,103616.79,16,22,7.24,utilities,0
2210.06,48,52323.75,13,14,10.55,utilities,0
10135.32,27,77107.26,13,12,19.66,electronics,0
2588.68,45,86244.93,20,11,1.85,electronics,0
3879.24,21,48276.03,10,11,18.09,electronics,0
17830.33,32,26564.77,30,2,16.03,grocery,1
3069.67,26,63606.15,13,12,3.48,grocery,0
5566.09,27,34739.44,29,3,21.2,entertainment,1
8281.63,49,72297.17,17,10,12.7,electronics,0
3173.85,45,61002.11,23,13,3.31,electronics,0
4622.44,19,43065.53,20,8,6.3,electronics,0
10623.15,31,175789.23,24,11,19.73,electronics,0
6297.56,42,95875.38,11,11,16.0,entertainment,0
1713.77,28,24620.71,16,13,8.35,utilities,0
9270.44,45,88155.99,19,15,2.2,electronics,0
2053.15,37,21206.88,31,5,25.05,electronics,1
19477.89,41,90184.75,24,11,12.39,travel,1
6285.53,32,35256.06,13,13,18.19,entertainment,0
1305.76,29,33876.03,14,10,2.71,utilities,0
2043.6,39,67765.95,12,16,1.89,electronics,0
3795.23,30,25657.19,13,17,4.55,travel,0
1885.3,18,72134.42,16,12,10.13,utilities,0
3519.31,32,61779.08,11,14,17.06,travel,0
2925.29,24,85100.25,11,16,3.29,travel,0
7797.77,40,83520.55,11,14,7.1,entertainment,0
7295.62,25,85812.42,13,14,5.54,entertainment,0
3494.51,50,217677.81,14,13,34.28,entertainment,0
4166.43,18,107289.84,18,17,18.9,utilities,0
4974.27,23,220486.5,9,17,20.15,grocery,0
3175.55,21,84243.18,21,13,21.39,electronics,0
9435.16,44,39237.02,13,14,3.44,travel,0
5129.36,28,50923.9,15,13,3.37,utilities,0
22367.2,41,66594.41,9,17,29.96,entertainment,0
5193.55,34,101241.17,13,10,13.29,electronics,0
5808.1,21,54622.44,21,15,42.85,grocery,1
17045.65,18,25779.0,10,14,0.9,travel,0
3539.87,18,68449.16,12,13,4.41,utilities,0
14448.24,32,67080.86,5,13,13.89,travel,0
2605.68,42,31365.88,13,18,21.5,travel,0
2967.95,25,140190.28,16,8,27.09,grocery,0
2153.66,32,13644.61,13,17,8.48,utilities,0
31664.32,27,63977.86,12,12,2.36,travel,0
3988.52,50,35745.98,10,9,11.08,entertainment,0
3320.4,24,191576.16,15,14,23.96,grocery,0
1142.05,22,42717.56,20,7,8.61,utilities,0
2087.33,28,16127.94,13,19,28.89,grocery,0
7953.21,30,57110.89,21,16,1.4,entertainment,0
1843.96,44,28887.65,14,9,3.7,travel,0
2492.92,44,79945.23,19,14,10.66,utilities,0
3541.92,40,92068.82,10,20,6.7,travel,0
5041.32,38,139640.64,20,14,12.4,travel,0
2274.09,53,19321.71,11,13,2.66,grocery,0
4454.65,35,82005.26,23,7,5.8,travel,1
3724.84,42,46922.18,13,13,14.63,grocery,0
3161.79,24,60013.25,16,11,17.71,entertainment,0
3271.35,35,64053.56,14,13,16.19,travel,0
2046.96,18,148387.02,11,13,2.09,travel,0
3485.99,34,73084.68,14,18,2.63,utilities,0
2682.56,24,74692.42,15,15,21.4,utilities,0
2457.75,28,56482.26,11,11,7.96,travel,0
20435.62,41,175067.3,18,8,19.35,electronics,0
4025.56,52,41297.74,9,18,13.81,utilities,0
4825.01,31,25868.13,18,12,3.44,grocery,0
9846.23,23,65271.56,19,15,2.28,electronics,0
3741.51,25,54108.51,17,10,26.17,electronics,0
1837.58,25,32834.34,18,12,0.69,travel,0
3446.71,35,64657.22,14,16,13.68,utilities,0
15419.0,37,32105.3,34,1,32.73,travel,1
2452.04,31,75560.08,16,16,27.62,utilities,0
1856.87,36,72383.2,16,11,22.36,electronics,0
4650.88,49,321234.12,11,13,12.94,grocery,0
2088.26,52,93266.48,9,17,1.24,grocery,0
11392.71,28,35847.05,18,10,29.43,travel,0
18053.22,47,33192.03,16,14,1.63,electronics,0
8883.52,21,85158.73,20,13,10.12,grocery,0
2535.78,24,150430.08,11,18,6.2,electronics,0
8399.74,25,27415.83,11,14,2.1,electronics,0
7544.37,34,69096.8,13,19,2.29,utilities,0
2751.0,33,149966.12,13,13,26.5,entertainment,0
1439.69,18,74478.66,11,14,3.89,entertainment,0
2751.57,31,46834.32,13,15,2.74,utilities,0
4737.41,26,114524.73,13,10,9.16,electronics,0
11892.63,39,56897.91,13,22,12.01,utilities,0
2607.44,29,109510.12,20,18,12.84,entertainment,0
3920.87,45,92729.94,14,13,5.07,utilities,0
2904.78,23,35656.05,12,13,5.26,utilities,0
7103.63,46,50923.19,12,13,14.11,entertainment,0
4107.64,35,89812.43,11,9,1.88,entertainment,0
6874.26,23,63411.87,23,8,41.55,electronics,1
2563.53,33,143048.87,15,15,7.97,entertainment,0
1701.04,27,187751.27,14,18,29.68,travel,0
7454.39,34,84939.29,16,16,22.4,utilities,0
3211.94,46,48517.25,13,12,10.94,grocery,0
6449.5,24,47685.88,12,12,2.38,electronics,0
2740.73,24,148894.85,11,11,12.8,travel,0
1434.21,35,28654.88,16,12,9.54,utilities,0
5866.35,35,90181.19,11,15,11.24,entertainment,0
2462.1,30,28655.37,13,12,13.75,utilities,0
2983.12,45,80864.8,15,12,19.93,utilities,0
3827.79,53,23595.09,14,9,2.71,entertainment,0
9142.27,44,63120.58,27,9,16.1,electronics,1
1893.11,28,31962.13,16,15,27.78,utilities,0
26125.27,49,72239.89,11,15,10.19,entertainment,0
7939.48,34,38328.67,14,16,17.91,entertainment,0
2331.81,28,84295.59,13,17,3.46,entertainment,0
2295.68,29,45097.34,22,10,10.29,grocery,0
1874.97,27,99921.76,15,13,0.7,grocery,0
7058.74,39,37380.89,14,15,11.76,grocery,0
7799.97,27,54405.6,26,6,36.91,electronics,1
12766.6,19,19462.25,12,15,36.81,entertainment,0
12096.92,20,131577.89,16,15,4.7,entertainment,0
10498.44,31,66539.07,14,12,14.75,grocery,0
5693.75,33,62804.88,11,14,25.74,electronics,0
5869.9,25,154011.18,18,14,22.59,grocery,0
2613.63,24,198230.61,15,13,28.27,utilities,0
5672.43,31,149296.09,29,13,20.85,electronics,0
2677.46,40,83085.71,13,20,1.4,entertainment,0
4558.87,18,228800.81,13,11,12.16,entertainment,0
2050.25,33,20612.72,27,5,97.53,electronics,1
6478.35,37,90886.39,19,12,29.31,travel,0
15450.69,29,73538.99,30,6,6.77,travel,1
16887.53,38,109696.64,11,15,7.18,electronics,0
2379.97,19,133979.24,14,15,14.03,electronics,0
1876.51,19,116365.43,17,21,3.51,utilities,0
2504.84,49,47153.1,13,10,15.54,entertainment,0
6368.59,27,112877.63,12,11,24.53,travel,0
10043.18,41,55965.12,15,15,0.81,travel,0
9621.52,30,76970.42,14,11,2.87,travel,0
2450.63,37,36757.77,13,13,12.08,entertainment,0
5404.55,46,16698.51,18,18,13.65,utilities,0
13247.51,36,57849.64,10,14,10.99,entertainment,0
7567.46,48,42014.99,14,17,18.95,entertainment,0
8800.35,24,46965.99,13,14,8.91,utilities,0
6143.22,47,35424.88,13,10,0.46,electronics,0
9859.88,23,54794.56,23,1,98.24,grocery,1
12929.58,25,180910.99,20,8,61.42,grocery,1
5029.57,28,120398.83,19,23,9.04,utilities,0
1495.87,19,35643.66,11,14,2.54,travel,0
2741.15,43,16354.69,13,17,17.08,utilities,0
2159.8,33,43365.91,20,17,3.44,grocery,0
5586.16,36,18644.74,28,0,56.41,travel,1
4508.69,18,51767.09,14,12,3.85,entertainment,0
8167.92,35,71193.11,29,14,9.44,utilities,0
4236.51,20,37255.39,17,13,8.75,electronics,0
5973.83,25,52853.73,15,15,4.15,entertainment,0
14784.68,31,54301.17,16,7,24.31,entertainment,0
14127.07,19,56782.9,15,12,2.41,entertainment,0
5518.73,24,141212.11,14,17,5.98,grocery,0
2203.06,19,79287.49,11,20,18.92,utilities,0
6129.63,24,77329.43,23,20,18.07,electronics,0
8571.26,57,67114.58,12,15,2.31,utilities,0
5731.36,37,61922.21,20,10,2.69,electronics,0
8263.87,22,33402.64,20,9,1.2,electronics,0
5481.36,19,32376.84,20,10,3.63,travel,0
7832.44,42,105589.06,12,12,13.33,grocery,0
5600.76,20,85681.64,11,15,28.53,entertainment,0
2968.0,35,31074.77,21,10,1.41,electronics,0
4096.73,34,102322.04,14,12,9.89,entertainment,0
15336.56,29,174215.12,16,13,17.47,grocery,0
8543.54,20,32957.2,34,8,32.4,travel,1
3192.69,38,136836.48,13,17,14.95,utilities,0
20066.69,57,24181.05,10,9,15.17,electronics,0
2093.11,44,212221.62,14,14,32.42,travel,0
2096.12,22,122585.65,14,13,31.04,utilities,0
8355.8,46,190874.26,30,10,18.21,electronics,0
16291.28,52,43718.41,13,13,32.35,entertainment,0
2498.33,33,67272.96,17,11,6.61,utilities,0
9154.14,25,75477.29,10,14,23.79,travel,0
6633.4,28,22220.29,27,0,76.58,travel,1
5395.14,21,32838.08,20,13,0.55,travel,0
3715.29,28,33608.45,13,16,7.15,grocery,0
3241.41,53,71830.91,11,16,1.34,utilities,0
9015.95,33,64035.93,10,13,13.7,travel,0
10642.9,18,84201.8,14,16,7.29,electronics,0
4940.97,38,89528.3,10,13,20.91,electronics,0
3172.8,19,78388.69,16,13,3.72,entertainment,0
12593.97,31,81030.51,21,15,17.26,entertainment,0
8533.55,20,48248.17,16,11,2.31,entertainment,0
9646.54,51,14192.48,11,17,10.38,electronics,0
6549.44,23,60962.55,18,13,29.32,entertainment,0
7700.54,25,85923.15,27,22,9.91,utilities,0
8685.16,55,75508.39,10,11,26.48,utilities,0
1273.65,41,41808.23,18,17,3.69,electronics,0
1896.91,30,42305.55,21,8,12.39,utilities,0
2823.02,59,26373.92,21,10,7.28,utilities,0
2613.75,50,37354.29,13,15,29.23,utilities,0
5558.4,31,47555.75,12,9,16.99,grocery,0
3140.68,18,32060.81,15,15,13.93,travel,0
5883.89,41,74857.09,21,13,22.89,entertainment,0
9719.53,22,82201.21,10,15,1.65,entertainment,0
4931.62,25,49018.41,14,14,5.21,grocery,0
2396.48,39,86177.04,14,14,16.01,grocery,0
5321.81,33,35975.12,20,10,13.02,travel,0
1802.52,27,55580.1,13,16,18.46,grocery,0
2734.41,23,98331.26,14,13,7.54,grocery,0
2395.69,53,85315.59,22,12,11.49,grocery,0
3813.17,23,316018.88,14,14,3.14,entertainment,0
5282.47,27,189427.73,19,22,15.08,electronics,0
3449.62,59,67340.71,15,14,16.62,grocery,0
4515.37,29,53900.98,21,10,2.58,electronics,0
20190.12,18,69086.81,17,10,22.71,travel,0
7152.92,46,42841.38,12,12,15.94,grocery,0
6863.22,29,94254.02,18,7,9.83,grocery,0
1364.97,44,121962.75,15,15,15.69,grocery,0
6633.57,29,90976.61,19,17,9.76,travel,0
5705.2,34,79175.33,23,11,8.42,entertainment,0
851.96,35,117688.15,14,11,31.61,utilities,0
5735.28,32,63489.23,17,16,1.3,grocery,0
2890.52,42,96776.65,14,11,5.37,electronics,0
9797.37,19,140426.54,21,15,3.59,utilities,0
5119.75,44,50930.73,27,2,30.79,travel,1
7501.1,24,48047.39,12,9,3.2,entertainment,0
5768.69,35,212281.35,17,12,14.89,grocery,0
2823.95,24,35118.73,13,15,18.77,grocery,0
2420.62,33,118381.1,13,13,11.45,electronics,0
7030.26,26,221265.06,21,13,9.34,travel,0
2150.58,23,46795.0,11,10,11.19,grocery,0
3407.29,28,31991.1,11,14,17.37,utilities,0
14121.55,38,70861.65,14,10,1.61,entertainment,0
10440.14,50,75685.93,10,17,8.38,entertainment,0
24714.74,32,81069.04,24,3,114.48,grocery,1
2462.82,42,43048.99,11,12,6.56,electronics,0
2612.25,37,149578.88,14,12,1.45,utilities,0
6838.69,39,24138.33,15,16,27.39,electronics,0
5718.04,29,26607.48,15,16,4.65,travel,0
2700.07,30,55963.18,12,20,14.58,grocery,0
3591.25,25,77957.15,14,13,8.32,utilities,0
8007.58,30,18724.41,17,12,7.97,electronics,1
9286.81,29,71269.23,10,14,27.14,travel,0
6129.01,52,44095.61,10,10,6.72,entertainment,0
5591.27,30,74037.78,13,16,11.62,electronics,0
1949.64,28,162155.01,18,15,2.63,grocery,0
7552.94,32,52452.72,14,16,9.02,travel,0
14652.27,37,40759.64,15,15,8.46,travel,0
8000.25,58,48303.49,18,11,19.75,travel,0
1984.53,24,33066.22,18,7,8.94,travel,0
24488.12,33,169153.3,18,15,3.53,entertainment,0
3842.6,18,78554.67,22,8,25.73,travel,0
1402.88,19,101619.61,13,13,2.53,entertainment,0
2307.54,26,80976.6,11,10,12.27,grocery,0
8047.26,33,69984.55,18,16,14.98,entertainment,0
5343.08,30,72099.74,14,16,21.59,grocery,0
883.98,26,58955.07,14,14,2.41,entertainment,0
12778.76,38,51526.88,12,13,1.77,electronics,0
2704.12,27,52750.73,14,20,8.27,entertainment,0
2669.29,21,64950.09,17,15,15.41,travel,0
3681.17,29,26815.66,13,15,6.41,grocery,0
3766.59,22,113681.25,13,10,28.19,entertainment,0
8770.54,42,32243.05,19,14,9.79,electronics,0
2782.41,46,85054.61,20,14,11.24,grocery,0
3220.73,38,98203.32,9,14,26.45,travel,0
1883.93,47,144982.48,11,13,26.43,entertainment,0
5058.05,40,28972.55,14,23,18.37,grocery,0
13684.64,18,174010.81,12,16,28.87,grocery,0
7005.99,49,30313.8,22,7,4.77,grocery,1
8785.42,24,89927.39,24,20,10.05,electronics,0
837.97,44,72703.25,14,18,0.73,grocery,0
6586.77,31,72559.95,12,18,22.06,utilities,0
5265.67,19,27103.56,30,7,14.23,travel,1
9801.04,19,125950.84,13,17,1.44,entertainment,0
2521.65,19,31164.47,11,15,14.52,electronics,0
2281.94,27,94255.37,13,9,16.25,electronics,0
6331.32,49,40445.29,12,22,11.82,utilities,0
12291.41,23,70080.55,11,15,9.62,entertainment,0
5624.78,28,24164.14,13,8,21.34,entertainment,0
5002.02,22,69347.93,12,22,18.84,electronics,0
7081.05,31,23226.48,21,11,16.88,electronics,0
7591.37,39,51194.77,13,14,25.33,travel,0
2087.26,29,26905.31,12,23,14.23,grocery,0
21958.72,25,170232.74,14,11,10.88,grocery,0
1734.07,50,93664.79,26,18,28.11,grocery,0
9339.92,40,54560.59,38,1,43.41,grocery,1
14743.93,23,94202.33,14,19,1.71,entertainment,0
3240.0,26,103296.18,14,16,4.74,utilities,0
7285.45,18,17599.69,34,5,7.13,grocery,1
1608.82,34,39357.48,14,12,20.79,utilities,0
3626.75,31,157404.65,11,20,9.65,grocery,0
6168.09,50,63047.11,14,19,1.68,utilities,0
9661.1,22,23855.87,10,16,17.87,travel,0
6515.07,38,50355.06,38,5,128.36,electronics,1
1716.75,23,178364.1,15,19,2.32,utilities,0
9257.46,30,83542.88,14,15,3.33,entertainment,0
1032.39,23,111606.49,18,9,15.77,electronics,0
2650.52,35,28832.79,16,12,28.44,travel,0
1995.03,46,46429.74,19,11,22.4,electronics,0
2606.58,18,40586.28,14,10,11.35,grocery,0
5012.19,18,78657.88,14,8,4.03,travel,0
6381.31,51,50902.77,21,15,0.42,utilities,0
3374.87,29,66802.88,13,14,6.97,entertainment,0
1946.48,58,33908.57,14,21,14.83,utilities,0
10378.68,27,25935.8,22,16,12.34,utilities,0
3452.25,41,113106.89,16,16,11.42,travel,0
2275.38,29,70594.26,14,11,0.78,entertainment,0
10074.09,30,26653.17,21,15,19.57,entertainment,0
1738.08,44,34313.73,15,12,1.64,utilities,0
8161.95,21,40716.56,15,14,16.86,grocery,0
2780.82,45,26558.7,12,11,11.63,travel,0
9580.74,28,48682.69,16,11,2.71,utilities,0
4032.47,26,98622.27,18,15,32.22,entertainment,0
18723.93,29,40349.23,24,11,16.56,electronics,0
5451.93,40,36322.84,27,0,23.88,electronics,1
4836.32,26,166350.44,16,14,24.33,entertainment,0
1525.04,32,146600.65,13,10,9.89,utilities,0
5978.65,32,82030.3,14,12,0.52,grocery,0
2294.93,21,44807.58,13,14,10.71,electronics,0
3332.44,30,48014.95,20,15,2.12,travel,0
2426.54,34,93673.51,12,9,6.76,utilities,0
6416.97,31,38155.13,14,10,5.44,entertainment,0
5292.3,47,24585.29,11,18,18.6,travel,0
1979.66,33,64615.05,14,15,3.3,utilities,0
3808.52,18,85022.79,14,9,2.97,entertainment,0
20352.58,32,71605.67,17,20,2.05,electronics,0
9620.8,40,86156.47,14,12,24.26,entertainment,0
2786.41,27,136198.99,13,8,11.4,entertainment,0
6963.33,25,65034.72,17,19,9.96,travel,0
9810.13,21,70187.68,18,13,13.98,travel,0
4363.29,39,136473.63,13,13,1.68,utilities,0
1565.99,34,80651.92,18,10,11.09,grocery,0
7190.94,59,69043.69,14,6,3.23,entertainment,0
4671.45,19,200553.57,14,14,17.19,entertainment,0
4647.06,32,63653.37,20,16,21.47,grocery,0
2272.09,28,70072.06,24,1,26.32,travel,1
1124.72,19,90550.57,13,18,2.0,utilities,0
3882.31,28,52688.56,17,13,26.76,entertainment,0
1144.01,35,110959.68,18,11,9.56,utilities,0
10273.98,19,136746.71,18,8,8.49,electronics,0
3224.86,31,38960.24,13,12,1.83,entertainment,0
1859.57,18,133434.94,19,9,26.17,grocery,0
3098.92,34,199022.29,13,8,6.98,entertainment,0
2907.31,32,28377.88,14,12,1.95,utilities,0
1383.46,35,35376.25,13,16,34.45,electronics,0
10916.77,39,13311.07,22,1,83.96,grocery,1
12589.44,32,90730.96,20,9,10.11,travel,0
2681.74,36,101693.4,19,11,29.57,travel,0
15910.49,26,95269.95,28,3,44.88,grocery,1
14918.48,31,96246.8,15,11,10.35,entertainment,0
10879.97,46,92976.95,15,17,3.18,utilities,0
4141.65,31,22783.93,12,13,2.5,entertainment,0
5979.72,18,50984.29,34,4,94.7,travel,1
5287.26,52,34552.16,11,13,1.67,grocery,0
12958.54,46,26122.01,27,3,104.71,electronics,1
6987.19,41,28807.27,13,13,11.68,travel,0
1301.86,54,23211.04,12,14,16.77,grocery,0
10128.12,39,61084.37,13,18,25.54,electronics,0
6904.22,32,30671.33,13,13,4.75,electronics,0
5482.19,29,37469.04,26,15,16.48,electronics,0
2525.28,28,33451.22,10,14,2.5,travel,0
3694.99,30,44405.48,20,16,10.53,travel,0
5657.33,24,89370.43,11,14,0.55,travel,0
6124.36,48,82695.19,13,17,14.71,electronics,0
2423.71,31,84288.18,10,8,6.05,entertainment,0
5482.46,40,34310.28,14,12,15.5,grocery,0
9857.77,52,28106.68,12,13,7.92,utilities,0
6483.93,24,103916.02,29,2,66.26,electronics,1
10599.68,23,76304.34,35,5,92.13,grocery,1
3749.64,40,69866.75,12,23,20.82,grocery,0
10195.62,25,56904.96,13,8,28.0,travel,0
8549.78,35,35241.71,10,20,10.69,utilities,0
2452.29,33,102632.99,18,8,3.49,entertainment,0
11036.55,25,39664.11,19,12,13.57,electronics,0
8710.49,25,40037.47,9,16,4.04,travel,1
5079.42,41,52386.17,19,11,3.05,entertainment,0
11959.85,19,38240.21,12,19,6.13,grocery,0
5323.99,51,44508.88,13,17,1.37,electronics,0
3429.27,33,86966.07,15,13,17.86,entertainment,0
4142.03,29,50976.23,14,15,1.89,electronics,0
3037.64,30,94312.42,25,15,20.5,entertainment,0
7651.3,36,37503.51,30,11,5.14,utilities,0
11027.12,49,61086.23,13,13,4.22,entertainment,0
8710.92,31,131789.42,10,12,2.61,entertainment,0
4736.94,36,99888.1,16,15,22.45,entertainment,0
2263.24,40,66867.66,11,15,1.93,electronics,0
4589.56,24,79132.0,14,16,14.41,grocery,0
2753.59,25,53204.34,16,12,15.55,utilities,0
4414.78,29,73087.88,13,16,6.35,entertainment,0
3642.07,24,118196.68,13,11,2.93,travel,1
2649.63,36,69735.78,14,13,14.98,electronics,0
9504.94,37,122125.8,14,11,10.99,electronics,0
20110.77,22,42522.94,13,19,21.0,travel,1
8349.07,31,64718.65,13,18,9.26,entertainment,0
5947.59,31,39206.07,14,13,11.4,utilities,0
3169.27,49,95681.3,18,16,1.62,utilities,0
4538.13,21,51779.43,20,17,6.8,grocery,0
4785.05,23,39622.56,13,23,29.28,utilities,0
2799.8,51,309476.75,14,15,14.4,utilities,0
5877.1,20,66210.73,20,10,21.06,grocery,0
6426.18,20,134334.5,20,17,2.92,travel,0
5010.45,29,119080.01,22,16,8.24,travel,0
8344.16,33,59404.31,13,14,16.39,entertainment,0
2636.33,49,98511.94,13,12,18.74,utilities,0
4884.59,29,49645.03,13,18,7.15,grocery,0
5185.9,18,24421.31,15,11,13.68,entertainment,0
12448.31,29,46626.26,18,9,13.65,grocery,0
952.56,32,67337.68,15,13,3.01,grocery,0
2517.92,32,115583.66,12,7,15.36,entertainment,0
4250.77,25,68765.83,13,15,1.66,entertainment,0
5214.1,39,91278.39,20,19,8.94,travel,0
918.58,25,43816.72,17,21,21.17,electronics,0
16867.83,24,79428.2,13,17,26.01,grocery,0
3631.19,23,63531.04,14,10,34.24,travel,0
2108.11,24,38628.6,12,18,27.97,entertainment,0
4233.22,25,56977.55,13,10,19.58,utilities,0
3261.05,30,55412.93,12,22,15.2,utilities,0
2202.71,41,113222.87,23,21,6.54,utilities,0
6751.36,27,44156.71,11,1,20.33,travel,0
10037.04,31,47809.41,19,13,9.46,grocery,0
6004.8,50,42831.81,15,14,16.64,utilities,0
1600.04,20,22630.15,20,15,13.29,travel,0
3024.58,18,58225.94,13,12,30.95,travel,0
5635.44,45,57206.38,17,14,1.73,travel,0
2407.71,51,76769.56,13,13,18.08,utilities,0
2105.16,45,41321.06,14,10,15.57,utilities,0
3624.74,29,46291.34,14,13,25.82,travel,0
4791.98,24,98315.26,19,15,7.02,travel,0
3041.75,22,71401.62,11,16,15.05,utilities,0
6488.09,23,86842.58,14,22,16.63,electronics,1
21873.07,25,85286.91,34,4,52.93,grocery,1
5086.03,24,59936.8,19,9,13.28,grocery,0
6140.85,22,26799.79,13,14,2.67,entertainment,0
9193.13,33,169312.43,23,19,22.32,electronics,0
2748.53,55,77625.44,15,10,12.52,entertainment,0
5423.73,26,111355.86,13,10,3.46,entertainment,0
10810.76,26,187838.19,11,13,13.19,entertainment,0
16915.04,26,66071.92,17,18,10.03,travel,1
1121.03,22,31036.08,13,12,6.06,travel,0
2252.26,50,64732.4,18,19,7.56,grocery,0
3976.89,33,78250.23,18,16,0.17,travel,0
6686.0,29,61103.99,11,20,2.18,travel,0
5775.55,28,105124.08,16,16,25.14,travel,0
5366.68,45,57555.8,14,12,13.67,utilities,0
3137.78,54,73539.91,13,16,4.95,entertainment,0
767.43,25,80145.1,14,17,28.23,grocery,0
20821.88,30,201764.86,13,10,16.71,travel,0
19079.28,18,21457.59,23,4,150.31,electronics,1
4116.87,20,65035.81,13,5,8.78,travel,0
12129.02,32,95962.04,13,15,2.16,entertainment,0
3449.74,18,63374.56,14,7,3.34,electronics,0
4252.06,40,65629.88,11,11,13.12,entertainment,0
4810.43,31,41281.2,12,23,6.14,utilities,0
1910.39,23,19790.71,19,13,6.01,electronics,0
3120.43,29,83352.75,18,15,8.35,electronics,0
2054.51,26,97202.55,21,19,9.75,grocery,0
2125.67,31,96013.51,13,21,15.09,travel,0
3036.33,25,67063.98,20,16,10.41,electronics,0
2364.83,28,38334.23,12,15,4.27,electronics,0
2002.17,34,92205.42,13,20,17.19,utilities,0
3310.79,43,168169.68,13,10,27.59,entertainment,0
2774.54,44,81389.15,13,13,20.21,electronics,0
2094.21,35,141427.84,21,11,10.21,utilities,0
2768.41,41,93244.95,18,11,18.12,utilities,0
10028.59,41,92266.25,8,11,1.46,utilities,0
5864.4,24,58355.32,10,15,33.2,travel,0
4331.44,30,53074.59,13,14,18.18,grocery,0
3541.05,43,152912.79,17,14,2.01,electronics,0
11259.69,28,47596.13,16,10,7.73,utilities,0
2881.32,35,55239.11,11,4,21.97,electronics,0
3071.48,24,48150.76,14,16,8.39,entertainment,0
5207.5,27,94442.87,10,11,2.76,entertainment,0
3481.18,22,48237.72,14,14,6.26,utilities,0
2230.96,22,35413.86,11,10,3.14,electronics,0
3484.59,30,131779.13,14,13,9.62,travel,0
4025.78,48,57641.96,14,12,6.11,electronics,0
10582.19,24,79119.29,25,21,55.34,electronics,1
8738.13,18,157222.03,14,11,8.83,entertainment,0
2128.85,38,67859.91,13,14,6.49,utilities,0
4719.78,26,132198.02,18,11,1.8,electronics,0
1919.93,34,133252.12,18,14,2.21,utilities,0
3291.0,28,118224.05,11,13,1.3,grocery,0
2601.26,29,37801.43,14,12,29.05,grocery,0
1741.72,19,47028.05,14,11,14.61,electronics,0
9458.68,57,154791.83,9,14,13.5,electronics,0
2217.89,33,26273.88,13,15,5.03,entertainment,0
3730.26,54,21147.21,13,12,22.36,grocery,0
4599.01,25,125087.89,11,14,26.17,grocery,0
9749.24,25,47886.79,14,21,25.98,electronics,0
3558.0,32,96262.86,17,11,3.07,electronics,0
2280.45,22,22948.4,14,18,18.82,utilities,0
3621.21,51,83833.37,11,8,4.3,travel,0
5090.42,31,107198.46,26,12,22.48,electronics,0
2180.49,47,88627.54,11,16,26.4,travel,0
3240.84,24,38003.24,10,11,7.15,travel,0
4272.9,29,57450.44,14,13,1.98,travel,0
2715.56,19,40617.03,12,13,13.25,utilities,0
15411.59,27,22544.66,31,21,16.3,entertainment,0
2311.94,29,77438.31,14,12,12.26,grocery,0
6400.9,34,98432.42,14,12,13.0,entertainment,0
1825.01,43,52831.67,21,8,4.28,electronics,0
4554.12,35,53381.7,13,18,16.19,entertainment,0
8758.71,33,73159.45,12,15,12.95,grocery,0
5838.11,30,43470.43,19,15,15.61,utilities,0
23758.26,30,36590.51,19,18,28.65,grocery,0
1199.31,25,53046.1,14,12,5.27,grocery,0
11832.07,24,46933.96,14,16,9.76,utilities,0
6998.9,25,165066.36,15,15,2.94,entertainment,0
2900.94,36,42112.18,18,15,16.61,grocery,0
2811.54,44,54838.62,12,21,9.66,utilities,0
16747.34,44,37985.11,10,12,7.29,utilities,0
8076.44,25,245498.6,13,8,13.3,entertainment,0
2258.94,48,125890.79,14,14,17.53,utilities,0
2013.98,39,39196.29,16,11,19.95,electronics,0
7959.95,34,152029.79,13,18,20.76,grocery,0
3744.1,21,56584.07,10,10,13.07,electronics,0
7303.83,35,51669.86,23,4,3.37,travel,1
7423.49,18,117346.14,13,17,13.59,travel,0
5702.15,26,28116.55,12,11,14.87,travel,0
4341.18,30,40891.95,10,12,22.07,travel,0
5341.55,29,59560.28,14,14,7.01,travel,0
2451.39,30,37267.66,15,13,21.81,grocery,0
3048.52,34,98894.16,12,12,25.19,utilities,0
2730.77,18,34090.44,16,11,20.6,utilities,0
17159.63,36,69269.51,17,5,7.54,utilities,0
2556.81,48,48669.15,11,16,9.33,travel,0
4441.74,45,89369.37,16,16,2.34,utilities,0
3828.15,18,82049.15,19,14,2.16,electronics,0
3235.98,43,79933.89,7,20,8.66,electronics,0
7599.16,26,204970.05,17,15,19.4,entertainment,0
11487.89,19,130109.83,14,16,24.82,utilities,0
2570.92,31,116842.74,18,20,0.77,grocery,0
9698.97,52,76756.32,13,13,2.56,utilities,0
1175.56,30,62690.86,14,13,4.7,utilities,0
3542.66,24,130865.88,13,11,14.53,utilities,0
9659.84,29,17184.72,32,3,62.05,grocery,1
7573.99,24,75748.73,12,17,18.85,utilities,0
6001.34,32,45990.21,14,15,0.71,travel,0
18977.46,34,49233.17,10,9,12.98,entertainment,0
3149.66,33,145658.83,12,13,15.24,grocery,0
1648.13,29,102694.35,14,16,6.81,electronics,0
2008.65,50,40428.01,13,16,18.97,utilities,0
2011.08,28,61408.98,14,9,22.66,entertainment,0
16567.36,19,20195.22,25,20,15.37,electronics,1
6940.71,23,60106.07,14,15,2.9,travel,0
3775.2,25,35648.38,20,12,18.34,electronics,0
8675.0,39,82430.78,15,17,3.93,utilities,0
1322.14,32,18374.68,20,16,16.57,utilities,0
1539.41,18,116095.69,14,13,10.11,grocery,0
1946.09,44,29067.47,13,10,7.87,grocery,0
3799.88,28,87742.54,11,13,6.68,entertainment,0
12184.86,23,38069.49,10,16,8.45,travel,0
4456.02,30,282302.7,10,8,12.17,entertainment,0
6425.58,25,59263.38,13,14,0.85,electronics,0
5252.74,31,40274.49,17,13,27.1,grocery,0
13818.6,31,92662.21,14,19,5.98,utilities,0
4728.24,53,176650.3,19,6,26.72,entertainment,0
4515.3,56,109572.34,11,19,0.46,travel,0
3779.3,53,118841.9,13,19,16.9,utilities,0
2344.84,28,151253.73,17,13,3.51,travel,0
6149.56,22,78461.97,20,12,15.64,utilities,0
2341.61,46,64210.38,13,8,5.61,electronics,0
2389.4,22,32540.23,13,18,0.55,grocery,0
2467.81,47,63807.88,17,14,9.32,electronics,0
2896.8,20,43332.25,17,13,21.53,entertainment,0
8444.29,46,108522.64,32,0,16.28,electronics,1
4320.87,24,150993.51,14,16,3.99,utilities,0
4474.85,28,28595.64,18,12,6.48,travel,0
8485.58,18,138389.34,10,12,10.99,entertainment,0
1905.82,21,43497.4,20,12,26.85,travel,0
4173.99,21,92597.68,13,16,9.2,travel,0
2990.73,27,148355.57,14,18,18.01,utilities,0
16214.45,39,166720.69,15,17,4.48,entertainment,0
5221.19,19,44380.32,14,22,3.46,grocery,0
17877.51,42,22889.39,15,11,22.36,utilities,0
9166.23,37,233268.21,14,15,2.46,entertainment,0
8671.35,27,66560.05,14,13,33.35,grocery,0
6881.16,43,37026.12,28,9,100.3,travel,1
2607.19,27,135339.74,13,16,2.11,entertainment,0
4235.94,19,116188.32,19,18,7.89,utilities,0
4431.67,27,69118.19,11,16,18.63,utilities,0
3554.5,37,174655.34,20,8,2.72,electronics,0
12363.72,29,36519.84,20,7,8.35,travel,0
10254.17,27,68033.42,14,15,1.94,travel,0
11241.46,25,88761.69,17,12,11.29,entertainment,0
2039.1,26,118979.82,13,13,9.56,grocery,0
2530.5,41,31359.22,18,16,38.94,utilities,0
5520.91,25,127773.57,21,7,7.65,entertainment,0
4127.8,18,39482.27,12,21,7.44,electronics,0
10982.71,38,30490.36,12,16,3.66,utilities,0
5161.78,46,49342.32,11,11,31.04,entertainment,0
5746.2,31,137958.64,13,16,29.78,travel,0
3610.73,35,30365.99,19,10,0.53,electronics,0
7281.58,23,180441.61,11,13,12.61,utilities,0
3798.43,30,72544.49,14,11,12.72,travel,0
6210.51,27,39356.25,13,9,1.98,entertainment,0
4246.85,44,84634.54,16,14,26.68,grocery,0
1591.38,38,24212.97,14,16,9.28,grocery,0
3885.53,27,13590.91,14,13,12.57,utilities,0
9182.1,29,100554.15,17,10,8.14,travel,1
2433.2,24,60625.95,13,20,0.0,grocery,0
4595.77,46,30403.39,18,9,2.35,utilities,0
4247.86,48,96369.2,10,13,14.23,utilities,0
7552.81,19,71173.49,14,13,11.95,utilities,0
1277.39,30,63684.28,10,16,22.94,grocery,0
2913.54,36,82813.73,14,14,2.98,utilities,0
1768.0,29,32171.55,13,13,19.56,grocery,0
2955.8,32,140707.02,13,9,4.67,entertainment,0
1872.55,26,28043.04,13,11,0.0,utilities,0
11690.4,18,67997.39,22,14,10.97,travel,0
3751.6,29,21253.25,17,19,18.16,travel,0
4935.15,49,55306.79,13,17,7.89,utilities,0
3350.79,29,79868.27,11,15,17.8,utilities,0
7003.68,27,61717.42,27,12,17.19,electronics,0
11182.54,30,54731.31,18,20,13.14,utilities,0
6130.73,22,112999.37,15,23,9.74,grocery,0
2590.89,32,128459.94,13,17,27.23,grocery,0
6949.82,36,25659.0,12,10,3.27,travel,0
8978.31,52,52588.88,14,17,19.46,utilities,0
7852.82,29,164392.81,14,19,5.78,utilities,0
3529.45,30,67709.95,14,14,2.89,travel,0
1927.97,32,55722.06,14,16,3.03,grocery,0
2488.54,32,59999.85,14,11,18.56,electronics,0
6194.95,34,25816.47,24,7,21.62,electronics,1
7484.86,53,121393.25,14,16,25.23,grocery,0
3324.34,19,75198.01,17,12,22.05,utilities,0
5220.48,26,29965.07,11,14,7.08,electronics,0
4596.17,51,39127.54,13,9,21.95,entertainment,0
4330.72,59,92940.08,10,13,28.08,entertainment,0
13704.81,35,37947.77,27,1,19.08,electronics,1
4667.95,21,79208.68,20,13,23.95,travel,0
3268.66,29,84689.09,18,11,12.74,grocery,0
2606.99,18,49793.74,13,12,6.72,entertainment,0
5734.78,36,118681.69,14,11,2.47,entertainment,0
1835.89,40,82612.86,14,17,9.96,utilities,0
4336.49,28,125314.56,13,19,10.74,entertainment,0
3048.27,48,32547.09,11,15,0.93,entertainment,0
4804.5,23,46010.15,13,19,13.11,grocery,0
6930.83,21,45172.97,22,8,9.21,travel,0
16220.61,22,101790.86,27,22,2.66,grocery,0
7953.44,25,37794.89,27,10,101.6,travel,1
17223.8,18,48746.54,20,14,13.98,travel,0
3322.37,32,151875.25,14,16,10.08,grocery,0
4321.7,33,50557.75,13,11,17.98,entertainment,0
6448.76,29,36798.54,22,10,18.19,electronics,0
5304.09,32,48452.55,14,14,16.03,entertainment,0
1859.04,43,36118.11,12,15,14.02,entertainment,0
8242.87,26,59881.18,21,13,2.4,grocery,0
925.4,29,38273.08,14,10,8.69,grocery,0
1274.57,33,75835.17,14,15,10.66,electronics,0
9703.25,29,80601.4,19,13,8.07,travel,1
11642.68,24,92895.71,15,20,16.44,utilities,0
21136.56,27,51864.51,20,0,8.55,electronics,1
6017.8,28,60891.28,19,11,2.71,grocery,0
3421.76,28,76302.93,20,18,2.08,utilities,0
5105.32,42,54967.82,22,2,31.11,travel,1
15457.36,47,109274.62,20,11,19.02,entertainment,0
22330.73,26,44108.32,25,0,29.13,electronics,1
4745.86,25,143583.15,18,9,7.56,travel,1
2989.42,26,30823.36,18,15,3.82,electronics,0
5531.42,33,111579.43,21,11,6.25,grocery,0
9697.62,39,38823.96,12,15,18.83,entertainment,0
3626.68,25,71938.81,18,15,16.29,electronics,0
2536.13,36,66498.16,13,13,14.41,utilities,0
8853.03,27,96631.38,36,3,23.54,electronics,1
1734.22,31,78841.03,14,16,9.3,utilities,0
3580.29,30,218105.5,17,13,10.26,utilities,0
11291.22,32,80154.09,11,13,13.01,entertainment,0
19680.08,24,82402.61,31,9,26.54,electronics,0
2106.13,38,63894.82,11,18,24.96,electronics,0
10335.9,39,46037.5,13,13,29.12,electronics,0
3820.01,18,54356.16,14,14,21.68,utilities,0
2057.5,48,95553.37,11,21,2.86,entertainment,0
3519.63,27,56843.07,14,21,14.57,grocery,0
9371.49,22,61414.9,10,15,1.3,travel,0
3529.06,18,57389.38,20,15,9.4,utilities,0
1952.32,48,79356.65,19,15,29.84,travel,0
9724.28,19,38970.99,15,12,12.69,utilities,0
3237.14,23,91700.44,13,16,6.46,electronics,0
3884.4,27,40283.86,10,10,2.32,electronics,0
6755.28,37,51225.88,11,15,20.73,utilities,0
3165.71,20,49573.03,14,10,7.54,grocery,0
3786.79,33,44762.26,20,19,11.54,grocery,0
10159.0,19,46298.04,10,7,25.6,travel,0
2702.71,23,105792.57,18,8,3.91,travel,0
2896.12,29,184221.95,15,21,5.56,entertainment,0
2642.21,50,21700.25,13,13,6.86,electronics,0
2838.4,31,63046.24,12,15,1.39,entertainment,0
4508.34,34,82154.89,17,14,17.26,electronics,0
3517.18,35,59390.14,22,8,28.01,entertainment,0
3261.74,31,62751.18,12,13,2.02,travel,0
7448.83,26,47377.32,12,16,0.93,utilities,0
4045.88,28,46092.56,12,12,13.92,grocery,0
13174.62,32,65124.76,12,11,27.63,entertainment,0
6055.66,18,45102.17,13,22,3.14,electronics,0
4991.64,50,28876.55,14,11,5.23,utilities,0
2138.46,41,58606.57,17,11,18.26,entertainment,0
2074.45,41,45810.13,14,18,2.23,electronics,0
1902.89,24,102080.82,11,15,13.45,utilities,0
7527.93,30,82147.42,13,14,3.43,entertainment,0
8012.26,18,91928.95,16,20,19.02,utilities,0
4136.69,24,32239.77,14,13,6.96,utilities,0
4704.68,49,204302.62,18,14,7.37,utilities,0
7063.54,26,22633.43,24,5,47.51,electronics,1
3711.37,33,39275.04,26,12,7.52,electronics,0
6916.43,32,41620.57,14,10,20.52,travel,0
4960.7,35,90477.59,21,11,3.3,travel,0
5903.63,41,318895.56,13,17,26.93,utilities,0
1731.88,28,65181.36,14,13,31.93,grocery,0
1827.21,18,47581.2,15,17,27.8,grocery,0
6569.74,19,44070.18,22,1,121.15,travel,1
6086.5,43,83908.14,24,10,100.74,grocery,1
2783.28,41,57483.52,13,8,20.72,travel,0
5630.56,24,100711.79,10,11,10.77,electronics,0
4792.98,36,153050.27,15,17,3.99,electronics,0
1504.33,27,192316.28,12,13,2.75,utilities,0
5110.8,23,55789.11,10,10,33.37,travel,0
5577.88,34,40237.97,11,13,15.23,electronics,0
4692.42,32,71663.14,10,15,7.42,utilities,0
3331.34,32,70354.01,10,13,9.19,electronics,0
4664.45,32,71890.22,13,21,4.93,entertainment,0
2021.15,23,81808.1,13,10,16.79,entertainment,0
1918.79,18,70490.58,18,17,2.09,electronics,0
8062.24,24,180010.63,10,18,26.53,entertainment,0
9921.34,18,20778.24,22,16,34.7,electronics,0
6823.39,36,78538.34,12,16,9.47,electronics,0
4270.13,19,61842.2,7,11,16.28,utilities,0
22510.99,24,26288.92,23,10,106.33,travel,1
8115.89,26,84887.61,14,13,13.58,utilities,0
6026.37,34,196520.56,10,17,19.01,grocery,0
8371.86,18,43845.94,29,0,147.67,electronics,1
36705.8,18,39898.91,23,2,24.65,grocery,1
12899.23,32,83969.57,30,5,11.19,grocery,1
12710.73,18,25667.24,14,20,2.83,utilities,0
14727.01,33,27060.41,12,10,6.42,utilities,0
11120.69,28,24549.78,14,13,25.47,grocery,0
3752.35,45,168462.01,17,15,19.56,grocery,0
2335.37,31,183634.07,14,12,8.95,grocery,0
5158.74,36,104801.05,14,13,5.97,entertainment,0
4765.39,25,45796.63,19,16,13.18,travel,0
10208.68,30,50211.78,11,11,13.49,utilities,0
3162.84,29,20619.41,14,12,4.78,electronics,0
6477.94,29,134096.17,12,13,10.81,entertainment,0
3807.86,26,80053.6,14,10,2.85,entertainment,0
3353.0,21,74920.36,24,12,16.27,travel,0
4879.27,32,48291.08,39,4,78.36,grocery,1
8235.81,25,140014.78,10,11,13.3,travel,0
4300.57,23,84451.6,12,16,4.38,utilities,0
2793.67,20,60334.07,13,11,6.27,electronics,0
1597.58,29,28372.42,27,12,17.26,electronics,0
5137.85,24,99109.72,13,11,0.28,electronics,0
5475.27,41,61682.96,16,11,30.09,electronics,0
9909.28,21,45362.54,25,11,15.67,travel,0
6929.81,56,70321.13,10,14,2.9,travel,0
8686.22,30,55188.68,14,13,3.13,electronics,0
796.58,31,59246.62,13,12,0.87,electronics,0
4552.07,24,19178.74,20,10,16.74,entertainment,0
16529.48,44,82781.88,10,13,7.01,entertainment,0
7953.82,22,70470.05,10,14,8.5,utilities,0
3729.26,29,84265.23,18,15,2.0,travel,0
4534.67,40,51542.38,16,12,19.24,travel,0
8850.64,21,78730.59,18,12,1.88,travel,0
11236.61,31,33428.2,19,14,12.74,grocery,0
5679.58,30,41252.27,12,10,33.16,entertainment,0
5274.91,32,163375.72,13,12,7.7,entertainment,0
6503.84,29,66843.59,13,15,19.34,travel,0
9193.26,38,61695.03,14,15,7.02,electronics,0
2165.44,18,64131.37,18,6,3.56,entertainment,0
18243.27,24,47639.5,10,8,11.68,travel,1
15674.67,24,61770.04,14,15,5.6,travel,0
1972.75,24,123029.96,15,12,26.03,entertainment,0
14808.05,37,23941.06,28,5,100.55,electronics,1
2202.49,26,65986.25,13,16,1.41,electronics,0
6077.03,45,57276.17,35,0,38.93,travel,1
9961.12,48,44314.59,20,14,17.79,entertainment,0
15096.81,23,67094.03,24,13,76.17,travel,1
15695.92,23,90279.9,20,11,2.09,travel,0
3091.66,32,75440.66,15,13,14.41,grocery,0
1737.51,37,86548.26,18,19,17.49,electronics,0
3175.19,18,19724.83,10,13,10.03,entertainment,0
5204.19,48,51482.56,26,0,7.78,grocery,1
5239.1,20,45719.69,16,11,9.59,entertainment,0
4200.93,27,73173.66,18,12,13.59,travel,0
3888.8,35,44530.81,15,13,1.17,grocery,0
5712.13,47,19129.64,24,13,7.06,electronics,1
823.1,19,17518.31,13,12,13.17,travel,0
15048.09,56,122891.08,13,9,23.56,grocery,0
6867.67,20,47044.29,13,9,4.4,electronics,0
8140.18,49,262253.16,13,9,11.06,entertainment,0
4564.26,47,32999.78,10,14,4.1,utilities,0
2034.95,18,76873.13,13,15,10.19,electronics,0
2635.7,43,109599.91,12,13,18.01,utilities,0
2958.09,22,193747.67,20,10,13.72,travel,0
2692.84,23,56779.19,13,20,17.84,grocery,0
3134.7,29,80996.6,13,14,3.2,grocery,0
9869.92,27,46217.37,13,10,12.92,utilities,0
1355.54,39,72854.22,14,15,6.82,grocery,0
4192.41,56,52669.73,20,15,18.14,electronics,0
4799.54,24,59805.06,20,9,18.45,electronics,0
13569.31,24,47429.68,26,3,107.94,travel,1
3384.51,23,36926.15,17,11,4.03,travel,0
3963.01,21,106141.32,12,11,4.16,entertainment,0
2453.84,48,32445.0,20,15,14.6,travel,0
6006.18,25,36637.77,21,8,1.62,travel,0
4219.12,18,67601.37,22,11,21.99,entertainment,0
2132.24,18,48642.7,14,15,17.04,grocery,0
12563.79,26,74989.29,23,10,12.58,utilities,0
8830.4,24,86920.32,12,14,1.13,entertainment,0
3109.72,28,10884.72,13,14,3.59,travel,0
10668.12,52,39368.95,14,14,13.61,grocery,0
2773.08,22,53649.69,21,13,11.92,electronics,0
10662.86,24,132413.52,24,14,27.81,electronics,0
2549.71,31,79934.58,13,17,6.15,utilities,0
1865.74,30,197235.51,11,12,14.36,entertainment,0
7693.24,25,63850.73,18,6,13.68,entertainment,0
11907.93,18,134875.43,14,16,4.43,travel,0
13186.73,19,115403.49,14,16,2.82,travel,0
5099.31,31,107893.06,35,0,61.54,travel,1
12271.27,35,35703.09,21,0,72.26,electronics,1
4137.2,33,68566.68,23,15,22.18,electronics,0
9365.71,20,96463.09,14,8,8.78,entertainment,0
6960.56,29,52024.77,20,13,28.79,travel,0
5292.8,26,86446.47,24,21,74.6,grocery,1
2280.64,18,41831.94,15,12,15.52,utilities,0
6416.95,48,32641.02,20,17,1.55,utilities,0
9400.87,22,36804.92,15,18,19.03,travel,0
1306.09,45,44335.54,11,10,8.24,electronics,0
2278.56,33,29107.95,13,18,0.69,grocery,0
3175.33,29,159806.54,14,12,4.03,electronics,0
3540.47,33,48053.98,15,16,28.12,electronics,0
4430.17,19,50388.02,12,19,12.64,utilities,0
1645.15,37,59920.19,18,22,7.68,travel,0
7088.56,47,54695.99,19,10,16.4,electronics,0
3692.28,29,195478.84,12,12,11.74,grocery,0
4175.13,30,44333.22,14,16,6.65,electronics,0
10377.04,24,42063.68,14,15,15.47,utilities,0
3005.78,22,77906.17,20,10,7.32,electronics,0
2112.45,24,187390.65,19,15,1.34,travel,0
11782.8,19,85947.67,18,16,9.63,travel,0
6500.33,48,88703.29,21,19,19.68,utilities,0
13224.19,31,30914.11,21,11,7.08,electronics,0
10706.41,19,17914.38,26,6,148.53,electronics,1
16249.91,27,25918.46,13,13,7.77,electronics,0
9438.0,59,81944.87,17,13,18.05,utilities,0
1311.06,28,114863.5,16,15,2.02,electronics,0
3310.4,37,98536.13,10,22,29.72,travel,0
9875.47,23,35117.91,7,21,2.59,utilities,0
5804.08,27,51273.6,10,15,2.35,utilities,0
5648.15,19,64413.99,29,0,29.45,travel,1
2080.97,43,65930.4,19,17,8.38,utilities,0
18229.65,27,39075.96,24,4,11.63,electronics,1
4467.74,46,34815.19,15,15,9.86,grocery,0
7829.93,25,47305.06,20,13,14.7,travel,0
8293.18,26,43283.0,10,8,15.69,travel,1
5085.7,46,77475.67,21,15,28.67,travel,0
2181.55,24,26770.16,12,12,29.72,utilities,0
8017.48,18,23115.39,11,10,14.6,electronics,0
6508.72,49,75427.04,18,15,17.45,utilities,0
3387.65,36,75744.95,14,19,15.7,electronics,0
9587.68,39,68746.4,16,13,1.05,electronics,0
16106.48,49,75338.88,10,13,18.82,entertainment,0
5236.38,27,37642.14,11,11,12.67,electronics,0
2265.64,28,100887.32,16,10,9.66,electronics,0
2532.88,28,28161.3,21,10,6.83,grocery,0
2353.54,24,100832.39,19,14,6.04,electronics,0
4689.48,42,72082.7,13,14,10.37,entertainment,0
3033.15,46,111516.29,17,14,2.15,grocery,0
5191.31,33,122387.84,12,15,2.35,utilities,0
5769.23,32,33618.5,9,16,13.87,utilities,0
1516.04,34,71000.45,14,11,1.46,electronics,0
4747.5,23,66800.97,13,13,1.35,grocery,0
10676.64,18,64706.61,9,14,19.38,utilities,0
4338.69,28,59808.94,19,10,14.5,utilities,0
2893.56,29,33479.48,13,19,3.43,utilities,0
6619.31,34,64993.43,12,13,4.09,entertainment,0
1462.78,29,70503.38,11,10,2.76,utilities,0
3734.07,21,48111.95,25,2,33.28,electronics,1
3251.6,39,61036.04,10,13,31.98,entertainment,0
4227.79,18,102841.89,11,14,12.03,utilities,0
10802.48,18,111073.06,14,9,5.14,electronics,0
6925.42,27,42614.58,20,13,13.3,travel,0
7114.47,47,125625.02,15,12,12.45,utilities,0
4236.48,27,80640.74,10,18,2.02,entertainment,0
3307.6,49,45133.27,18,10,21.77,grocery,0
4501.73,27,55044.84,13,10,6.81,travel,0
2723.84,27,67871.89,13,18,20.5,travel,0
2362.31,48,145430.74,14,11,26.18,grocery,0
5068.04,24,61592.52,17,9,12.05,entertainment,0
4462.19,29,170654.98,9,15,3.32,grocery,0
4184.38,19,48834.92,16,10,36.71,utilities,0
4022.59,25,63592.18,12,12,16.42,grocery,0
4991.49,18,113041.21,13,6,10.69,travel,0
7699.76,29,79408.35,19,14,10.9,travel,0
1707.92,27,165577.0,13,12,5.8,entertainment,0
14367.24,19,20112.42,33,4,18.86,grocery,1
10752.61,18,60570.77,29,12,29.3,travel,1
5787.8,43,47099.89,13,9,33.93,travel,0
4200.65,40,84700.07,14,10,3.0,entertainment,0
1891.07,34,191829.28,13,14,0.32,electronics,0
10553.77,38,68736.67,10,15,2.49,utilities,0
6213.55,26,21585.47,14,12,8.82,utilities,0
9163.24,31,54598.75,14,8,19.96,entertainment,0
6451.96,27,33617.63,14,15,17.79,grocery,0
4684.33,33,33900.32,14,10,10.41,electronics,0
5598.19,28,24009.72,14,10,34.26,entertainment,0
3487.03,25,44331.13,15,20,8.74,entertainment,0
7976.41,28,149749.59,14,13,3.5,grocery,0
3745.92,26,149882.05,14,15,15.3,entertainment,0
15331.61,26,93208.14,15,13,29.51,travel,0
2514.43,25,80303.16,15,16,12.83,travel,0
9418.36,36,43051.03,26,9,120.39,grocery,1
843.12,42,72551.04,14,15,17.7,utilities,0
3375.24,33,73502.1,14,9,12.5,entertainment,0
1761.92,41,95326.54,11,17,10.72,electronics,0
10211.54,21,110510.87,21,18,13.55,travel,0
2848.61,27,34361.78,9,11,2.75,utilities,0
2736.46,38,88695.24,13,13,16.59,utilities,0
13254.11,52,121239.13,18,13,9.19,electronics,0
5959.31,26,66357.7,16,20,8.37,utilities,0
9743.06,41,55356.08,26,15,15.34,entertainment,0
7179.38,26,105556.04,13,14,16.73,utilities,0
2060.84,30,145516.86,18,10,7.96,grocery,0
17265.57,36,33447.41,30,2,39.93,grocery,1
7383.06,19,55804.31,17,12,2.05,travel,0
931.0,29,26903.9,12,17,14.23,utilities,0
4451.14,19,103315.02,14,13,2.16,entertainment,0
7462.25,36,54596.7,14,14,3.1,utilities,0
6353.67,41,196023.99,15,17,12.19,entertainment,0
4789.34,44,86920.34,13,14,8.99,grocery,0
2952.35,39,72043.55,19,11,4.57,travel,0
4472.08,33,27363.02,19,21,18.71,utilities,0
3084.51,41,117333.84,23,13,11.36,travel,0
3178.12,24,65906.23,27,11,30.74,travel,0
11421.29,47,37908.87,17,8,29.86,electronics,0
11768.49,37,115194.36,11,13,1.59,utilities,0
10150.68,24,265205.2,12,12,12.17,utilities,0
21896.87,33,78602.06,9,12,12.97,electronics,0
2217.61,21,65112.62,14,12,10.25,grocery,0
8075.68,53,51212.1,7,17,10.55,entertainment,0
7552.67,18,41334.89,13,13,14.72,grocery,0
1596.18,31,41538.11,17,12,22.83,electronics,0
2396.17,38,206519.77,15,14,1.43,travel,0
3484.76,34,53729.03,15,13,8.8,entertainment,0
2613.68,38,55442.9,14,10,13.01,electronics,0
3308.56,45,104397.13,12,11,2.71,entertainment,0
9185.16,19,113154.42,25,0,12.27,electronics,1
4584.41,38,28612.89,23,10,21.61,utilities,0
2866.87,24,81362.91,14,16,0.22,electronics,0
11763.15,21,91687.63,11,18,20.12,utilities,0
5793.68,25,63073.82,20,14,25.23,grocery,0
4622.41,40,85250.57,21,12,13.8,travel,0
5452.82,31,100667.67,11,14,8.1,entertainment,0
6891.3,35,99574.37,31,11,39.12,electronics,1
4246.62,34,31657.34,14,14,2.36,utilities,0
10930.2,48,23514.81,27,1,17.22,grocery,1
1359.68,27,63898.52,21,11,31.57,grocery,0
10756.55,33,35651.16,13,18,22.03,entertainment,0
3470.56,35,74987.61,10,15,1.21,travel,0
2418.4,32,64092.21,17,21,2.72,travel,0
2038.61,19,101473.47,18,14,0.78,grocery,0
8502.83,19,81133.05,12,4,15.29,travel,0
1070.49,52,104402.19,15,19,13.14,electronics,0
3042.82,36,46098.9,11,23,13.77,utilities,0
10950.69,19,65673.73,22,11,14.0,utilities,0
6233.65,40,128014.22,12,16,21.83,travel,0
2005.27,29,77068.56,13,13,10.71,travel,0
1484.41,23,103597.29,14,13,1.98,electronics,0
27709.32,34,95943.57,25,13,8.21,electronics,0
2962.88,32,47488.64,14,17,12.09,grocery,0
3691.19,29,59334.15,14,19,3.32,entertainment,0
4335.95,25,87589.87,18,13,18.17,grocery,0
5685.87,21,84591.85,10,13,27.15,electronics,0
13307.7,29,33904.72,10,16,0.85,entertainment,0
3904.7,45,65713.27,15,15,27.89,entertainment,0
7719.63,21,102954.58,13,9,6.63,travel,0
2734.28,37,43874.39,17,11,36.8,travel,0
2358.77,30,35548.32,27,17,17.56,grocery,0
8748.93,28,102843.28,28,0,19.19,electronics,1
9993.7,18,67933.11,12,11,3.05,entertainment,0
3336.72,25,85600.58,13,13,7.36,electronics,0
23378.08,25,47422.54,27,20,13.12,electronics,0
20552.43,47,78623.96,10,16,12.92,utilities,0
2104.02,38,24632.04,18,15,27.4,entertainment,0
3583.75,18,163265.66,14,18,9.39,electronics,0
8598.98,23,84624.69,27,1,35.1,travel,1
1874.28,39,76329.14,10,12,17.14,electronics,0
4449.41,28,96237.71,15,11,1.23,electronics,0
8745.35,61,34924.99,14,9,1.77,utilities,0
9365.45,43,129272.07,20,8,26.45,electronics,0
12876.18,47,50784.46,18,18,6.83,electronics,0
2003.04,24,52675.05,13,13,2.52,travel,0
3845.0,18,39529.68,27,1,67.49,electronics,1
3533.7,20,141676.86,9,14,18.15,utilities,0
3562.0,42,66995.9,10,16,4.47,electronics,0
7090.29,19,38907.6,23,10,4.42,travel,0
7262.41,34,79688.33,18,20,20.49,grocery,0
6394.19,37,41865.36,13,23,18.17,travel,0
6452.26,32,213169.93,22,13,14.19,grocery,0
13409.71,18,89687.73,16,16,26.69,travel,0
3622.92,43,168763.45,11,17,16.84,electronics,0
6745.35,48,111151.0,9,7,2.16,entertainment,0
1942.24,46,123369.27,12,12,2.98,electronics,0
6146.42,18,75724.84,23,3,17.34,travel,1
3650.63,29,71343.48,17,16,4.5,travel,0
2383.13,31,75354.03,14,15,8.18,utilities,0
7034.55,44,39434.11,21,12,10.34,utilities,0
2585.91,19,66864.04,15,11,2.6,utilities,0
3127.43,28,188130.23,14,11,1.89,utilities,0
1831.51,25,186071.54,14,13,18.08,utilities,0
4643.71,18,101242.03,14,12,2.11,electronics,0
13705.76,36,86225.01,14,14,10.55,utilities,0
1644.37,33,38537.49,14,16,1.71,utilities,0
5291.61,26,23525.6,14,10,1.04,travel,0
10509.63,32,94868.75,18,12,4.14,entertainment,0
8276.71,44,63552.33,14,13,19.73,entertainment,0
5930.99,28,78318.42,10,14,12.27,electronics,0
7494.98,24,71634.72,21,10,6.83,travel,0
9478.27,21,38873.03,35,5,109.2,travel,1
5889.02,21,26733.35,22,13,5.8,travel,1
9595.73,19,81091.86,14,14,15.21,entertainment,0
4780.65,30,98841.6,10,12,6.22,travel,0
19198.85,20,130554.5,28,2,104.05,grocery,1
15904.14,18,66170.49,28,8,21.46,grocery,1
16966.02,38,119821.1,12,9,21.49,grocery,0
11359.1,33,71261.2,11,12,28.1,electronics,0
3556.67,27,31055.94,9,15,18.79,travel,0
4004.75,54,20414.95,12,20,6.34,utilities,0
7103.92,55,36341.8,31,1,14.39,electronics,1
4725.2,46,106655.2,13,15,0.95,electronics,0
3174.85,21,30441.45,31,5,90.15,travel,1
5477.14,49,74671.34,16,13,30.45,utilities,0
6930.84,31,50370.98,14,15,24.98,electronics,0
2961.38,18,44189.64,14,11,16.87,entertainment,0
1971.44,31,61701.66,14,20,3.13,grocery,0
1129.06,18,56723.09,14,15,1.39,utilities,0
1446.55,39,28942.54,11,21,12.46,electronics,0
1363.87,27,68842.69,15,18,11.1,grocery,0
4804.75,25,64859.02,9,12,14.45,electronics,0
3931.94,47,61508.03,11,14,2.32,grocery,0
2114.2,40,39023.34,15,18,17.33,travel,0
1714.77,19,69566.79,12,14,1.08,travel,0
8403.17,54,45773.14,21,12,31.97,electronics,0
3922.6,52,29146.73,11,10,10.18,grocery,0
4061.06,36,112250.94,13,15,8.03,electronics,0
12401.42,42,53217.34,27,6,122.15,grocery,1
7114.94,29,69284.99,14,13,11.44,utilities,0
2495.66,18,188910.88,12,11,3.66,travel,0
3771.88,36,96624.22,14,10,4.69,electronics,0
6807.7,29,46862.08,9,15,9.43,electronics,0
8202.14,21,42868.76,14,17,21.55,travel,0
10065.03,23,22897.51,22,3,105.88,grocery,1
2484.48,28,77366.01,13,10,5.45,grocery,0
13986.6,44,123347.94,18,17,19.75,travel,0
10299.93,31,105378.92,15,10,1.56,travel,0
6541.02,44,62539.35,16,11,3.87,utilities,0
1746.02,32,39871.8,13,15,1.2,grocery,0
1370.2,31,66199.69,12,18,18.52,electronics,0
2974.04,39,20684.71,13,13,5.97,entertainment,0
3665.35,30,52051.85,18,21,13.17,utilities,0
3095.38,43,169317.24,11,13,3.69,utilities,0
2415.72,32,29154.45,13,9,6.39,entertainment,0
23731.07,42,73288.77,21,16,14.53,utilities,0
4103.29,27,35489.49,17,11,24.53,travel,0
2090.33,32,59379.68,18,18,3.64,utilities,0
5419.03,26,27196.45,11,14,16.95,travel,0
4896.52,38,66393.99,11,12,7.6,entertainment,0
13260.63,33,118030.33,13,15,16.58,grocery,0
1749.9,30,52583.73,19,22,1.52,utilities,0
2693.56,35,41306.72,12,17,0.83,electronics,0
9634.71,32,52421.94,11,20,2.44,utilities,0
24850.7,34,82351.77,30,10,30.89,grocery,1
3012.09,18,34476.12,22,12,1.7,travel,0
4662.41,56,78719.69,26,20,3.11,electronics,0
3388.37,32,139047.89,16,21,7.43,electronics,0
2092.59,33,31294.75,12,13,5.76,travel,0
5725.45,18,39393.15,19,6,15.82,entertainment,0
2624.81,18,104935.61,14,14,14.88,travel,0
21813.78,37,87226.74,29,1,86.37,electronics,1
4032.18,48,135908.71,13,10,16.81,entertainment,0
16630.51,28,32589.78,26,19,5.6,electronics,0
1866.39,30,70663.18,14,12,24.05,utilities,0
2053.92,25,70005.87,14,12,13.16,utilities,0
3745.56,37,144966.55,14,12,2.03,utilities,0
14761.02,39,58132.75,32,17,14.0,travel,0
2857.43,21,61603.26,11,18,16.78,travel,0
16718.96,29,73931.74,11,10,2.22,travel,0
5835.42,38,76183.35,10,12,2.56,utilities,0
3012.75,34,58250.5,20,14,3.62,entertainment,0
3752.88,23,129742.39,14,13,22.13,travel,0
12235.8,29,63860.07,13,10,6.52,travel,0
3726.94,34,40663.27,13,15,16.13,electronics,0
1717.74,19,52367.11,12,13,12.77,entertainment,0
2641.82,19,54936.96,13,18,6.78,electronics,0
2864.56,48,38194.3,10,10,6.88,travel,0
15475.03,27,87945.55,14,14,30.13,entertainment,0
1271.18,31,74906.86,14,16,2.8,travel,0
3049.28,40,80785.0,14,20,18.56,entertainment,0
8141.05,32,67969.53,13,15,14.18,grocery,0
4630.35,39,38792.92,16,16,2.31,utilities,0
9822.78,39,43641.32,30,17,2.68,electronics,0
5592.83,31,225212.67,19,11,10.66,entertainment,0
5037.33,18,88267.99,14,20,2.19,entertainment,0
1858.24,46,35344.93,13,9,16.22,entertainment,0
4596.1,19,33625.66,15,12,4.06,utilities,0
9088.6,29,134011.45,19,12,6.36,travel,0
4678.06,39,62941.71,13,16,19.75,utilities,0
4098.55,34,74079.53,25,12,4.46,electronics,0
6861.58,44,59925.37,14,19,20.72,entertainment,0
6679.63,39,67393.24,26,3,19.51,grocery,1
858.39,25,136639.92,17,12,28.99,grocery,0
3554.83,31,106423.76,14,17,2.61,electronics,0
2155.63,26,43457.66,13,9,4.82,utilities,0
13904.5,49,80348.84,13,15,0.27,electronics,0
10380.49,29,86839.48,12,10,16.88,travel,0
1833.64,18,236060.58,11,12,14.28,travel,0
1878.6,19,102897.9,13,15,13.87,utilities,0
1388.37,46,82784.03,14,19,4.02,grocery,0
4137.89,32,117934.43,18,16,7.22,electronics,0
10940.63,25,74595.91,13,15,2.21,entertainment,0
2842.46,53,76058.04,14,11,3.13,utilities,0
1958.96,43,73341.81,12,20,19.26,electronics,0
1052.04,41,45924.12,9,17,17.97,electronics,0
5498.03,27,39272.65,27,14,47.61,travel,1
6470.62,19,64611.49,12,11,24.12,electronics,0
1914.83,28,79335.33,11,9,0.87,electronics,0
2201.01,23,30584.13,11,16,12.25,electronics,0
1069.72,28,114001.02,18,15,2.97,grocery,0
15020.4,24,51967.78,23,14,21.19,electronics,0
6720.99,37,44709.55,21,12,12.56,travel,0
7970.01,25,67171.58,14,11,22.33,utilities,0
4608.11,23,88604.18,11,14,3.43,travel,0
4629.75,38,33518.32,13,12,2.6,utilities,0
8395.28,33,31140.93,23,5,126.12,travel,1
2587.91,30,53920.4,13,11,30.14,entertainment,0
7214.39,59,76790.72,17,17,14.34,grocery,0
3827.64,46,85767.35,17,11,11.46,grocery,0
936.31,24,20758.28,20,14,7.47,entertainment,0
8906.26,28,86761.26,13,12,18.64,entertainment,0
6318.34,39,177727.47,14,9,8.99,entertainment,0
5948.49,34,54334.76,14,14,2.3,travel,0
5724.46,38,73643.02,17,10,12.19,electronics,0
2957.56,39,88365.25,14,13,0.0,utilities,0
4636.35,41,80542.11,14,12,16.44,electronics,0
2941.68,23,42437.4,13,18,6.18,entertainment,0
4106.86,38,112783.33,7,12,19.35,travel,0
1134.14,35,68112.94,16,16,24.65,travel,0
3157.83,26,33305.9,14,14,2.54,travel,0
1376.66,28,61139.47,13,14,8.94,entertainment,0
8108.65,29,37511.2,25,7,60.89,travel,1
3861.62,39,55606.66,16,15,14.09,electronics,0
2653.55,31,79250.25,11,15,15.62,grocery,0
13753.81,24,53151.89,13,15,3.17,entertainment,0
15666.89,41,71832.75,12,14,27.45,entertainment,0
9655.96,26,88218.48,18,9,5.72,grocery,0
3478.03,35,33821.68,13,19,7.49,electronics,0
3136.02,62,49057.94,12,8,13.06,entertainment,0
1871.16,43,30984.83,15,15,7.13,grocery,0
2200.99,22,36552.05,20,10,14.74,grocery,0
6251.92,27,115775.66,13,10,13.42,entertainment,0
20064.02,29,89992.03,21,13,25.02,utilities,0
19605.19,18,45292.38,22,9,15.5,electronics,0
7987.0,37,17618.58,14,15,11.72,utilities,0
3710.57,32,44004.92,10,13,8.62,travel,0
6183.57,31,57228.9,13,15,21.27,grocery,0
8941.64,40,59125.4,19,15,9.91,travel,0
1189.12,41,46214.44,13,19,4.39,grocery,0
19624.46,24,117902.99,21,20,25.14,electronics,0
4835.93,23,152678.05,12,11,11.17,utilities,0
7842.12,39,83076.08,14,11,18.99,utilities,0
2078.85,21,136674.22,13,13,28.07,travel,0
2620.77,50,42992.37,14,14,17.95,grocery,0
2243.93,18,71530.0,20,9,3.95,electronics,0
22036.32,18,155464.26,17,23,3.65,travel,0
5505.43,34,57569.94,16,8,21.48,utilities,0
2149.47,54,39434.83,12,16,19.53,electronics,0
2037.44,45,51653.82,21,19,0.69,travel,0
4419.31,31,91162.32,14,11,10.07,entertainment,0
2687.69,30,68529.04,22,6,6.84,utilities,0
7569.69,25,30336.5,12,18,10.44,grocery,0
8422.98,29,45052.75,13,19,12.86,grocery,0
5157.52,46,32951.7,13,15,28.64,grocery,0
9194.94,31,31103.24,18,10,33.5,entertainment,0
2389.87,26,43617.49,15,9,15.41,entertainment,0
18487.26,18,46262.05,28,2,54.07,electronics,1
2854.35,32,111901.54,14,17,25.84,entertainment,0
8970.9,50,135182.8,15,13,19.62,utilities,0
1951.43,36,82337.36,14,14,21.41,utilities,0
24184.0,34,47499.51,12,12,28.11,entertainment,0
3882.57,18,63859.77,13,16,8.94,entertainment,0
3802.59,31,91191.67,14,12,2.01,entertainment,0
5669.67,31,38974.01,13,11,19.3,entertainment,0
3068.29,19,42983.21,16,19,2.61,entertainment,0
2255.76,24,47771.47,12,15,3.09,utilities,0
13304.75,29,61391.67,13,9,1.73,travel,0
5296.6,33,198253.87,12,10,18.87,entertainment,0
6936.38,32,37183.14,12,15,14.89,grocery,0
2857.24,31,73273.49,16,9,6.95,travel,0
10575.38,54,81018.37,19,12,6.67,utilities,0
11264.21,49,71029.5,13,14,9.03,entertainment,0
1448.62,34,33670.39,21,12,16.75,grocery,0
6347.59,20,47486.22,22,13,1.3,grocery,0
3104.57,24,87383.17,14,22,1.7,utilities,0
4836.07,38,49650.37,13,17,10.6,electronics,0
5674.27,18,24684.7,24,9,122.14,electronics,1
4373.38,19,165485.83,12,14,7.51,entertainment,0
1877.52,35,56532.98,16,12,9.54,entertainment,0
2598.05,38,30376.91,16,19,13.54,electronics,0
6995.25,37,52857.99,13,11,13.23,grocery,0
1328.84,26,84803.13,21,22,33.28,utilities,0
4373.99,29,160030.09,13,14,13.47,entertainment,0
6220.5,29,42382.86,13,17,4.38,grocery,0
2814.96,26,49796.6,18,15,31.47,electronics,0
13623.67,25,54975.89,13,17,10.14,entertainment,0
3367.37,19,34562.13,11,10,20.38,entertainment,0
4454.79,48,69643.49,13,18,11.48,utilities,0
11922.61,49,93636.83,23,8,7.61,travel,0
4613.18,50,62970.08,15,15,32.55,utilities,0
9433.73,43,220513.43,15,10,0.64,electronics,0
4232.93,34,29530.64,28,14,14.52,electronics,0
1204.73,22,49493.57,13,15,12.12,travel,0
39643.91,23,53845.49,23,5,20.57,travel,1
2950.11,24,93998.77,31,14,8.41,electronics,0
14008.14,23,124070.58,12,12,16.32,entertainment,0
1791.64,24,38131.1,14,13,24.06,grocery,0
2757.07,33,144731.23,11,14,17.09,entertainment,0
4625.38,31,54664.26,14,11,0.08,utilities,0
12455.28,40,61155.59,21,15,9.62,electronics,0
3440.86,30,122863.92,10,12,3.19,travel,0
2940.82,46,108245.6,14,12,1.33,utilities,0
3206.37,24,75113.71,13,13,3.56,entertainment,0
9750.74,31,44448.99,15,12,11.01,electronics,0
4665.53,24,58560.12,14,17,7.89,electronics,0
2990.76,44,150885.27,13,15,12.47,utilities,0
5975.5,32,95383.65,18,13,18.82,utilities,0
12435.5,18,42493.81,14,14,17.55,travel,0
3574.0,40,42647.38,13,15,2.51,utilities,0
3353.4,32,179671.09,9,16,24.29,entertainment,0
3458.76,18,79889.07,13,16,1.88,travel,0
2417.78,25,81263.9,18,12,23.98,utilities,0
1951.57,40,50103.49,13,3,20.47,utilities,0
9402.7,31,205154.87,24,17,18.33,entertainment,0
2722.48,18,51184.81,13,21,30.65,entertainment,0
3418.67,31,48514.91,7,13,20.76,electronics,0
9191.69,24,82577.29,11,20,24.89,entertainment,0
6068.56,40,59720.84,14,16,7.37,electronics,0
2609.18,46,113210.91,10,10,11.78,utilities,0
5202.49,23,38880.2,10,13,7.26,entertainment,0
1845.56,44,119785.92,19,15,1.28,electronics,0
9415.73,47,50589.67,9,17,17.2,entertainment,0
18665.84,46,42053.86,9,15,10.44,entertainment,0
3667.31,31,57410.32,10,11,11.64,travel,0
7116.45,26,55888.4,21,13,0.0,grocery,0
2877.09,35,32541.51,15,13,1.39,electronics,0
2005.26,27,28292.82,11,15,24.4,electronics,0
3982.68,37,36852.43,13,9,19.5,grocery,0
673.28,28,59668.11,14,14,4.83,grocery,0
11432.1,37,51787.45,15,9,14.55,entertainment,0
3720.06,21,30678.33,16,12,8.21,utilities,0
8270.04,21,27016.03,11,15,11.96,travel,1
3333.23,43,26520.16,18,15,17.16,grocery,0
10439.98,32,109152.92,20,10,3.43,entertainment,0
27441.35,24,20338.36,29,2,41.0,grocery,1
2726.17,24,34350.51,13,20,21.76,electronics,0
4903.74,38,67209.25,18,21,0.8,entertainment,0
4344.69,21,106306.87,14,12,10.03,electronics,0
1130.52,32,106192.96,14,9,1.16,electronics,0
7259.8,25,42431.63,12,13,16.07,travel,0
7404.38,42,142398.1,14,9,5.45,entertainment,0
2132.88,55,42815.01,14,14,0.68,utilities,0
3331.22,33,45779.42,14,17,5.71,travel,0
2962.74,40,72647.08,14,21,9.14,electronics,0
6257.47,26,36298.79,15,13,31.42,travel,0
5343.78,18,31398.83,13,11,16.63,electronics,0
4814.89,46,36631.25,15,11,12.16,travel,0
5213.36,40,89019.77,18,19,14.17,utilities,0
9476.81,29,35863.42,26,0,89.02,electronics,1
4886.71,18,120539.97,15,11,11.86,travel,0
6748.89,39,33095.12,13,17,10.28,utilities,0
13548.88,51,80831.12,17,16,13.61,utilities,0
4302.92,37,112773.98,12,15,8.69,entertainment,0
10275.93,40,42576.45,14,12,15.75,utilities,0
2630.26,33,250635.69,10,13,11.49,entertainment,0
6367.97,25,117299.32,12,19,20.15,utilities,0
3597.44,55,54511.09,16,9,3.46,electronics,0
3338.15,25,26168.74,13,16,7.95,electronics,0
9587.61,32,37747.71,24,9,6.72,utilities,0
1092.9,30,133983.4,14,10,8.65,electronics,0
6350.36,25,35933.45,21,9,34.44,electronics,1
2371.26,41,40583.62,12,12,13.39,travel,0
4128.2,23,62411.14,19,20,7.37,utilities,1
4898.67,29,13912.47,13,14,6.06,electronics,0
3857.42,44,72772.82,14,10,11.3,electronics,0
13505.55,19,72150.42,20,1,15.05,travel,0
8005.41,24,73276.62,23,12,30.16,electronics,0
3090.04,26,82477.34,11,16,15.61,travel,0
16824.69,19,75553.08,36,6,18.14,electronics,1
8236.18,18,23028.46,24,14,78.03,electronics,1
1768.07,28,73348.99,14,14,3.74,entertainment,0
12995.08,32,121614.44,14,13,28.59,entertainment,0
11184.53,25,76158.67,26,16,3.65,utilities,0
3956.16,37,42364.63,10,14,3.05,utilities,0
4131.14,37,106038.34,12,10,3.44,travel,0
6544.48,20,41191.71,23,16,10.47,electronics,1
7248.84,25,42671.96,14,14,29.82,electronics,0
4514.8,35,54246.4,14,17,22.57,grocery,0
4580.65,33,57815.25,14,17,15.46,utilities,0
4665.83,19,34951.6,24,12,19.92,travel,0
5114.26,22,78705.11,22,16,9.99,travel,1
10107.74,34,51088.44,13,12,4.13,travel,0
3214.78,32,60309.3,11,12,19.42,utilities,0
3447.98,24,102683.64,24,11,12.64,electronics,0
1429.92,34,71339.1,13,11,1.44,electronics,0
3760.86,29,133087.52,13,17,6.58,travel,0
12225.41,23,44276.15,28,8,15.55,travel,0
4612.34,19,132840.14,9,11,20.81,electronics,0
2839.84,37,60519.48,14,14,19.59,travel,0
2242.34,30,35516.65,13,13,10.59,electronics,0
8067.29,23,54898.54,19,14,3.81,electronics,0
10443.88,26,129793.58,7,12,3.26,travel,0
7316.67,25,52041.92,21,18,13.79,grocery,0
1049.07,24,205397.21,14,10,3.04,grocery,0
14519.87,33,85382.83,21,17,20.62,travel,0
11732.6,26,66405.86,18,16,2.17,travel,0
2850.71,24,20991.33,19,16,3.19,utilities,0
2831.06,53,80579.11,14,12,1.35,utilities,0
1957.75,29,113209.02,13,13,3.89,electronics,0
2227.24,23,142995.24,13,13,16.42,utilities,0
9583.45,31,48397.52,26,12,2.56,electronics,0
9598.9,62,122123.4,25,10,3.42,entertainment,0
5305.47,36,30126.74,12,12,4.74,utilities,0
5563.04,29,49268.39,13,9,23.98,entertainment,0
3048.86,30,70454.67,12,19,13.17,electronics,0
2107.43,31,37746.83,12,10,3.44,utilities,0
5674.29,20,106377.95,18,8,9.0,travel,0
5386.71,42,43248.58,14,9,8.83,travel,0
3323.37,32,87823.53,11,20,11.56,utilities,0
2447.16,46,36902.59,14,14,9.33,grocery,0
2052.99,20,48470.61,13,10,6.01,electronics,0
1586.78,34,33991.63,11,15,8.86,grocery,0
2422.67,18,51559.37,14,17,1.93,grocery,0
6527.46,32,174876.73,12,12,8.79,utilities,0
5017.82,18,207200.22,12,11,1.18,travel,0
5411.86,35,192476.73,13,10,14.25,entertainment,0
12200.21,51,48405.07,13,12,7.34,entertainment,0
3873.14,31,141191.75,15,14,4.01,entertainment,0
11288.93,32,119294.61,16,14,6.16,electronics,0
4962.68,38,201815.65,13,18,3.21,entertainment,0
3736.03,28,23949.19,16,12,10.71,electronics,0
23467.61,40,81415.53,29,15,17.13,travel,0
5193.12,35,74626.98,12,10,9.3,travel,0
3709.33,31,235411.56,14,18,12.76,grocery,0
4891.26,39,154202.62,11,16,11.13,utilities,0
4072.82,52,109544.57,11,21,13.85,utilities,0
9712.3,41,111733.46,14,10,2.12,electronics,0
8915.08,23,55735.11,13,15,7.06,utilities,0
13142.09,43,66051.72,14,10,8.24,utilities,0
3459.79,28,134929.16,12,18,5.5,grocery,0
4409.8,19,80438.87,14,16,4.67,travel,0
4174.6,47,63083.12,20,12,16.08,electronics,0
6302.32,23,57412.5,12,20,3.0,electronics,0
2021.33,48,57930.19,21,23,16.26,utilities,0
3104.69,50,41621.56,11,13,16.83,entertainment,0
5082.67,18,23527.82,15,17,17.84,entertainment,0
2320.8,32,83140.75,17,14,18.24,utilities,0
1222.53,25,66925.11,10,19,2.26,electronics,0
6887.99,41,48910.12,27,11,17.06,travel,0
2597.86,25,58077.69,13,11,8.18,grocery,0
2037.65,40,63407.82,20,10,17.07,grocery,0
8327.26,33,85926.23,13,19,2.2,travel,0
1339.84,25,35762.39,20,19,19.75,grocery,0
5125.92,31,42167.24,12,15,13.09,utilities,0
2537.01,35,39884.92,12,16,17.58,entertainment,0
15966.16,31,30348.5,18,15,13.41,travel,0
5974.29,39,121809.98,19,10,12.95,utilities,0
18305.86,28,42052.15,25,2,94.8,grocery,1
2132.6,27,62509.64,11,7,19.33,utilities,0
2137.84,18,37792.95,12,13,7.36,utilities,0
2630.1,28,22916.09,15,15,6.22,travel,0
3055.94,33,33382.03,12,10,5.3,utilities,0
2722.29,53,195596.06,13,9,18.85,electronics,0
4166.73,28,49915.05,22,9,8.03,entertainment,0
1766.21,46,94606.02,14,12,5.27,electronics,0
6253.76,20,60711.13,20,19,16.51,grocery,0
2189.65,31,51859.34,20,12,2.81,electronics,0
9132.69,21,149784.66,13,14,18.08,travel,0
1791.11,39,62234.63,13,18,1.43,grocery,0
2747.77,27,87838.94,9,10,27.49,entertainment,0
4660.79,26,61464.54,23,12,16.26,grocery,0
3954.35,22,82733.64,13,14,17.28,utilities,0
8830.24,34,63439.33,16,16,24.93,entertainment,0
18251.9,39,44792.64,33,12,120.26,electronics,1
2886.46,60,131224.19,12,13,29.29,travel,0
14848.6,28,67320.6,11,10,20.58,entertainment,0
11026.31,33,182931.84,11,16,30.62,entertainment,0
10203.03,19,54317.75,11,13,7.77,entertainment,0
7289.29,46,49232.13,15,12,28.22,grocery,0
20656.7,57,252333.14,13,16,8.41,entertainment,0
3076.54,25,27313.97,15,16,1.91,utilities,0
20322.72,42,80437.55,22,8,38.9,electronics,1
2853.16,30,63754.95,14,11,16.49,utilities,0
5143.13,29,72144.07,18,13,10.36,grocery,0
3801.07,52,22529.29,19,13,4.43,grocery,0
4400.8,18,115112.88,8,14,18.5,entertainment,0
8057.19,20,21613.35,18,8,1.11,entertainment,0
1307.48,22,64487.52,14,13,3.36,grocery,0
1647.18,36,94124.19,19,18,2.54,utilities,0
10607.14,30,61519.18,18,14,0.0,grocery,0
2124.29,29,56974.32,19,8,1.36,travel,0
2358.97,38,105340.75,10,16,19.46,electronics,0
3514.53,28,132534.33,17,16,8.74,entertainment,0
7874.23,24,55637.48,13,12,7.75,electronics,0
4042.17,32,56999.27,13,10,14.24,grocery,0
12198.46,31,76220.27,14,15,12.15,grocery,0
2884.01,25,121032.63,14,19,27.06,entertainment,0
4587.93,26,56822.65,27,14,32.68,travel,0
2892.13,24,37544.77,21,14,17.86,utilities,0
5932.72,35,56112.07,23,14,10.71,electronics,0
8433.83,29,95876.17,13,15,8.94,travel,0
8091.17,28,110288.14,25,10,1.63,travel,0
3291.3,32,49731.96,23,14,18.42,utilities,0
1202.95,34,50425.25,21,9,22.57,entertainment,0
9344.45,22,49170.54,19,4,127.29,electronics,1
2507.59,43,37792.04,20,17,5.46,electronics,0
5769.65,32,234832.83,14,10,5.8,utilities,0
5135.38,44,137415.38,11,12,2.15,utilities,0
2125.19,26,131963.11,11,12,7.73,entertainment,0
2260.86,47,89262.17,14,13,9.3,utilities,0
7378.75,36,44352.88,12,14,8.48,travel,0
6313.44,49,38870.02,24,7,86.84,travel,1
5422.25,28,147170.29,12,13,6.46,travel,0
10080.87,37,65966.93,14,16,2.63,entertainment,0
2820.49,24,86863.5,14,12,1.53,entertainment,0
3196.34,34,224390.52,20,10,9.47,travel,0
8993.8,22,59586.13,13,14,3.48,travel,0
1548.94,31,134026.62,16,16,2.36,utilities,0
2504.52,27,44934.4,14,13,12.71,grocery,0
12195.97,33,49293.9,14,10,10.21,entertainment,0
3852.62,52,45018.15,9,9,0.13,entertainment,0
20412.99,43,32457.17,35,7,27.65,electronics,1
3776.22,36,72850.83,20,19,14.67,utilities,0
2396.52,29,84697.28,14,19,3.91,utilities,0
2088.82,19,67297.76,14,15,9.76,grocery,0
3739.18,32,27573.36,14,10,10.68,entertainment,0
1496.77,45,200706.11,14,18,2.41,utilities,0
9155.25,29,36039.64,26,8,144.24,travel,1
13745.75,19,40155.44,18,13,2.32,travel,0
2360.9,48,207082.02,11,14,21.32,utilities,0
9067.09,30,96031.54,24,1,129.65,electronics,1
2471.09,42,33860.08,13,16,14.42,electronics,0
15017.69,49,61876.26,24,10,14.5,electronics,0
13079.46,38,46411.28,13,10,1.77,entertainment,0
9820.47,41,104787.52,14,12,22.88,travel,0
11118.82,44,63741.29,31,19,6.77,electronics,0
4472.42,22,27476.3,20,11,1.98,electronics,0
25775.4,25,41728.09,24,0,59.03,grocery,1
2388.08,48,27792.24,15,15,4.3,utilities,0
6159.62,25,41170.09,12,12,1.22,utilities,0
6380.68,26,92109.98,18,11,14.18,utilities,0
2755.21,41,71441.26,10,15,6.21,entertainment,0
6758.23,27,32106.62,14,23,11.1,grocery,0
1522.97,44,31528.4,18,14,6.5,utilities,0
11244.9,20,71037.44,32,5,3.06,travel,0
8560.15,22,146885.77,20,12,15.47,electronics,0
6737.98,39,110589.37,22,12,11.8,entertainment,0
7503.18,30,31308.45,23,9,20.92,travel,1
11339.55,21,53942.88,20,7,8.53,travel,0
4430.04,18,61986.11,21,17,3.13,entertainment,0
5567.16,30,77086.83,22,14,4.5,utilities,0
2325.26,31,87777.95,14,12,7.36,travel,0
1753.4,44,70313.64,11,15,2.81,utilities,0
5002.51,23,44127.55,23,3,10.69,travel,0
6872.09,21,37901.26,14,11,7.07,travel,0
2947.24,26,184514.05,13,18,10.59,electronics,0
3076.22,19,103522.85,12,15,3.18,utilities,0
2077.26,52,42327.4,18,21,2.72,entertainment,0
8932.39,19,66323.87,22,10,16.87,travel,0
13451.48,29,50745.46,17,9,6.31,travel,0
3349.54,30,79525.76,13,17,6.51,travel,0
2465.37,37,35430.75,21,14,2.33,electronics,0
1966.43,31,103927.93,21,13,21.18,electronics,0
5288.43,25,66256.23,14,14,1.22,entertainment,0
5921.73,55,106840.45,16,9,1.91,entertainment,0
4472.04,25,66579.64,24,2,96.87,grocery,1
4565.19,32,25242.07,13,12,2.01,utilities,0
2848.04,24,50327.64,13,14,14.88,utilities,0
11734.46,29,40959.05,18,17,19.18,grocery,0
28100.19,34,73885.51,23,3,115.44,grocery,1
3947.54,28,31333.66,17,14,3.1,electronics,0
10477.59,24,87420.77,12,13,10.04,electronics,0
7518.9,29,70814.34,21,19,31.7,electronics,1
6430.16,43,66920.16,13,9,5.33,electronics,0
3452.53,33,115822.83,13,14,12.71,entertainment,0
2487.05,42,81088.24,14,15,2.17,utilities,0
3028.09,51,275551.37,20,10,22.7,electronics,0
14091.67,22,43596.82,21,10,17.8,grocery,0
6227.1,21,52519.46,24,2,17.36,electronics,1
9638.62,36,143110.7,19,12,20.24,entertainment,0
1828.66,48,131282.03,11,11,13.26,utilities,0
2759.89,49,114045.05,14,14,12.22,entertainment,0
3803.57,30,116930.27,18,0,19.99,travel,1
3549.52,62,73774.26,15,20,4.37,utilities,0
5381.33,34,92108.48,13,14,32.79,entertainment,0
10470.34,33,68780.19,13,8,15.32,grocery,0
6374.8,23,68763.28,10,13,14.01,travel,0
2484.41,39,40191.46,11,10,15.8,entertainment,0
2614.47,24,41036.44,14,13,2.82,travel,0
10297.51,28,54449.93,14,13,7.17,travel,0
6426.45,26,112372.33,13,16,1.79,utilities,0
4543.82,18,39018.63,18,10,13.96,electronics,0
4855.26,24,83207.64,13,13,19.8,travel,0
2139.4,28,86875.04,14,9,4.73,electronics,0
5721.47,52,121170.92,15,12,19.89,entertainment,0
5033.97,40,110535.8,11,10,2.82,utilities,0
2198.64,26,49067.02,14,14,13.11,utilities,0
2657.86,22,46805.53,19,15,2.84,travel,0
6770.03,22,85456.68,22,16,20.05,grocery,1
5658.69,33,119542.24,14,15,2.25,utilities,0
18708.19,34,17899.66,26,9,99.7,grocery,1
25517.11,19,49775.42,15,20,17.18,utilities,0
3241.12,47,48165.09,14,10,2.51,utilities,0
4914.97,52,55417.33,13,16,1.12,electronics,0
3802.44,22,64205.7,21,12,4.39,grocery,0
10368.95,22,63854.97,28,4,8.94,electronics,1
18847.97,25,74740.49,21,5,49.6,travel,1
7205.49,26,73345.62,18,15,16.87,grocery,0
3912.86,36,58155.19,18,21,18.12,utilities,0
5593.9,23,32914.49,24,0,3.72,travel,1
4708.16,26,40880.4,19,7,18.67,entertainment,0
2965.58,34,115550.48,12,15,19.9,entertainment,0
3222.72,45,18236.85,13,12,6.74,electronics,0
2418.08,40,33594.05,13,18,15.27,electronics,0
7414.94,43,35261.12,14,16,13.92,entertainment,0
4344.31,25,90929.81,23,11,17.66,electronics,0
7438.31,36,29473.22,27,3,89.81,electronics,1
2066.25,31,47203.44,13,12,16.37,utilities,0
6150.95,29,229911.69,13,16,2.23,electronics,0
11640.13,32,85634.4,15,21,3.93,grocery,0
11746.21,22,18907.35,14,13,14.52,utilities,0
17526.1,25,51842.92,20,16,4.78,electronics,0
6536.93,31,79425.54,13,15,0.89,entertainment,0
13794.43,28,48483.95,24,0,37.73,travel,1
2467.98,33,53175.23,14,12,28.38,entertainment,0
11714.88,22,29334.6,28,4,29.16,grocery,1
4532.81,22,49297.23,13,15,15.17,entertainment,0
7293.81,35,43137.22,20,17,8.39,travel,1
6364.3,19,79511.44,13,15,1.54,utilities,0
1786.0,39,108067.39,8,16,3.22,travel,0
3913.54,31,46532.06,14,14,17.85,grocery,0
1935.59,35,57958.6,13,19,29.92,travel,0
35638.37,31,63419.43,28,12,17.4,grocery,1
16367.55,18,27335.98,20,17,19.06,electronics,0
12430.16,44,146109.05,14,20,20.36,electronics,0
3078.47,29,24266.56,18,22,5.5,entertainment,0
3481.97,27,31837.68,14,14,2.0,travel,0
10828.51,24,147935.49,14,10,8.06,entertainment,0
8574.99,36,178795.82,14,12,23.81,entertainment,0
14469.53,32,32794.21,10,12,4.83,entertainment,1
2902.14,31,93036.85,14,18,14.88,grocery,0
3837.43,22,172237.81,12,12,27.22,travel,0
4386.34,32,34711.9,21,10,13.89,entertainment,0
1546.19,18,68337.27,20,11,2.87,electronics,0
15004.93,25,85750.91,13,10,31.06,travel,0
28290.59,18,37984.27,24,10,23.01,electronics,0
2370.9,47,45061.43,13,15,14.28,electronics,0
4486.02,36,70932.65,12,15,1.89,travel,0
4257.65,28,61754.37,21,13,18.83,entertainment,0
6284.39,48,109717.19,11,13,19.43,electronics,0
8265.03,32,24036.04,21,3,10.58,grocery,1
7980.43,31,56756.27,17,16,18.07,travel,0
2776.87,18,47219.61,8,14,1.66,electronics,0
3022.32,53,28299.79,14,11,13.27,entertainment,0
14005.26,20,90027.51,13,12,18.26,electronics,0
2818.06,30,53351.04,12,10,6.25,entertainment,0
6344.77,19,87979.93,8,18,3.36,entertainment,0
13494.59,19,23906.27,31,11,26.32,travel,1
3427.34,19,27127.63,18,15,4.03,utilities,0
8259.37,36,72412.93,12,16,24.68,electronics,0
3332.48,62,35781.97,18,9,24.68,grocery,0
6324.59,26,19808.23,26,9,23.12,travel,1
6841.41,46,133552.83,13,12,1.48,entertainment,0
4367.39,18,42996.33,14,9,27.55,utilities,0
2356.58,44,224349.75,13,13,1.73,utilities,0
4607.28,30,83472.0,19,12,8.35,utilities,0
5352.33,27,29556.91,23,4,7.72,travel,1
8948.25,18,39125.4,31,8,98.52,travel,1
4463.83,19,41063.04,13,14,6.09,utilities,0
7528.46,32,31399.77,9,18,28.04,travel,0
1999.91,18,77330.66,18,10,4.2,travel,0
6266.77,48,92739.01,21,13,26.3,electronics,1
7601.8,31,53315.78,13,13,9.48,utilities,0
6662.15,24,137062.87,13,13,1.78,travel,0
6295.8,34,46947.9,16,11,30.0,travel,0
6952.39,29,39459.31,13,19,22.16,grocery,0
4496.12,24,49649.92,26,15,9.03,electronics,0
15338.92,21,141923.04,23,1,5.48,travel,0
7164.73,40,34352.72,19,5,26.06,electronics,1
7327.12,38,83321.37,12,15,3.7,grocery,0
3164.37,28,59219.13,16,13,13.36,travel,0
6322.77,42,51420.97,14,3,25.01,utilities,0
13637.45,33,121557.25,11,12,9.1,entertainment,0
9121.48,29,79310.87,13,15,7.74,entertainment,0
3602.66,30,79141.54,10,13,0.44,travel,0
782.95,18,71422.19,14,20,5.88,grocery,0
9649.53,51,39657.21,21,11,6.15,entertainment,1
10075.28,40,107094.44,19,19,8.3,travel,0
8049.84,32,57389.14,10,13,15.58,entertainment,0
5516.39,33,41162.7,14,16,3.23,grocery,0
3466.93,37,46221.88,14,19,7.49,entertainment,0
13026.14,31,46934.52,32,19,5.61,electronics,0
2681.55,27,40518.7,17,13,17.78,travel,0
5032.81,32,78690.51,18,17,15.85,grocery,0
4135.06,29,36779.69,14,15,13.32,entertainment,0
10677.76,26,50262.01,13,18,2.9,electronics,0
3976.07,24,124699.47,9,16,0.55,grocery,0
1739.48,51,98436.52,14,14,1.43,grocery,0
5574.18,33,105243.98,25,12,13.67,entertainment,0
11535.56,31,77089.54,11,12,4.34,travel,0
3997.1,41,71203.73,14,13,1.37,travel,0
1476.44,39,110923.85,11,23,6.21,travel,0
8836.26,47,73289.19,19,14,27.42,grocery,0
2220.59,40,46401.26,13,14,28.21,utilities,0
6953.23,29,35625.26,27,14,7.65,travel,0
1945.88,27,103215.36,20,15,2.69,electronics,0
8650.61,25,33176.09,13,15,2.03,travel,0
3047.12,34,92886.28,20,21,4.27,utilities,0
2485.84,48,56998.72,21,15,5.3,grocery,0
2718.14,28,289457.64,12,8,13.17,utilities,0
1902.03,41,69245.65,20,15,13.83,utilities,0
2324.17,43,40174.56,13,15,6.73,grocery,0
1418.37,42,45393.05,13,20,14.7,grocery,0
12069.78,38,55242.32,10,15,23.43,electronics,0
2452.16,35,54708.31,12,15,13.65,entertainment,0
2719.72,24,104706.27,15,14,16.2,utilities,0
7856.4,58,66579.22,11,23,19.31,utilities,0
6358.74,18,252372.31,21,13,27.85,electronics,0
4529.58,41,70281.35,13,15,1.04,electronics,0
6236.55,19,44534.21,14,14,26.14,grocery,0
5740.01,33,189670.06,13,16,16.32,entertainment,0
2723.15,41,113603.88,12,17,1.63,electronics,0
1829.57,31,131658.11,11,15,2.6,entertainment,0
6305.64,22,40197.94,25,3,3.14,grocery,1
5968.83,23,53384.81,13,20,8.94,electronics,0
8787.47,40,46628.01,15,14,10.84,entertainment,0
4961.55,52,59629.04,19,15,28.72,grocery,0
7657.7,23,54372.14,12,9,17.91,entertainment,0
1875.13,20,73351.72,19,7,26.27,travel,0
4935.54,43,61987.62,19,18,6.08,electronics,0
14140.0,27,44249.94,12,17,8.75,electronics,0
7652.38,21,163412.72,15,11,20.16,travel,0
1534.27,30,31285.71,13,19,18.59,utilities,0
7544.28,22,64726.24,26,4,44.18,travel,1
4032.85,28,78913.65,21,10,17.4,travel,0
11905.69,50,59789.0,17,17,20.42,entertainment,0
2368.11,45,51889.87,14,11,6.16,travel,0
2868.24,27,35541.35,14,15,4.02,grocery,0
11528.53,19,55419.11,21,3,57.28,electronics,1
4887.27,39,78638.22,13,13,3.29,travel,0
2947.13,34,90556.03,12,14,2.26,utilities,0
2801.77,20,122840.67,14,13,15.21,utilities,0
8058.16,24,71104.83,24,0,11.1,electronics,1
4956.56,42,29378.7,10,12,15.07,grocery,0
15056.55,27,70644.65,20,12,12.6,electronics,0
2347.03,20,91358.57,19,16,3.54,grocery,0
2176.45,26,58379.1,15,17,14.96,grocery,0
6581.88,54,37542.31,12,21,13.24,entertainment,0
14682.83,43,276084.79,13,8,11.2,entertainment,0
11657.64,18,70002.47,30,1,96.92,grocery,1
5649.43,21,157176.75,13,10,10.22,utilities,0
3715.67,26,60379.73,18,12,11.78,entertainment,0
2866.9,21,64191.72,18,13,8.83,grocery,0
12163.98,34,87914.85,24,17,38.53,grocery,1
3644.17,37,17407.27,14,14,25.37,grocery,0
3014.1,47,130306.07,16,13,1.14,utilities,0
2646.92,43,92699.31,17,15,16.67,travel,0
5219.05,55,50736.5,14,9,7.64,utilities,0
11369.25,28,69093.38,23,11,15.25,utilities,0
1759.98,27,81351.19,15,13,26.79,grocery,0
4407.82,38,196600.25,20,15,16.15,electronics,0
1423.52,49,156624.01,13,19,2.73,grocery,0
5099.6,35,94233.43,12,7,24.81,electronics,0
5304.63,25,134490.94,13,16,9.63,travel,0
1586.42,24,30423.26,14,11,2.02,entertainment,0
4591.71,30,84738.53,14,12,16.01,travel,0
8477.36,41,58058.63,30,1,81.43,electronics,1
2553.85,20,70192.34,21,11,4.7,utilities,0
7339.0,31,70409.46,11,20,28.06,utilities,0
5734.84,19,69219.65,15,14,1.11,grocery,0
1717.86,28,54615.35,12,13,24.91,grocery,0
2004.02,35,37405.68,12,12,1.58,travel,0
2279.02,30,49631.02,11,15,7.9,utilities,0
2377.81,28,107913.21,16,11,29.62,travel,0
2448.84,28,156451.08,13,16,13.72,entertainment,0
4874.81,64,80650.12,14,12,7.91,grocery,0
4249.6,30,174637.9,11,17,15.22,entertainment,0
5799.07,30,80642.23,15,20,2.96,travel,0
13808.67,32,52284.73,13,10,3.15,entertainment,0
1941.36,40,24670.31,13,9,18.64,utilities,0
14321.1,32,49659.09,19,12,6.84,utilities,1
6597.79,20,75230.48,14,14,6.91,entertainment,0
5567.37,26,90458.15,14,15,16.12,utilities,0
3924.14,37,86219.95,13,13,2.87,entertainment,0
2707.87,31,54463.43,10,12,1.33,utilities,0
2192.05,23,58918.26,15,9,12.59,utilities,0
4014.75,18,198517.33,12,14,29.8,travel,0
9399.71,29,155321.45,24,18,13.84,electronics,0
3755.9,43,109758.62,9,15,10.36,entertainment,0
2574.45,50,109066.46,12,17,12.61,utilities,0
2177.05,34,71551.24,16,22,11.81,utilities,0
3414.24,27,126880.05,11,17,16.56,utilities,0
1396.89,41,37814.48,13,10,7.0,electronics,0
1249.19,20,20507.21,17,11,8.09,electronics,0
4038.39,27,69431.4,14,10,12.21,entertainment,0
7338.01,30,45147.86,19,6,29.13,travel,0
2386.41,26,64972.78,13,13,10.49,utilities,0
4723.0,27,130391.94,13,17,2.18,utilities,0
1542.02,23,111017.84,31,15,3.5,utilities,0
6051.91,28,32623.7,22,11,26.82,travel,0
5092.04,32,77164.71,13,12,1.85,utilities,0
9048.52,52,44326.41,13,9,4.42,entertainment,0
17793.25,52,24938.55,27,0,8.04,travel,1
7859.74,28,67613.01,12,12,3.21,entertainment,0
6337.76,31,71155.62,13,10,1.46,grocery,0
8854.8,47,98285.92,14,17,3.15,utilities,0
4387.93,60,173112.37,15,15,3.14,utilities,0
2820.71,34,143408.09,18,18,7.13,utilities,0
1190.6,25,59936.84,14,12,12.25,grocery,0
3326.45,24,138976.19,12,14,10.07,entertainment,0
44152.18,23,35285.0,32,20,4.7,grocery,1
4032.63,57,36356.88,13,11,0.77,electronics,0
9266.13,29,107657.23,9,15,9.24,electronics,0
7369.5,32,170035.59,14,18,8.82,grocery,0
6135.0,29,38694.89,15,13,13.96,electronics,0
3853.62,25,56782.54,12,17,24.73,electronics,0
5757.03,39,232391.87,18,20,17.7,electronics,0
20349.53,20,46853.01,20,9,20.43,travel,0
2425.83,28,103212.57,17,11,17.57,grocery,0
4623.65,29,51719.96,14,8,18.96,grocery,0
5942.9,48,129370.91,14,13,3.22,travel,0
4458.81,27,47330.9,12,21,14.12,travel,0
2214.69,37,62733.08,14,16,2.68,grocery,0
5924.32,34,44276.97,12,16,15.38,utilities,0
4713.83,41,30060.79,14,17,16.23,utilities,0
8774.23,37,56090.0,17,23,19.96,entertainment,0
8240.68,44,55544.18,16,18,24.69,electronics,0
2389.57,34,278482.03,13,16,0.72,entertainment,0
2292.18,29,56733.51,14,18,16.7,grocery,0
2921.68,35,38417.57,10,9,1.55,travel,0
9661.57,34,87295.6,11,13,24.17,entertainment,0
1581.5,36,23152.32,11,19,3.93,electronics,0
9313.02,35,72477.83,13,17,4.28,utilities,0
6009.13,31,54584.78,14,8,8.54,grocery,0
2682.94,30,105897.18,14,15,4.64,electronics,0
2441.95,24,82831.79,10,19,0.56,entertainment,0
6388.8,25,66254.87,23,10,19.83,electronics,1
13179.8,33,76697.29,12,13,121.93,utilities,0
5766.33,24,59140.0,19,10,22.63,electronics,0
1293.02,33,75013.37,13,16,25.6,grocery,0
9749.33,28,65154.46,18,8,17.07,electronics,0
2338.85,21,99727.18,14,13,8.58,grocery,0
3317.98,22,39844.82,14,13,0.76,electronics,0
7370.06,41,25571.34,14,16,27.21,grocery,0
2657.42,33,72578.15,9,15,2.67,electronics,0
5665.19,40,39558.79,12,14,1.06,utilities,0
3805.99,61,31840.35,10,14,13.24,utilities,0
8145.72,22,69926.44,21,4,48.17,electronics,1
2858.91,20,77495.52,13,13,24.63,utilities,0
3484.18,45,130825.05,11,19,21.08,travel,0
9105.15,25,38988.94,13,10,9.26,travel,0
10542.24,34,37052.34,11,9,34.39,entertainment,0
4424.33,38,36545.93,13,13,22.12,grocery,0
1322.03,30,59697.7,21,11,2.39,grocery,0
10075.09,22,205426.37,13,12,3.56,utilities,0
8422.3,49,59980.25,31,15,3.63,electronics,0
5534.08,46,61232.09,18,10,14.46,grocery,0
7880.1,23,68913.08,15,15,16.13,grocery,0
7993.77,27,32340.71,13,16,28.75,utilities,0
4663.74,49,77421.05,14,15,1.43,utilities,0
6028.63,29,110456.07,12,14,2.91,utilities,0
6395.07,28,49811.02,26,3,23.62,travel,1
6819.33,32,124748.1,14,12,30.39,grocery,0
15335.47,18,59250.7,14,14,11.35,travel,0
3042.04,32,36725.92,20,18,8.23,travel,0
4768.23,24,183987.65,13,18,15.78,entertainment,0
4675.94,21,67012.97,25,11,7.99,electronics,0
2938.71,18,68865.71,9,18,3.58,entertainment,0
8355.23,26,59686.23,15,20,5.17,grocery,0
13604.87,46,80125.41,18,15,11.8,utilities,0
2157.5,18,40584.09,13,11,3.39,entertainment,0
14826.74,25,27054.83,22,14,41.07,travel,0
11527.9,26,52895.54,12,15,24.25,entertainment,0
2388.48,42,174867.0,13,17,0.18,electronics,0
4323.61,44,28286.56,19,13,5.74,entertainment,0
18711.8,50,48115.91,22,11,95.14,travel,1
9264.62,25,38589.11,21,12,16.42,utilities,0
7476.46,24,22294.5,36,1,88.39,electronics,1
7180.04,29,74382.05,14,11,1.91,entertainment,0
4340.43,30,48172.05,14,10,9.78,utilities,0
2608.32,34,106528.06,14,16,16.5,grocery,0
2402.36,35,51655.45,12,9,11.25,entertainment,0
6598.5,30,64669.56,13,13,11.64,utilities,0
8760.5,30,50524.9,14,14,7.8,utilities,0
3365.83,19,40922.92,20,13,6.07,grocery,0
3075.05,27,246671.9,15,13,4.46,entertainment,0
1125.22,28,40070.89,14,16,5.92,grocery,0
2689.87,26,60819.58,11,10,27.04,entertainment,0
13866.49,43,89719.9,14,8,18.75,electronics,0
6013.78,43,30638.96,16,10,5.63,entertainment,0
5264.8,30,45213.73,14,15,11.77,grocery,0
6371.86,27,78292.51,21,11,18.46,travel,0
10617.18,51,40364.28,28,21,24.81,travel,0
4318.32,42,146363.66,20,13,8.62,entertainment,0
7796.53,23,96533.35,24,1,120.13,grocery,1
11747.32,35,26793.45,30,1,144.73,travel,1
5379.02,30,27303.74,11,14,6.95,grocery,0
2668.82,26,60162.64,13,16,13.9,utilities,0
6821.47,30,220262.74,14,12,2.98,entertainment,0
4183.59,33,277941.72,24,10,11.33,travel,0
4581.44,27,171289.29,11,16,1.65,travel,0
8953.47,23,63478.5,10,15,4.74,utilities,0
9993.11,33,100549.11,18,19,14.47,grocery,0
3119.47,24,32689.63,10,22,2.38,utilities,0
5074.18,38,80232.4,15,13,35.48,utilities,0
1778.02,33,87938.05,14,21,19.88,grocery,0
6852.47,22,24751.52,27,0,226.01,electronics,1
7748.75,43,48758.13,26,12,18.95,utilities,0
19877.04,19,461027.55,13,11,16.11,entertainment,0
11062.07,31,62349.08,10,9,12.41,electronics,1
6622.97,37,36852.96,12,20,15.36,entertainment,0
4888.96,26,79129.49,13,11,22.67,travel,0
3159.3,23,42085.84,8,19,16.85,utilities,0
1792.97,42,95560.92,14,15,2.75,travel,0
2450.75,18,45635.24,18,10,16.96,entertainment,0
3355.03,40,20537.69,20,16,13.4,electronics,0
1794.53,31,61824.19,12,18,0.77,grocery,0
2576.88,21,25945.02,14,15,2.16,travel,0
6377.03,22,69357.3,23,19,5.41,electronics,1
2515.03,35,92614.24,13,14,15.55,entertainment,0
2679.96,27,120836.1,14,12,7.96,travel,0
1803.21,24,88622.89,15,19,13.94,grocery,0
7874.96,26,54931.72,14,14,11.07,travel,0
3648.32,32,247973.91,22,5,1.71,electronics,0
5398.96,36,30503.3,9,11,27.37,entertainment,0
8612.26,21,54247.32,11,11,10.25,utilities,0
4734.47,35,64247.03,14,15,14.49,grocery,0
2015.54,43,36560.24,15,7,1.84,grocery,0
8722.57,28,56867.35,18,21,6.55,entertainment,0
4368.82,25,56687.82,9,13,1.21,travel,0
7429.01,24,46021.42,14,11,2.66,grocery,0
3526.39,22,186563.13,14,15,6.14,grocery,0
2666.89,22,134599.81,13,12,13.78,electronics,0
5543.68,52,36655.99,13,11,17.58,entertainment,0
5349.82,25,275618.21,14,10,8.83,entertainment,0
13736.07,29,44305.81,20,16,28.69,travel,0
8266.73,26,46629.65,13,8,12.17,entertainment,0
17324.57,19,88019.73,13,10,9.38,entertainment,0
8371.44,25,115371.97,14,15,9.83,electronics,0
4196.69,29,87179.47,18,13,6.17,electronics,0
17776.07,40,19130.31,9,13,2.3,electronics,0
8929.86,45,71497.21,15,12,4.11,grocery,0
24042.51,28,22779.76,21,3,8.81,travel,1
3241.32,18,29919.52,21,18,13.4,electronics,0
10205.87,21,108423.68,10,18,14.84,grocery,0
3797.6,43,53856.43,13,11,11.46,utilities,0
21984.66,43,83981.36,29,4,94.13,electronics,1
4276.52,27,134503.73,16,9,2.35,travel,0
15020.93,42,44485.72,28,7,103.44,electronics,1
4567.81,19,96645.95,10,12,2.46,utilities,0
8684.78,39,176150.67,17,10,3.85,travel,0
8551.44,48,85627.73,17,19,5.73,electronics,0
5620.46,27,27644.21,17,12,33.77,travel,0
4875.57,39,74288.44,13,11,7.91,entertainment,0
3286.74,41,33430.55,21,13,19.09,electronics,0
2272.67,34,103100.85,23,13,13.5,utilities,0
10655.18,52,74212.14,13,20,4.52,entertainment,0
15202.82,31,50614.5,23,18,1.14,electronics,0
3414.79,32,62212.55,20,11,8.6,electronics,0
12166.57,18,34097.95,29,2,11.4,electronics,1
7425.49,21,38644.23,26,3,32.94,travel,1
9162.33,23,41264.21,22,11,30.4,electronics,0
2860.11,25,184246.72,13,10,5.71,utilities,0
4388.71,30,48978.81,20,9,5.94,travel,0
2576.99,29,47726.65,14,16,1.73,grocery,0
3777.58,30,68768.65,14,13,13.15,electronics,0
12604.7,23,73099.43,27,0,155.88,electronics,1
4070.26,31,31379.49,12,15,7.47,travel,0
6891.81,33,35753.31,13,10,14.72,grocery,0
8352.43,48,53662.87,14,15,17.44,grocery,0
4519.47,29,50225.4,13,10,5.34,entertainment,0
9960.5,22,20072.88,13,11,2.15,travel,0
13350.16,32,28185.5,20,17,2.34,utilities,0
1986.77,34,64345.28,20,18,6.53,grocery,0
653.68,20,14105.04,12,21,4.34,grocery,0
8201.78,18,44537.0,25,14,24.5,travel,1
2064.14,25,150036.42,13,16,10.63,utilities,0
4998.33,27,68278.07,14,14,28.84,grocery,0
2048.38,32,59364.75,14,15,5.16,travel,0
3853.15,62,88450.62,17,9,6.14,electronics,0
4699.58,39,59757.84,11,15,1.81,electronics,0
7641.55,24,38058.94,14,11,2.84,utilities,0
3805.91,21,59867.72,14,14,0.76,travel,0
14560.08,24,52293.15,29,7,136.06,travel,1
13998.8,23,99972.77,13,8,9.15,travel,0
1844.03,37,35924.13,13,10,8.42,electronics,0
5871.54,24,192819.84,19,8,2.13,utilities,0
1613.14,26,35179.62,12,18,6.51,utilities,0
7613.48,42,38432.23,29,3,58.95,electronics,1
3045.2,20,60746.88,21,13,23.33,travel,1
3824.06,18,153711.88,14,8,13.56,entertainment,0
4128.34,30,151664.43,15,18,10.04,entertainment,0
2572.73,33,46558.91,14,14,19.89,entertainment,0
2288.62,26,96202.45,13,11,11.02,grocery,0
3618.57,36,44243.83,12,16,1.92,electronics,0
9569.75,60,46288.11,14,12,3.77,electronics,0
4980.72,18,59530.37,10,13,24.9,electronics,0
9743.75,22,56924.39,11,20,19.43,entertainment,0
8098.26,21,49250.08,12,15,7.55,travel,0
4740.38,30,108921.48,11,15,9.4,entertainment,0
7248.9,27,58613.43,13,11,5.7,electronics,0
8840.64,37,57877.22,10,10,17.55,electronics,0
37539.95,30,43786.03,31,13,76.66,grocery,1
6252.73,30,154574.95,11,12,7.53,travel,0
14005.71,20,43556.37,13,10,28.83,entertainment,0
5645.32,24,27510.24,14,21,16.85,travel,0
5529.45,24,92951.04,36,5,112.87,travel,1
5182.53,33,38580.26,22,13,8.75,grocery,0
7117.93,32,54413.08,22,18,5.72,electronics,0
11418.68,26,59083.94,11,13,5.47,grocery,0
10911.02,22,59628.51,18,13,7.01,entertainment,0
4094.16,31,65501.76,19,11,0.47,travel,0
5679.3,33,93372.13,13,10,8.06,entertainment,0
3329.22,43,126900.79,13,12,3.72,entertainment,0
6593.35,42,114582.24,15,12,15.66,entertainment,0
5452.37,31,81167.07,13,13,15.33,entertainment,0
3540.14,33,42127.62,22,12,22.46,utilities,0
8645.36,19,43742.29,8,15,36.24,travel,0
7252.83,19,33345.9,10,15,2.85,electronics,0
1864.84,27,58131.35,20,14,14.69,utilities,0
1591.81,32,61537.87,11,11,15.68,entertainment,0
21382.31,21,25895.16,32,1,65.78,grocery,1
2802.31,18,25137.23,11,16,29.82,travel,0
3106.25,19,144202.83,19,10,2.28,entertainment,0
6427.86,29,41850.89,13,18,10.92,entertainment,0
3906.11,18,76270.52,23,13,8.7,travel,0
4175.15,34,168305.07,18,10,25.1,travel,0
1670.07,31,44203.29,12,15,14.2,grocery,0
2330.92,26,74155.16,15,12,19.49,travel,0
5676.94,34,62662.27,13,19,9.67,grocery,0
3624.18,31,34562.12,15,16,1.19,grocery,0
8949.94,24,77179.92,25,0,136.31,grocery,1
2325.78,31,305053.24,13,9,2.49,entertainment,0
2676.65,27,72615.28,13,11,30.34,electronics,0
5746.36,31,57901.96,32,21,9.33,electronics,0
7121.65,27,70163.82,34,5,79.81,travel,1
6543.94,31,51541.01,13,14,7.0,grocery,0
18545.97,38,49793.81,13,15,1.39,electronics,0
10798.72,39,18022.7,18,14,37.78,entertainment,0
4508.22,18,61903.38,12,9,15.44,electronics,0
1811.35,31,31743.5,14,8,34.98,utilities,0
9475.61,54,46522.49,12,14,13.58,electronics,1
6363.45,42,164986.1,16,11,3.51,utilities,0
14143.77,23,58754.35,14,8,7.59,travel,0
7587.16,31,44671.05,18,19,2.16,grocery,0
2295.13,49,34994.3,15,14,8.12,utilities,0
17171.19,29,48900.93,14,11,18.56,utilities,0
14494.75,29,28210.33,33,3,127.16,electronics,1
9772.29,29,42267.45,18,14,11.82,grocery,0
2334.99,30,21754.51,11,16,14.77,travel,0
8589.91,38,113687.99,26,8,8.12,entertainment,0
3692.87,24,37589.53,14,13,2.05,utilities,0
3095.07,43,51492.32,18,11,10.11,utilities,0
9800.9,24,42760.88,21,8,19.19,electronics,0
3714.77,26,87293.35,20,14,11.39,grocery,0
8300.33,44,113064.5,11,15,0.63,utilities,0
2937.64,41,38037.35,14,10,9.91,entertainment,0
4989.93,21,109482.96,23,23,20.79,travel,0
10465.91,21,151729.81,18,12,16.63,travel,0
4841.98,18,45524.03,14,9,26.18,electronics,0
2189.72,24,68471.5,15,13,6.52,electronics,0
3217.26,21,130847.56,13,14,3.11,electronics,0
3099.0,51,28217.25,10,21,4.66,entertainment,0
1637.73,48,67874.7,14,9,18.99,utilities,0
2837.1,24,49688.82,12,13,5.54,utilities,0
9509.77,53,38260.71,9,10,8.17,entertainment,0
9297.01,26,59002.15,11,12,22.16,utilities,0
4857.2,18,37638.24,13,16,2.15,electronics,0
1853.46,34,79015.44,13,11,30.58,utilities,0
4501.04,41,56906.16,15,6,10.62,entertainment,0
2109.0,25,145829.71,13,16,12.92,electronics,0
3009.41,33,80338.27,10,15,19.05,utilities,0
3911.15,36,45940.06,13,21,16.98,electronics,0
2701.11,20,82913.21,14,14,17.43,utilities,0
7297.89,23,47040.96,28,0,119.77,grocery,1
4918.71,26,64136.43,14,19,2.6,grocery,0
2715.13,20,76767.17,14,10,14.28,utilities,0
4228.04,18,41276.1,10,13,2.84,utilities,0
9501.65,38,55410.94,12,13,3.52,utilities,0
5068.47,40,32618.09,18,12,19.76,entertainment,0
9442.27,24,58149.05,14,14,16.14,utilities,0
5126.28,30,73031.76,13,13,2.99,travel,0
3615.29,23,99123.88,14,13,3.46,travel,0
2391.47,35,136762.84,15,10,19.5,grocery,0
10397.7,31,64373.83,13,11,4.07,entertainment,0
3383.42,31,67151.83,13,17,18.05,grocery,0
8965.98,26,62921.47,14,22,1.81,travel,0
2221.3,23,212036.46,14,16,21.27,utilities,0
37189.96,22,34666.43,32,10,106.7,electronics,1
10273.8,35,32683.26,21,14,13.72,utilities,0
2965.59,32,34304.74,16,13,8.27,utilities,0
2053.53,19,70138.68,16,12,11.8,electronics,0
10339.16,42,104090.36,17,19,1.49,entertainment,0
2827.66,31,81910.2,14,16,13.54,electronics,0
920.7,59,86679.1,13,18,11.34,utilities,0
7464.51,20,64917.92,14,15,15.09,grocery,0
3570.26,28,65916.03,14,14,0.65,travel,0
5249.15,53,73412.34,24,21,1.74,electronics,0
2509.2,32,60371.86,11,20,11.8,grocery,0
5498.49,28,30525.39,15,6,4.63,travel,1
10184.8,37,90546.5,26,12,14.88,travel,0
8214.84,29,103545.61,14,21,19.52,utilities,0
1453.79,31,47959.52,20,15,2.21,utilities,0
5162.23,40,85133.64,10,16,4.07,entertainment,0
3238.12,28,65051.07,12,15,3.44,travel,0
4025.97,25,66058.75,11,11,10.08,utilities,0
15752.91,30,77977.55,18,12,20.08,entertainment,0
27379.71,23,32546.95,26,1,130.43,travel,1
2839.38,22,97157.0,13,14,2.62,electronics,0
6491.19,18,48355.3,12,13,2.53,utilities,0
8714.25,30,54320.53,13,12,15.5,entertainment,0
8691.65,29,81758.65,13,11,7.48,grocery,0
10591.84,24,40772.11,13,16,31.53,travel,0
1923.16,62,196680.56,16,10,6.93,grocery,0
4863.1,27,49067.01,18,12,26.19,grocery,0
2044.04,46,46389.6,11,13,15.21,electronics,0
3278.26,28,37630.94,9,13,9.53,travel,0
10898.51,26,88792.07,13,15,11.0,entertainment,0
2734.59,49,62558.14,18,11,3.24,entertainment,0
1587.58,22,49729.84,12,17,14.01,entertainment,0
3310.27,18,67684.1,21,13,16.96,grocery,0
4012.63,39,63144.68,14,12,2.77,utilities,0
8773.7,18,47019.93,33,7,61.52,travel,1
6257.38,25,61313.66,14,11,15.87,grocery,0
5336.87,29,38690.08,12,14,22.53,travel,0
28659.68,35,115811.17,9,13,1.79,entertainment,0
1878.3,35,64665.78,12,8,3.81,travel,0
3809.23,33,32920.99,12,11,29.31,utilities,0
3084.27,19,48484.67,14,13,4.03,utilities,0
10077.93,33,78965.36,13,16,5.89,electronics,0
4538.37,23,60240.03,23,20,16.6,electronics,0
2997.14,25,60445.57,12,13,8.3,grocery,0
6244.22,37,102785.68,12,19,1.5,entertainment,0
1760.58,28,75807.24,9,16,14.29,electronics,0
2162.47,24,143742.02,22,15,2.8,electronics,0
8370.47,44,71669.3,35,17,9.78,electronics,0
3860.77,33,36283.46,20,10,5.99,electronics,0
3207.85,35,31098.18,16,12,16.67,entertainment,0
4526.78,43,106560.48,15,10,12.28,electronics,0
7282.87,36,151096.58,14,15,2.94,entertainment,0
13093.08,23,22930.42,32,2,131.14,electronics,1
4809.27,29,72934.83,10,20,10.22,grocery,0
4173.53,34,57522.7,10,8,7.21,entertainment,0
5882.37,28,48504.66,12,14,6.89,entertainment,0
5133.3,29,45993.12,19,11,33.89,travel,0
5055.92,24,358948.62,13,14,12.2,grocery,0
14862.1,34,22022.99,22,17,37.8,electronics,0
7354.79,20,109286.61,17,12,16.94,entertainment,0
4107.63,40,52968.01,14,20,20.59,electronics,0
2286.87,46,139760.06,9,19,8.05,utilities,0
3600.06,32,52608.52,18,13,6.46,travel,0
2895.46,28,31720.56,14,11,2.77,utilities,0
5161.02,34,35335.13,18,15,14.97,travel,0
1832.85,44,53127.03,10,18,32.14,entertainment,0
2105.27,23,38402.32,15,16,13.63,grocery,0
9184.92,52,75079.37,15,13,4.2,utilities,0
12963.36,30,91847.68,13,8,32.09,entertainment,0
748.44,21,200853.21,14,16,23.45,grocery,0
10290.15,32,26238.91,20,11,10.63,electronics,0
5758.44,35,165753.76,17,15,2.67,entertainment,0
1848.56,25,45914.55,18,12,0.81,electronics,0
1741.96,50,36676.0,17,15,1.98,utilities,0
4901.81,23,105287.17,8,12,2.61,travel,0
12789.05,46,70477.11,16,14,26.08,grocery,0
13412.76,36,70809.93,23,5,13.13,electronics,1
2056.23,32,127848.48,16,19,16.04,travel,0
8879.49,36,66392.85,10,9,16.31,utilities,0
13383.77,23,82388.75,34,2,12.46,electronics,1
8006.28,36,75070.01,14,22,7.0,electronics,0
1825.86,54,52045.39,17,10,21.08,grocery,0
1971.33,30,49945.83,15,13,24.48,entertainment,0
5628.15,32,32746.0,22,20,6.33,electronics,1
13987.71,32,58799.64,21,14,8.1,entertainment,0
2209.02,31,113289.86,15,8,1.57,utilities,0
2968.78,48,44854.3,14,13,9.53,grocery,0
6506.13,46,45983.04,17,16,14.97,electronics,0
10001.07,34,66369.29,15,7,14.42,entertainment,0
9729.9,37,39121.68,15,10,3.73,grocery,0
2893.65,25,287790.55,14,17,13.5,entertainment,0
3273.0,38,41799.92,14,14,2.9,grocery,0
5828.21,24,30784.25,17,3,33.53,travel,0
1706.37,54,72212.41,13,19,6.06,electronics,0
10333.1,51,157703.81,21,10,3.87,entertainment,0
2720.56,31,123989.15,19,14,16.56,travel,0
4440.97,27,39076.04,11,13,3.07,travel,0
4856.05,33,32517.76,22,8,29.63,electronics,0
2117.92,26,145938.66,13,19,0.37,utilities,0
6354.65,35,42504.04,13,8,14.49,electronics,0
8217.57,18,64235.31,10,10,22.01,grocery,0
10527.86,37,47560.81,13,12,15.33,travel,0
8821.81,23,62290.57,11,16,14.49,travel,0
2307.14,35,48817.09,16,12,2.97,electronics,0
2949.91,29,55169.89,13,14,4.83,utilities,0
1100.38,35,44407.48,14,14,16.5,grocery,0
5662.56,21,105544.96,21,11,3.26,travel,0
5273.79,50,106259.04,14,12,3.28,utilities,0
30725.57,18,24906.91,22,10,32.08,travel,1
3413.02,31,68287.42,20,16,31.1,entertainment,0
3142.76,19,76090.73,20,13,29.32,travel,0
903.76,48,107662.58,14,14,6.07,grocery,0
6432.14,48,35556.59,12,8,8.64,travel,0
2253.41,33,280525.07,18,11,7.21,electronics,0
2063.47,41,32537.12,12,15,2.69,utilities,0
10619.51,34,202858.69,16,12,27.78,utilities,0
2723.09,38,141504.26,9,17,13.07,electronics,0
8136.35,35,164544.42,18,15,3.58,entertainment,0
1617.98,21,28998.69,13,8,1.88,electronics,0
7599.93,26,143650.95,30,10,17.5,travel,0
15407.22,51,102682.99,14,18,15.99,entertainment,0
18152.36,47,86358.87,17,14,1.16,entertainment,0
4077.15,37,66725.44,25,10,24.72,travel,1
2901.0,53,99665.79,13,16,12.11,electronics,0
5117.79,44,28611.95,20,8,18.77,electronics,1
2613.84,21,24175.96,14,15,3.04,travel,0
3200.05,50,65409.04,14,15,15.74,utilities,0
2393.07,34,129030.95,13,11,6.79,electronics,0
2200.75,41,64728.97,14,12,12.98,utilities,0
12570.88,34,36239.46,12,8,26.53,entertainment,0
992.6,24,81029.9,14,13,1.89,grocery,0
6834.1,19,71126.83,16,10,7.73,grocery,0
1607.48,30,82753.0,11,11,0.78,utilities,0
3295.57,26,55348.07,15,15,6.37,utilities,0
10681.52,38,100545.7,11,9,4.31,entertainment,0
3269.66,31,66601.64,17,20,0.62,entertainment,0
3007.11,33,100021.73,11,16,3.5,entertainment,0
7432.62,18,141660.3,31,5,59.19,grocery,1
11539.0,50,30558.39,19,17,2.0,grocery,0
3873.64,33,37992.85,13,21,1.59,electronics,0
5238.18,38,74887.09,14,9,3.27,entertainment,0
11278.44,20,69374.06,17,12,3.71,travel,0
10353.25,21,139901.65,10,9,16.54,travel,0
20300.27,35,28645.52,13,16,17.66,electronics,0
6750.77,34,35622.85,15,8,1.78,entertainment,0
6362.98,35,51443.01,13,9,27.59,electronics,0
4788.69,20,42773.07,10,10,16.66,travel,0
5522.01,40,65172.13,11,21,12.13,electronics,0
3180.59,25,62723.8,14,10,8.18,travel,0
13762.67,30,105466.4,10,12,3.34,travel,0
2192.3,31,35737.98,13,22,23.32,grocery,0
1944.29,44,86582.22,21,17,15.86,grocery,0
8919.24,24,52327.64,14,9,2.84,grocery,0
9765.04,33,48129.24,9,10,9.98,entertainment,0
4261.88,18,466460.84,16,21,7.32,electronics,0
7759.89,34,92169.44,12,8,15.83,entertainment,0
1954.65,24,27132.33,12,15,11.82,grocery,0
2361.36,50,99333.15,15,19,20.85,utilities,0
18615.56,50,40086.71,14,19,2.01,electronics,0
6010.5,30,60710.33,22,14,26.6,grocery,1
2695.55,30,23874.54,20,16,5.44,travel,0
2575.28,29,143725.38,13,13,2.57,entertainment,0
4884.91,39,19911.84,12,6,115.73,electronics,1
2328.51,49,95957.02,12,14,7.53,electronics,0
5507.62,34,56779.81,12,12,2.49,entertainment,0
5731.38,18,22060.96,11,7,12.69,electronics,0
2268.81,24,175988.97,12,12,7.92,travel,0
5513.19,31,76397.22,11,16,8.06,utilities,0
17675.37,50,73535.02,14,9,3.55,utilities,0
3802.57,39,27231.71,31,9,31.67,entertainment,0
6601.44,39,92584.35,13,12,3.33,travel,0
5792.84,29,34570.01,18,12,1.91,electronics,0
6285.87,22,91408.86,11,14,15.44,electronics,0
6717.86,25,63520.89,13,16,26.89,grocery,0
2849.14,47,107658.15,11,11,2.6,travel,0
2538.45,36,29343.74,13,11,14.8,utilities,0
1950.36,32,50931.18,12,17,2.48,utilities,0
1641.42,50,59818.32,14,16,14.09,entertainment,0
9461.63,24,58494.34,9,12,8.24,electronics,0
18146.66,30,71479.87,12,13,15.59,electronics,0
18864.78,47,42888.23,28,13,19.94,electronics,0
4441.57,33,79873.58,12,11,18.15,entertainment,0
2719.37,24,31868.17,20,12,3.04,travel,0
2661.1,39,57576.16,14,16,8.62,electronics,0
5644.31,23,52383.66,14,16,17.78,grocery,0
13749.35,21,61878.36,17,13,24.01,grocery,0
4073.96,51,196894.79,14,13,7.12,entertainment,0
6679.97,24,43625.01,13,14,12.16,electronics,0
10736.55,20,48882.62,13,11,16.13,travel,0
3314.57,34,47846.3,18,10,2.63,entertainment,0
4547.76,32,85610.42,24,14,2.52,utilities,0
9743.52,30,33133.49,11,15,13.01,grocery,0
11683.57,25,50826.55,11,9,31.27,travel,0
2941.43,44,47479.67,14,17,3.37,travel,0
2819.47,25,41106.46,26,17,5.72,electronics,0
12380.33,23,40309.65,20,4,17.52,electronics,1
3503.72,19,46255.75,16,9,0.77,utilities,0
2328.48,18,156276.94,13,17,22.95,grocery,0
1848.22,37,99869.16,14,7,12.96,electronics,0
5611.9,22,129199.32,19,8,3.44,travel,0
13167.18,35,91960.0,13,13,14.85,entertainment,0
1691.84,30,76631.87,10,11,13.71,utilities,0
8331.09,37,83655.34,19,14,13.15,travel,0
2350.07,32,92299.05,12,19,11.79,utilities,0
6255.46,24,125732.95,11,15,25.77,entertainment,0
3465.04,29,40612.22,9,11,32.24,entertainment,0
1857.19,19,56983.31,13,6,27.79,grocery,0
1962.07,47,71277.6,14,14,25.18,grocery,0
5405.34,40,74788.94,18,17,13.51,electronics,0
31008.18,23,29900.7,32,3,88.31,electronics,1
2016.09,50,211237.61,12,6,6.22,entertainment,0
2318.72,44,73889.0,14,15,9.34,utilities,0
2816.24,18,83364.39,13,15,17.95,electronics,0
2756.84,33,108660.54,11,17,1.01,electronics,0
4897.94,23,35382.22,24,7,5.1,travel,0
8051.56,26,42720.89,13,13,14.5,grocery,0
4425.25,48,88341.16,21,16,4.45,grocery,0
2637.31,38,192615.12,13,12,2.21,utilities,0
3090.37,38,104601.86,7,19,8.07,entertainment,0
6451.13,38,74912.46,13,18,2.84,electronics,0
4779.23,48,23593.93,14,11,2.54,grocery,0
2593.43,41,89562.9,14,16,8.89,utilities,0
2090.05,18,36704.22,13,11,0.32,grocery,0
7615.9,31,73056.52,17,17,26.04,grocery,0
1584.35,45,268264.55,17,17,2.05,travel,0
2206.87,36,26946.7,18,15,7.87,travel,0
6457.89,26,16710.37,30,9,26.31,electronics,1
7448.86,33,52513.89,19,10,25.32,travel,0
9870.34,18,55268.61,21,10,11.51,electronics,0
2417.02,31,64063.67,12,13,15.22,utilities,0
4179.06,27,167105.88,18,13,1.28,electronics,0
22032.95,50,173329.84,19,13,11.95,electronics,0
6089.09,32,26239.18,36,1,44.91,electronics,1
9922.36,35,126916.29,15,16,30.63,travel,0
3560.03,46,54407.43,14,16,5.16,entertainment,0
3135.56,24,47652.24,13,20,27.6,grocery,0
4922.86,33,75668.44,14,12,13.27,utilities,0
3085.52,19,95928.84,9,17,3.87,travel,0
1344.13,21,44179.83,14,17,10.23,utilities,0
8349.13,33,65508.31,18,11,29.06,utilities,0
2353.9,29,83785.76,18,14,9.19,grocery,0
4090.05,29,60810.43,14,12,6.41,grocery,0
2338.26,18,25844.34,27,10,13.03,electronics,0
2861.18,19,81152.32,18,12,9.21,entertainment,0
16940.01,42,34755.62,14,10,2.51,travel,0
10531.2,50,40103.32,14,4,0.74,travel,0
2510.4,42,31830.52,14,15,14.15,entertainment,0
7408.34,44,227090.48,19,9,8.05,travel,0
2897.36,28,53028.0,14,17,9.11,utilities,0
10814.25,34,26768.52,31,0,12.45,electronics,1
3424.85,33,55696.03,10,17,10.89,travel,0
2915.66,18,65263.26,10,20,7.18,grocery,0
6999.81,39,41543.1,29,21,7.87,electronics,0
2388.91,25,51350.61,13,11,6.47,utilities,0
9444.3,23,119426.36,18,13,2.87,electronics,0
1013.85,27,48629.31,14,16,24.09,grocery,0
1099.14,18,49453.33,15,16,1.47,grocery,0
2519.9,43,93771.16,18,16,5.09,utilities,0
9547.21,32,36341.14,16,15,9.68,utilities,0
17297.61,24,65237.19,25,4,66.58,electronics,1
8261.79,35,121120.41,14,15,4.64,utilities,0
4903.93,19,38427.45,27,10,23.59,electronics,1
6433.78,18,55866.62,18,22,8.0,entertainment,0
12290.56,31,158713.83,23,9,30.37,electronics,1
4202.52,25,42117.25,35,3,27.13,travel,1
4678.15,40,59967.35,9,14,2.38,electronics,0
3285.06,27,47578.17,12,20,12.97,utilities,0
10015.93,41,308170.99,13,16,21.67,entertainment,0
6035.29,30,132422.29,18,13,3.43,utilities,0
7611.61,33,106139.76,14,14,14.6,electronics,0
9222.44,18,118445.45,36,22,101.18,electronics,1
13347.33,32,43195.69,32,11,11.3,electronics,0
4684.92,32,147878.94,11,20,3.05,entertainment,0
3076.34,26,47187.83,22,16,0.89,grocery,0
5501.61,40,66200.43,14,20,12.02,electronics,0
5495.15,27,266040.0,12,12,13.68,grocery,0
2846.24,31,19350.8,13,9,19.28,travel,0
17482.49,24,42013.85,11,13,7.26,utilities,0
8948.12,21,50488.82,10,23,29.11,electronics,0
3591.36,41,120383.78,18,14,13.82,travel,0
6808.0,33,119347.4,18,18,0.15,utilities,0
5572.67,18,111974.38,12,13,2.27,entertainment,0
531.2,25,43352.01,18,14,11.48,grocery,0
9027.51,27,60777.4,14,14,14.57,utilities,0
2356.35,35,95151.25,14,14,18.69,entertainment,0
2676.49,32,109138.07,15,23,14.72,electronics,0
14897.67,25,128643.72,14,8,4.2,travel,0
10356.81,30,107569.43,11,10,2.7,utilities,0
5625.43,56,20305.7,13,16,25.59,utilities,0
777.42,29,86747.29,14,18,7.23,grocery,0
1679.07,30,27645.61,13,15,9.81,grocery,0
2240.16,29,158106.23,16,9,10.75,grocery,0
8941.06,31,71278.13,13,11,18.5,electronics,0
7694.39,48,128684.53,18,8,14.48,travel,0
3094.26,38,172050.49,13,19,12.94,grocery,0
1606.76,34,63798.81,19,9,4.73,entertainment,0
4730.85,23,187752.43,17,9,18.5,grocery,0
16903.08,35,125985.57,16,12,27.71,entertainment,0
5919.91,46,114633.45,17,15,14.79,utilities,0
1893.61,27,22690.75,21,14,6.75,utilities,0
3040.45,34,146195.08,15,9,31.74,utilities,0
9953.69,31,46807.23,14,9,26.23,utilities,0
2831.36,42,37967.68,17,23,33.97,electronics,1
3846.57,18,40592.14,26,5,91.73,grocery,1
6327.02,39,77504.44,18,13,10.13,utilities,0
2329.06,41,107569.84,21,9,11.2,utilities,0
4073.88,38,31367.3,13,15,15.86,electronics,0
8307.55,18,100552.22,21,13,16.14,entertainment,0
5876.91,20,47891.56,25,0,29.57,travel,1
4533.77,18,39343.35,13,12,7.77,travel,0
2300.13,30,55301.43,14,11,12.98,entertainment,0
1917.6,43,61915.64,14,23,5.79,grocery,0
1746.62,31,83485.09,21,16,2.69,grocery,0
1981.14,24,26706.91,16,12,19.53,utilities,0
2842.07,30,118436.12,13,8,1.79,entertainment,0
15947.02,28,88285.8,10,8,3.34,entertainment,0
5320.76,29,76658.23,13,10,16.9,utilities,0
8338.49,31,21892.88,9,12,4.04,travel,0
8916.2,25,68869.82,14,13,6.59,entertainment,0
7573.72,25,86726.89,16,14,11.03,grocery,0
18770.28,31,121681.16,29,8,23.6,travel,0
8034.9,28,38942.68,15,12,2.77,entertainment,0
5043.28,35,57801.03,15,12,2.55,grocery,0
7009.75,34,222002.57,14,10,18.88,travel,0
10412.61,52,89010.22,13,10,2.87,travel,0
5187.18,51,227840.6,10,17,1.86,entertainment,0
11073.16,27,34868.02,25,6,40.13,grocery,1
2732.31,20,71558.03,12,15,2.8,entertainment,0
4920.91,33,102044.08,14,13,26.88,entertainment,0
15137.79,26,108254.3,15,12,25.45,utilities,0
9955.93,32,85537.0,18,9,14.14,utilities,0
10928.29,18,37214.17,22,3,105.45,electronics,1
2940.46,21,107780.87,10,12,33.01,entertainment,0
6498.89,25,50168.84,31,7,136.71,travel,1
2784.07,33,108120.84,14,13,16.61,utilities,0
1609.84,36,37487.58,19,9,7.78,electronics,1
5488.51,43,96369.2,12,9,2.06,utilities,0
6390.22,22,87573.18,20,12,7.88,travel,0
850.09,46,50437.74,13,17,7.35,grocery,0
8098.95,23,104124.91,13,13,7.14,travel,0
5555.9,22,68433.12,23,19,22.19,electronics,0
3158.48,24,82273.33,18,8,13.82,electronics,0
3315.21,54,41420.25,13,15,27.26,utilities,0
17942.59,28,42424.77,13,7,12.39,entertainment,0
1564.25,31,39664.36,19,10,7.86,grocery,0
3092.74,33,189854.74,13,23,15.19,entertainment,0
2339.83,40,77331.8,14,8,12.83,entertainment,0
10362.6,48,180600.5,13,16,33.45,electronics,0
2099.87,36,44697.63,14,16,2.15,grocery,0
2149.99,48,65208.81,13,18,6.99,grocery,0
5641.41,22,164277.22,21,11,6.33,travel,0
11927.88,24,64782.1,10,11,1.15,electronics,0
1954.34,56,186323.0,13,13,2.27,entertainment,0
7748.25,46,149517.4,13,14,22.77,grocery,0
20326.48,24,42130.2,21,23,30.65,electronics,1
12969.3,30,44587.22,19,14,9.71,utilities,0
8802.64,19,100673.5,14,10,24.2,utilities,0
1533.77,27,26564.46,13,12,10.72,electronics,0
3419.61,27,71522.37,15,13,20.64,grocery,0
3827.73,43,62327.28,12,14,28.0,utilities,0
8386.67,32,82549.86,20,10,8.65,grocery,0
4746.99,43,141294.41,15,20,12.64,grocery,0
9000.9,30,85534.52,14,13,14.01,utilities,0
8857.9,39,85083.28,13,12,0.44,entertainment,0
4123.59,33,40375.1,14,19,2.08,electronics,0
2963.48,38,25279.21,17,14,6.74,electronics,0
4558.83,30,64477.27,18,14,19.96,grocery,0
11257.35,31,238815.46,14,11,1.47,utilities,0
9953.35,25,48210.84,34,4,128.66,electronics,1
3656.28,53,76183.63,14,11,5.13,electronics,0
2481.63,32,54248.57,14,14,2.52,entertainment,0
5846.33,32,216070.37,13,14,50.31,entertainment,0
2173.23,30,82392.61,14,15,8.99,entertainment,0
3648.97,23,108143.48,8,16,16.26,travel,0
4123.54,49,120539.53,14,14,15.98,utilities,0
13419.87,24,89271.6,12,8,13.73,entertainment,0
3406.09,20,51864.87,13,10,1.12,travel,0
3870.61,40,75831.15,14,11,26.82,entertainment,0
6832.36,25,125547.98,27,13,25.79,grocery,0
2999.77,19,30492.57,21,16,14.95,electronics,0
3690.5,35,341014.08,14,15,3.82,entertainment,0
2373.88,21,39884.42,14,13,33.18,entertainment,0
7739.17,18,51620.13,11,8,0.96,travel,0
5851.84,46,62281.47,19,8,3.2,travel,0
1306.57,54,159487.6,13,11,9.6,grocery,0
5506.05,36,35546.35,23,10,17.03,travel,0
2931.4,22,92654.17,13,11,13.76,utilities,0
9698.38,24,42007.72,25,3,123.44,electronics,1
2136.46,30,22756.77,14,13,3.21,electronics,0
7176.49,40,112487.93,14,17,10.69,utilities,0
4112.3,41,24778.58,19,17,26.2,travel,0
7679.76,39,62313.69,10,10,10.8,travel,0
4841.98,39,38435.19,13,14,1.58,entertainment,0
14830.98,23,54557.36,21,13,9.22,travel,0
1699.83,32,35403.76,13,16,2.0,travel,0
2369.28,26,74558.35,10,15,4.43,grocery,0
1949.15,18,72473.49,12,17,12.36,travel,0
4913.94,37,49185.17,13,15,33.44,grocery,0
5571.02,31,102823.98,20,18,12.62,utilities,0
4100.82,48,48695.69,9,11,12.24,electronics,0
3525.07,33,136769.72,13,17,0.0,grocery,0
13110.54,51,111436.85,13,11,26.43,entertainment,0
8336.46,45,42122.88,14,14,9.37,electronics,0
1318.92,21,77928.59,22,14,26.25,grocery,0
3308.5,30,80507.94,16,18,23.84,entertainment,0
2410.93,42,135482.94,20,13,18.02,travel,0
2384.74,38,54883.2,14,14,10.14,utilities,0
5152.04,20,91873.45,14,8,2.19,electronics,0
16248.98,27,31135.68,18,12,18.38,travel,0
5827.93,31,71138.76,14,14,2.38,entertainment,0
2741.45,46,64687.35,17,14,3.88,electronics,0
3045.17,23,31004.63,9,13,26.46,entertainment,0
7341.28,25,82994.67,15,15,13.1,entertainment,0
2764.49,44,66033.89,11,14,11.95,electronics,0
5837.85,31,59254.15,18,9,14.74,travel,0
1843.86,18,43481.6,12,14,3.41,grocery,0
4873.13,18,70084.3,16,16,28.18,utilities,0
2022.59,25,201757.23,13,11,3.42,entertainment,0
4951.92,19,42627.54,26,1,61.66,electronics,1
11111.61,37,42501.47,22,14,6.71,electronics,1
2508.74,25,76887.64,14,11,8.93,utilities,0
3683.08,25,30674.88,13,15,2.15,electronics,0
9801.07,45,208941.81,20,9,13.75,travel,0
3412.3,27,195910.41,15,10,1.27,electronics,0
1299.67,40,73968.09,17,12,14.24,utilities,0
8975.8,44,69169.28,13,10,10.65,travel,0
1985.58,25,72698.61,10,10,7.24,electronics,0
8465.76,52,76417.77,20,12,12.63,utilities,0
20432.94,20,73762.24,31,3,7.28,travel,1
3435.22,24,36217.83,11,9,2.47,utilities,0
3581.45,26,40758.3,14,19,21.87,travel,0
14729.1,52,150016.65,12,19,18.89,utilities,0
4508.28,22,84908.42,13,12,6.49,entertainment,0
3645.13,39,112553.89,17,14,9.37,travel,0
4045.7,32,55070.75,18,14,2.85,grocery,0
11642.45,33,90051.41,12,8,3.77,utilities,0
3908.62,20,69072.56,18,15,17.15,travel,0
5253.66,19,43350.51,13,11,23.79,electronics,0
1201.28,41,38222.11,16,22,6.95,travel,0
12445.78,23,40728.81,10,8,3.72,entertainment,0
2258.46,29,86014.51,12,14,9.22,utilities,0
2667.65,48,44212.44,26,8,10.16,travel,0
1691.03,43,39753.07,20,13,12.36,electronics,0
7183.81,57,25336.55,13,19,11.76,utilities,0
2254.72,45,84732.19,21,13,2.29,utilities,0
6749.35,20,121200.46,17,13,14.26,entertainment,0
2651.53,27,44845.55,12,13,16.13,travel,0
3379.32,22,34964.4,13,15,14.9,travel,0
5288.43,18,85103.78,18,10,15.0,electronics,0
7625.11,22,80206.38,27,11,6.74,utilities,0
5228.78,48,99299.19,23,5,27.9,electronics,1
9047.81,41,33603.99,20,12,27.49,travel,1
2477.04,37,140704.11,16,18,29.08,electronics,0
1772.13,32,49248.91,21,9,9.62,utilities,0
1007.8,28,76903.46,12,11,11.49,electronics,0
6288.08,22,141145.19,13,13,0.92,travel,0
2079.13,34,59135.48,14,12,8.38,electronics,0
7450.36,21,73680.33,25,17,9.56,travel,0
2112.86,42,56656.86,21,17,9.56,utilities,0
2597.47,19,225952.62,16,11,3.25,entertainment,0
5023.17,27,58506.07,24,9,18.03,electronics,1
4039.28,39,83618.26,9,12,0.0,electronics,0
8895.13,26,40733.83,18,19,5.79,utilities,0
3088.67,30,87955.93,15,19,2.5,travel,0
6671.75,18,74722.84,15,23,26.76,grocery,0
9466.83,23,32561.37,15,9,6.72,entertainment,0
3341.83,36,99581.51,13,11,2.49,entertainment,0
10286.97,29,197526.67,13,13,1.62,electronics,0
7982.02,21,22357.93,19,9,15.48,entertainment,0
4164.78,45,100303.06,13,12,7.74,utilities,0
15844.97,36,54326.94,21,11,20.42,travel,1
7305.84,28,32556.33,13,13,6.0,electronics,0
3056.93,42,84027.38,16,20,30.31,electronics,0
9233.64,34,53734.11,10,15,11.0,travel,0
5747.54,34,75201.86,31,8,32.55,electronics,1
16477.93,65,92047.19,14,9,3.2,entertainment,0
16339.16,34,47541.4,18,12,4.66,utilities,0
5066.06,36,42193.63,15,10,3.96,entertainment,0
2081.94,44,27872.79,10,14,23.77,entertainment,0
2444.59,27,62102.82,14,18,14.86,grocery,0
17206.85,18,52613.2,13,13,1.83,grocery,0
2037.47,43,59134.38,13,10,0.47,electronics,0
9871.12,42,230643.23,21,10,5.54,grocery,0
2987.75,24,80480.3,18,12,16.67,utilities,0
2006.01,28,116558.62,10,13,3.32,entertainment,0
8654.07,45,38878.62,12,10,1.64,utilities,0
1770.9,58,83355.39,14,15,22.55,utilities,0
3727.2,48,34321.24,16,10,8.97,utilities,0
11657.22,39,50072.15,23,20,7.62,travel,1
11701.62,35,40120.29,13,11,14.23,entertainment,0
3689.89,40,71025.7,14,13,2.08,utilities,0
2966.54,26,32130.09,14,13,2.4,entertainment,0
1827.39,38,26326.58,13,16,9.55,entertainment,0
12784.53,24,39331.53,15,11,14.08,utilities,0
3608.16,30,56249.2,14,10,9.69,utilities,0
3507.01,35,108138.89,13,12,1.19,entertainment,0
2931.33,25,41886.24,18,13,13.83,entertainment,0
4504.39,23,25978.37,33,1,47.33,travel,1
8310.33,31,63112.07,14,7,4.61,electronics,0
6393.16,21,23346.92,14,7,10.85,travel,0
6921.67,35,22406.68,12,22,2.22,electronics,0
2406.56,30,36750.66,14,14,13.27,grocery,0
5076.32,31,83459.56,14,16,1.87,travel,0
24840.05,32,124372.46,16,8,6.16,utilities,1
3675.87,33,41424.93,17,17,20.13,travel,0
3529.38,31,60452.91,19,20,11.53,entertainment,0
7612.51,18,31776.59,16,9,5.64,electronics,0
2692.73,46,55718.42,15,10,4.97,travel,0
3931.82,22,39686.96,7,14,5.93,utilities,0
2185.66,24,196759.26,16,9,29.23,electronics,0
9567.15,33,24050.32,14,15,44.24,entertainment,0
7400.4,47,21315.53,14,11,13.15,grocery,0
6537.35,45,86250.38,11,19,1.74,electronics,0
5578.04,49,40463.2,19,10,6.57,utilities,0
2670.47,19,80147.55,12,12,20.38,electronics,0
8539.57,27,157819.15,15,17,7.86,entertainment,0
2773.1,25,23545.13,20,14,21.85,utilities,0
3410.59,30,47945.13,13,14,8.67,electronics,0
11450.42,18,46450.69,14,17,10.73,electronics,0
2404.29,33,41946.55,13,13,25.62,grocery,0
4914.59,20,174735.79,18,13,5.95,travel,0
8787.37,48,30621.03,13,13,0.41,grocery,0
1909.15,52,118472.28,20,14,1.84,travel,0
9019.69,58,47512.51,18,9,4.21,entertainment,0
5035.23,37,76370.88,9,11,14.87,entertainment,0
5779.02,21,63684.31,13,11,2.68,grocery,0
5315.21,37,79336.16,20,7,31.72,travel,1
3009.94,33,160559.17,14,13,2.29,travel,0
1853.48,19,45988.78,12,9,4.43,entertainment,0
1955.99,33,49621.62,11,18,20.21,utilities,0
3522.66,48,84251.86,14,20,29.88,utilities,0
5750.39,53,66173.5,18,12,6.57,utilities,0
14475.77,31,43009.79,26,9,10.99,electronics,0
12416.44,32,58224.47,14,14,1.82,entertainment,0
15457.66,18,88085.18,20,10,7.82,travel,1
4470.22,35,43121.47,18,9,23.32,entertainment,0
11630.19,18,60158.6,10,12,20.49,travel,0
8632.14,46,34300.29,15,11,29.19,entertainment,0
2588.89,27,37581.03,14,16,18.25,utilities,0
1861.19,47,169509.66,15,12,12.44,utilities,0
5626.69,31,69285.61,15,9,20.26,utilities,0
4394.32,29,42027.93,12,12,15.21,grocery,0
18747.94,18,27256.01,36,4,46.37,travel,1
7957.35,30,81531.48,20,14,16.45,grocery,0
5361.46,32,44905.36,14,12,15.39,utilities,0
5245.1,37,39477.0,14,10,13.55,utilities,0
7192.74,18,62624.61,20,19,14.74,travel,0
2315.28,42,89793.82,14,12,26.74,entertainment,0
3760.58,36,67055.99,14,22,8.39,utilities,0
13547.36,33,65520.2,13,21,2.39,utilities,0
2951.08,41,90746.49,14,11,8.2,utilities,0
3155.44,45,126557.83,21,10,9.6,electronics,0
5005.42,55,130203.01,12,14,16.72,travel,0
3705.71,28,57216.04,21,22,26.21,grocery,0
2565.05,30,115087.54,13,12,5.6,electronics,0
6363.57,36,137359.55,21,8,4.51,entertainment,0
7084.01,24,67629.66,13,13,3.15,entertainment,0
5152.76,29,19985.98,11,14,3.05,utilities,0
5036.09,39,66737.12,9,11,2.44,entertainment,0
3370.33,31,163446.46,14,16,16.76,electronics,0
11606.6,34,38462.38,11,10,30.78,travel,0
8855.08,34,84632.56,13,13,3.06,utilities,0
8196.73,23,103851.22,18,14,20.82,electronics,0
1793.31,27,78102.2,11,15,5.0,electronics,0
24448.09,42,39199.9,29,10,59.58,electronics,1
2808.71,34,124384.28,24,14,31.75,utilities,0
8084.69,18,55505.66,27,20,44.57,electronics,1
10751.3,37,26436.35,11,16,16.29,travel,0
3129.5,34,91307.58,18,18,29.34,utilities,0
5520.0,30,70667.58,14,10,11.21,utilities,0
1908.78,24,36984.06,14,13,11.4,utilities,0
6204.34,27,133085.79,12,13,10.44,grocery,0
25830.79,31,89128.46,19,10,5.29,electronics,0
13991.82,25,81352.1,17,8,3.81,travel,0
6773.53,27,27728.3,14,3,18.68,grocery,0
2385.45,22,180625.31,14,15,22.27,electronics,0
7820.33,48,42380.2,13,14,31.98,utilities,0
7207.47,23,29133.41,22,13,7.19,electronics,0
18019.65,30,53471.9,10,12,6.98,electronics,0
4532.4,48,35738.3,17,17,17.48,travel,0
3235.68,35,70756.04,22,10,21.23,electronics,0
2834.49,45,100909.22,14,12,2.79,utilities,0
2213.47,51,109313.47,15,13,4.46,utilities,0
7387.32,26,166563.8,13,15,15.84,travel,0
1930.02,56,28429.82,9,14,26.22,utilities,0
2040.44,23,90177.12,14,11,2.93,entertainment,0
3320.64,43,46051.26,15,9,7.31,utilities,0
10768.91,31,98643.73,13,13,28.03,electronics,0
3181.29,45,78364.2,20,15,6.96,electronics,0
2586.41,34,249723.62,14,13,23.17,grocery,0
1070.51,27,79186.97,15,11,25.99,travel,0
3291.31,48,78991.03,13,8,24.83,travel,0
5993.7,36,101585.32,15,14,16.18,travel,0
1575.5,36,33897.52,15,15,2.48,electronics,0
3802.78,41,28541.59,15,9,11.89,entertainment,0
3851.79,28,64038.96,18,17,11.77,travel,0
11869.46,19,54848.71,26,17,2.11,travel,0
4095.18,27,57951.11,14,10,29.69,entertainment,0
5421.62,32,27168.94,11,17,21.34,travel,0
18776.38,50,66933.99,13,18,0.0,electronics,0
2484.6,39,65398.65,13,17,21.32,grocery,0
10458.51,29,37832.25,13,17,25.34,grocery,0
8117.24,24,86090.96,13,13,1.66,travel,0
10193.78,40,172608.79,14,14,16.37,grocery,0
8894.74,54,24179.84,23,3,85.59,travel,1
5542.2,32,31722.75,18,13,25.73,entertainment,0
7559.53,42,82505.12,13,14,13.17,utilities,0
2290.6,37,20993.74,26,20,8.12,electronics,0
3047.59,31,88238.37,9,16,23.64,grocery,0
5465.61,43,73419.48,16,8,16.79,electronics,0
3176.34,23,93582.37,12,15,31.29,entertainment,0
1998.12,34,55488.1,12,13,19.48,entertainment,0
5633.74,46,40867.71,14,17,6.29,grocery,0
13238.13,19,38940.62,20,8,8.41,travel,1
8185.91,34,40873.79,14,9,7.8,entertainment,0
3948.18,18,119954.0,12,15,3.62,utilities,0
14677.51,31,37105.67,17,12,20.29,electronics,0
8405.61,36,108324.65,13,12,5.77,entertainment,0
5406.1,43,54778.27,15,16,16.72,travel,0
6242.69,27,63410.81,23,14,17.62,grocery,0
1791.36,53,49553.35,15,11,4.13,grocery,0
2018.76,39,99851.21,13,19,6.69,grocery,0
9667.19,18,69197.84,14,14,18.84,electronics,0
4464.85,22,30719.94,13,16,13.54,electronics,0
1652.08,23,54154.77,12,12,26.6,grocery,0
7483.06,48,53377.92,18,12,2.25,utilities,0
5052.13,32,56246.08,20,11,12.29,utilities,0
2905.22,27,58144.28,11,12,17.91,travel,0
7160.2,38,47632.38,16,15,4.43,utilities,0
4894.5,31,90144.47,12,10,24.34,travel,0
17626.88,22,133113.45,18,14,7.09,utilities,0
5387.58,50,43014.68,22,10,18.4,travel,0
5510.47,23,140964.88,24,16,16.75,travel,0
2518.09,31,41853.01,21,11,26.69,entertainment,0
1913.7,18,33409.68,15,16,10.98,entertainment,0
2644.5,31,81404.21,21,13,4.74,entertainment,0
6714.06,22,29453.93,20,13,15.8,electronics,0
8472.55,18,54698.13,23,12,7.18,electronics,0
1411.11,53,94018.64,12,15,9.62,utilities,0
4635.05,52,197934.89,21,14,14.72,utilities,0
4796.0,18,35898.44,19,7,10.7,electronics,0
7767.22,31,40123.74,21,14,26.52,electronics,0
9357.61,30,45034.45,10,10,3.81,travel,0
5409.38,27,77562.73,28,9,6.04,travel,1
10411.87,27,94086.66,13,12,27.17,utilities,0
8017.37,18,74435.65,13,10,12.07,electronics,0
16716.77,28,64842.06,10,11,8.27,travel,0
4736.2,28,100985.71,14,16,5.12,entertainment,0
7984.14,19,88082.62,17,15,9.55,entertainment,0
8577.75,25,115116.09,19,14,13.59,travel,0
7198.28,32,34428.53,24,3,91.47,travel,1
32295.17,19,84510.34,22,10,5.98,electronics,1
3718.44,35,145714.54,17,14,17.43,utilities,0
3362.27,25,51073.32,16,20,11.51,utilities,0
9016.64,26,53845.07,21,15,6.7,utilities,0
3697.04,35,75249.69,10,9,2.92,grocery,0
1587.66,31,63069.37,12,12,5.01,entertainment,0
13804.66,30,53976.41,16,15,1.37,utilities,0
738.72,45,21550.74,16,21,10.85,grocery,0
17178.12,44,28137.99,21,12,21.75,electronics,0
8603.75,23,26563.04,21,14,2.72,utilities,0
5021.39,34,74220.62,13,10,4.21,entertainment,0
2972.69,32,48285.59,21,14,17.4,utilities,0
5769.97,24,68498.56,12,12,17.52,entertainment,0
3322.61,18,99991.51,27,9,1.23,electronics,0
2036.92,18,11259.67,10,10,15.47,travel,0
8149.23,18,70724.06,11,11,3.33,travel,0
5131.67,19,208972.46,14,6,2.73,entertainment,0
14661.57,36,68948.99,14,13,10.94,entertainment,0
2388.22,27,37780.82,14,19,19.9,grocery,0
1577.22,24,91207.91,18,13,15.73,grocery,0
6609.75,29,42976.53,21,13,18.12,grocery,0
4591.49,27,110467.36,13,8,24.77,travel,0
2137.61,23,40055.08,27,16,21.43,electronics,0
2214.66,38,27765.48,14,10,24.51,electronics,0
2845.62,21,67391.69,13,16,10.68,utilities,0
11258.76,39,22530.59,25,12,10.61,travel,0
6784.46,29,64156.1,19,16,25.54,travel,0
2329.37,40,48832.33,20,12,11.02,entertainment,0
9260.78,32,53894.71,14,15,16.96,utilities,0
5959.83,29,78306.75,12,13,29.17,travel,0
8057.08,23,56298.83,9,14,20.34,utilities,0
23039.67,27,57950.98,14,20,25.96,electronics,0
16774.4,23,32470.97,28,2,67.2,grocery,1
5502.66,26,61467.56,12,20,3.58,utilities,0
4427.79,29,36607.14,12,11,7.84,entertainment,0
10914.8,30,196888.46,22,17,2.45,electronics,0
2069.18,35,39006.1,18,15,19.39,utilities,0
19633.15,29,33141.49,13,19,21.16,entertainment,0
10996.01,38,136560.87,12,13,3.36,entertainment,0
3694.15,49,48086.61,10,14,3.09,utilities,0
4230.24,24,55807.21,10,12,3.39,grocery,0
1755.71,27,137512.37,12,16,2.38,travel,0
4011.01,23,175073.15,13,15,2.98,utilities,0
10576.03,41,56601.7,14,15,27.72,utilities,0
3754.76,28,40798.4,11,15,17.82,travel,0
8855.21,30,47565.69,11,9,18.75,entertainment,0
2413.44,21,73255.89,19,10,12.43,electronics,0
8463.16,63,41972.38,12,19,2.27,electronics,0
2353.53,21,77663.17,13,12,12.56,utilities,0
7592.61,31,136751.3,15,11,3.38,grocery,0
1693.66,28,49232.74,21,15,15.5,grocery,0
14928.53,27,50871.44,13,11,7.89,travel,0
5452.58,23,15456.7,24,19,28.36,electronics,0
3220.23,41,36907.11,11,14,5.55,electronics,0
2192.2,28,170798.71,17,11,0.71,travel,0
3385.87,34,60180.28,18,10,22.02,utilities,0
3139.06,21,63178.58,14,18,3.32,travel,0
3314.53,26,132812.28,14,16,6.22,utilities,0
2983.19,23,210239.53,13,12,2.42,grocery,0
2186.89,29,41505.71,13,10,19.07,entertainment,0
3933.08,40,67351.86,17,14,10.71,utilities,0
3060.68,47,89422.7,20,8,29.9,entertainment,0
8068.36,29,86169.82,21,18,9.33,electronics,0
10065.04,30,90294.67,9,10,36.03,travel,0
3704.34,44,89212.93,11,12,0.17,travel,0
4477.63,44,56802.27,11,14,27.02,utilities,0
4078.27,38,440046.41,13,10,2.5,entertainment,0
3918.54,38,120351.91,15,9,1.91,entertainment,0
8365.41,48,67151.95,13,22,31.41,electronics,0
2383.77,27,198056.29,13,16,10.34,entertainment,0
7383.67,18,40924.69,17,9,5.95,electronics,0
8817.57,44,40734.43,25,5,32.12,travel,1
1768.96,19,61181.22,14,11,11.12,grocery,0
5991.64,34,84460.97,16,16,4.09,electronics,0
3826.64,18,68897.89,20,17,11.68,electronics,0
17324.4,58,71245.24,15,14,13.37,grocery,0
3152.11,30,28745.3,13,17,6.98,grocery,0
1498.52,27,63714.84,13,14,19.98,grocery,0
4842.17,28,76716.49,21,13,17.0,grocery,0
4396.56,44,26042.02,11,16,25.67,electronics,0
4822.61,19,42943.84,27,12,23.99,travel,1
5731.25,19,57085.74,14,18,21.91,utilities,0
8413.67,30,94185.01,11,18,16.08,entertainment,0
3235.55,45,101922.3,13,11,10.63,travel,0
13195.6,21,78670.13,26,7,15.07,grocery,1
2889.11,40,72050.3,14,10,15.26,entertainment,0
2948.73,52,91184.14,15,13,1.5,utilities,0
15975.89,32,91526.55,14,9,3.55,entertainment,0
16334.7,37,65797.19,13,14,19.36,utilities,0
4308.69,18,101821.83,14,16,2.31,travel,0
5013.33,26,44245.75,10,18,4.65,entertainment,0
10455.36,24,56331.61,12,14,13.05,electronics,0
2943.62,35,54115.1,23,7,28.0,electronics,1
4874.7,35,75450.24,13,14,3.6,utilities,0
2862.8,23,86767.46,16,14,2.29,electronics,0
2150.77,18,74323.18,14,13,2.04,utilities,0
3630.9,29,203233.34,11,14,6.89,utilities,0
2101.43,34,159869.91,15,13,0.45,electronics,0
5727.84,25,23419.58,21,2,20.38,grocery,1
6482.02,27,51814.0,10,9,18.0,entertainment,0
7324.09,44,66007.37,14,14,3.67,grocery,0
2290.12,26,43637.81,13,14,10.75,entertainment,0
3845.16,47,36529.83,13,16,17.13,travel,0
5552.03,23,104654.61,25,17,2.61,travel,0
3085.21,22,32247.22,11,13,0.78,travel,0
5509.84,41,45220.79,10,16,16.12,entertainment,0
2050.53,24,111013.97,10,12,1.45,entertainment,0
5697.16,52,242126.58,14,11,0.87,entertainment,0
2438.64,46,49432.43,17,10,8.06,utilities,0
6218.26,44,25439.69,14,22,5.83,utilities,0
7789.71,61,34818.98,10,16,7.41,utilities,0
4981.33,38,91070.04,13,14,3.73,entertainment,0
12290.62,45,87222.88,23,8,11.13,electronics,1
3808.42,36,84573.35,13,20,2.57,entertainment,0
7209.45,46,37297.87,19,16,0.08,travel,0
5282.62,33,37181.53,27,12,25.15,grocery,0
5129.06,34,25817.61,16,10,3.12,utilities,0
12627.3,20,62997.81,25,7,8.41,travel,0
8562.67,45,55141.87,13,13,10.91,utilities,0
4377.89,25,45924.54,14,12,14.76,utilities,0
4825.92,46,46667.27,14,14,7.52,travel,0
1723.31,20,88628.19,15,14,10.15,utilities,0
10948.29,26,25047.62,20,13,2.36,electronics,0
2482.7,21,90219.23,15,12,11.51,utilities,0
11888.99,29,165760.44,13,10,8.22,travel,1
3908.37,47,98784.85,12,21,11.87,utilities,0
7800.25,23,58506.46,13,12,13.3,utilities,0
14048.58,45,22798.02,14,11,1.57,utilities,0
1439.89,18,144033.59,14,11,26.48,travel,0
3826.49,31,44191.7,13,16,1.44,electronics,0
3112.01,54,47586.47,20,11,18.03,grocery,0
3382.84,19,59876.07,14,11,17.06,utilities,0
7593.36,22,102469.06,11,12,26.01,electronics,0
9147.05,18,56963.13,10,17,1.17,entertainment,0
6591.31,32,77158.25,18,17,28.43,entertainment,0
7346.13,41,35820.99,11,15,16.77,grocery,0
1397.54,33,106424.92,18,10,0.17,grocery,0
10419.3,23,119367.79,10,12,0.71,utilities,0
5198.69,63,97494.23,11,15,1.95,utilities,0
1236.77,32,72177.4,14,14,1.58,grocery,0
8047.33,18,53705.59,28,13,16.47,grocery,0
11275.95,20,52882.08,13,6,7.11,travel,0
2674.38,55,116851.23,16,14,7.45,grocery,0
3920.7,39,36958.15,21,4,12.56,electronics,1
12909.26,57,77184.28,17,15,2.85,utilities,0
12918.23,31,163305.47,19,17,26.8,grocery,0
7265.08,19,51451.43,11,10,5.48,electronics,0
8126.56,22,36020.55,29,3,116.82,travel,1
2338.6,19,118930.23,13,12,19.29,entertainment,0
2226.42,18,33195.32,19,9,12.8,grocery,0
843.46,30,117844.76,14,21,14.72,grocery,0
2843.64,36,58430.82,15,10,17.31,electronics,0
2645.62,18,88505.32,10,11,14.7,entertainment,0
8557.34,20,173470.68,14,19,37.0,utilities,0
13332.82,18,99896.21,19,10,26.52,electronics,0
2771.07,44,98694.32,15,8,2.45,entertainment,0
7694.35,27,40880.28,36,4,6.2,grocery,1
4069.57,47,96583.36,11,13,2.51,entertainment,0
7026.85,45,59687.66,14,13,8.02,utilities,0
9999.18,45,49945.69,15,18,0.11,travel,0
11183.34,18,55515.32,12,11,12.79,travel,0
3829.02,25,112011.77,18,14,11.45,grocery,0
2110.46,34,119000.88,13,18,17.54,grocery,0
4158.82,20,13195.55,22,16,2.2,travel,0
4530.71,52,126454.24,13,18,1.4,grocery,0
4760.52,18,25508.83,10,17,24.2,electronics,0
11288.01,28,68588.86,26,8,10.08,entertainment,1
5764.74,29,28736.7,18,11,10.43,entertainment,0
8156.99,23,76546.18,12,10,2.54,utilities,0
5130.12,21,30329.31,35,15,32.21,electronics,1
2382.87,55,49899.19,13,12,2.0,utilities,0
4417.04,22,20043.92,20,14,22.13,grocery,0
4141.77,32,64460.8,17,18,13.95,entertainment,0
7181.21,49,66756.28,14,20,2.41,grocery,0
1674.75,46,65185.22,14,14,12.88,grocery,0
5437.44,37,69722.93,15,3,21.05,travel,0
6848.31,20,22802.33,27,1,101.88,travel,1
4067.68,28,16397.28,20,11,1.18,utilities,0
2619.0,38,100194.78,11,14,13.75,electronics,0
1856.88,28,61013.0,15,12,15.85,entertainment,0
1583.3,24,29191.55,13,20,19.15,grocery,0
7523.61,30,139165.4,14,15,2.63,entertainment,0
2087.09,27,91569.27,20,12,11.28,utilities,0
27024.8,20,65162.4,34,0,63.96,travel,1
2280.19,25,74069.55,11,20,4.71,travel,0
6077.34,40,52526.06,27,10,22.8,electronics,0
2857.78,45,17825.58,15,18,17.32,grocery,0
9091.74,28,39407.0,12,10,9.57,entertainment,0
4681.58,38,93800.91,19,10,16.07,electronics,0
5299.83,23,120030.44,15,20,3.83,utilities,0
4696.15,20,84223.88,22,9,16.92,electronics,0
3445.95,36,126478.58,13,18,17.15,entertainment,0
2034.02,44,86201.34,22,15,27.83,utilities,0
5519.9,44,26512.46,24,0,81.63,travel,1
3109.5,22,64226.57,13,8,7.09,utilities,0
1271.29,22,37107.86,9,18,4.35,travel,0
1740.13,29,46999.2,12,16,17.44,utilities,0
4007.8,30,38550.33,14,17,16.55,electronics,0
3635.68,33,176534.75,11,8,1.52,entertainment,0
2215.96,37,91744.4,14,12,6.63,grocery,0
1310.73,30,110254.16,13,11,12.0,electronics,0
6906.25,47,26063.69,13,14,10.34,utilities,0
7669.44,18,110562.06,13,17,4.39,utilities,0
3424.11,52,42787.63,13,14,7.14,entertainment,0
8294.81,50,38097.34,27,1,51.32,travel,1
1674.74,33,121283.11,12,9,0.0,utilities,0
8492.34,48,27060.71,19,15,12.68,entertainment,0
15155.4,33,30677.79,27,1,136.57,grocery,1
3159.09,30,88547.46,9,10,6.29,electronics,0
6331.53,21,76581.26,14,8,4.03,travel,0
3223.5,50,66151.32,22,13,2.38,grocery,0
3703.76,29,45610.37,14,9,2.05,electronics,0
5150.14,25,54204.58,14,11,6.18,utilities,0
5826.43,57,63566.12,14,21,27.3,grocery,0
12011.53,33,105688.68,19,18,15.19,travel,0
4036.31,42,50198.48,27,10,26.17,travel,0
11312.04,18,95669.24,18,15,9.66,travel,0
2426.67,23,38924.01,15,12,13.94,utilities,0
3907.1,30,33108.48,14,10,6.38,travel,0
1802.09,27,275991.37,12,13,14.82,utilities,0
7303.23,27,38746.01,10,14,2.97,utilities,0
6284.49,28,30567.3,24,20,17.8,grocery,0
1807.71,35,89001.58,13,15,27.62,utilities,0
8265.89,36,73697.59,14,14,3.94,electronics,0
8026.33,46,39286.27,11,22,1.69,grocery,0
2678.71,30,58196.45,9,11,4.41,travel,0
2837.82,28,64769.08,13,17,9.06,utilities,0
7656.41,30,47256.94,25,4,18.08,electronics,1
6107.41,26,82671.83,12,14,1.92,grocery,0
3124.57,29,110583.68,13,14,2.8,entertainment,0
991.13,39,76098.53,13,11,27.95,grocery,0
5506.38,26,76607.52,16,13,2.25,grocery,0
3220.54,25,61738.98,13,10,7.64,utilities,0
1472.39,18,38984.88,13,20,23.13,electronics,0
13532.13,45,56707.04,15,19,20.19,entertainment,0
2987.1,41,58865.26,14,15,25.35,travel,0
5135.37,46,36181.12,14,14,12.87,grocery,0
5775.88,40,143565.89,22,13,16.26,electronics,0
22217.26,22,23310.32,30,4,123.48,electronics,1
2540.83,49,57668.59,13,17,8.02,entertainment,0
3016.86,24,45181.47,14,16,3.58,grocery,0
9184.42,18,86653.32,11,17,3.9,travel,0
5037.46,52,27654.28,28,21,35.22,travel,1
5190.28,26,55433.35,25,13,2.5,grocery,0
4349.11,22,79522.75,14,12,3.49,entertainment,0
10088.48,29,53308.29,16,12,11.79,electronics,0
3047.28,53,57016.36,15,9,20.66,utilities,0
3635.72,33,78459.68,14,16,3.39,utilities,0
3560.17,47,40474.96,13,9,9.56,electronics,0
1832.53,34,29846.78,14,15,13.17,grocery,0
5007.68,30,72276.02,9,10,7.14,travel,0
1615.1,35,64074.28,21,13,1.41,grocery,0
4914.08,54,53054.12,20,17,2.72,utilities,0
3801.01,30,115157.81,10,12,0.57,electronics,0
2878.9,47,48590.66,11,11,11.62,grocery,0
4950.69,54,45503.41,13,16,13.03,utilities,0
2791.64,28,156868.59,14,12,2.16,grocery,0
3406.81,37,94760.6,14,13,7.56,travel,0
14127.83,26,61060.26,9,11,31.63,travel,0
4575.48,18,44229.64,21,15,18.03,travel,0
5510.87,31,72032.33,12,14,7.0,grocery,0
19410.32,25,133549.3,26,16,2.83,travel,0
6651.97,55,86120.51,10,15,14.21,utilities,0
12252.84,30,68222.85,20,16,24.69,electronics,0
3376.46,27,184607.13,26,9,12.54,electronics,0
2585.88,34,118767.66,13,13,6.98,utilities,0
5416.65,31,55025.09,18,21,10.85,grocery,0
7121.68,44,64588.49,13,15,21.51,grocery,0
3218.1,27,54814.48,14,15,18.87,utilities,0
2890.3,32,41716.61,14,9,21.96,grocery,0
4110.12,36,20620.76,20,19,28.13,electronics,1
11761.83,24,60221.42,14,20,15.02,electronics,0
4058.58,35,145433.32,14,8,5.86,entertainment,0
5497.78,35,62695.88,19,15,9.4,travel,0
3408.44,42,42965.88,14,23,32.43,grocery,0
4480.27,24,54155.95,18,21,17.84,grocery,0
4449.21,21,166526.62,15,11,5.77,electronics,0
1860.89,33,137505.69,14,10,2.34,electronics,0
7221.65,27,42923.75,16,15,9.41,grocery,0
4693.66,29,31072.8,13,19,17.0,entertainment,0
1640.42,45,51415.73,15,14,22.19,grocery,0
13533.35,42,19378.21,28,4,27.59,travel,1
18145.09,39,30471.32,12,10,23.73,electronics,0
9279.29,32,49817.29,20,11,24.31,travel,0
2430.23,23,65168.2,20,19,19.5,entertainment,0
1548.88,18,132650.64,13,19,1.67,utilities,0
7117.18,40,45005.42,29,1,78.16,grocery,1
3260.29,26,57891.4,17,16,3.49,entertainment,0
2855.46,23,185168.14,14,18,5.82,electronics,0
25833.01,25,88739.29,14,10,21.34,utilities,0
3727.92,21,61818.95,13,14,9.84,entertainment,0
7999.84,31,20478.68,15,12,8.19,entertainment,0
8410.01,26,195961.9,14,22,18.27,utilities,0
3765.06,30,117326.93,13,14,2.11,travel,0
14153.68,33,68246.2,14,20,17.95,utilities,0
5920.4,33,52935.56,13,14,13.81,grocery,0
7287.56,31,91893.21,12,13,21.61,utilities,0
6488.52,19,74239.05,15,11,18.93,travel,0
8921.42,36,43667.49,19,14,27.87,grocery,0
3466.04,32,47812.51,12,15,33.63,entertainment,0
6832.17,31,106859.47,9,15,6.16,grocery,0
5740.91,47,45199.25,23,14,37.88,electronics,1
2634.56,26,34612.98,14,13,31.28,utilities,0
6805.37,28,78676.68,23,11,7.75,grocery,0
5660.97,45,39313.89,18,10,7.69,electronics,0
6983.08,31,48845.48,14,21,6.53,electronics,0
5855.91,47,47870.71,11,13,9.39,grocery,0
1934.39,26,29141.36,12,14,25.92,utilities,0
7295.9,34,100917.93,14,8,25.96,utilities,0
33045.31,37,29419.76,27,8,132.35,electronics,1
3119.92,24,59562.19,19,13,13.22,utilities,0
2087.64,25,42851.5,10,15,8.0,travel,0
3110.1,22,131529.47,13,19,2.99,utilities,0
2751.28,29,163321.32,14,12,2.67,grocery,0
3699.72,26,80809.0,14,9,3.33,entertainment,0
1565.16,20,61696.88,16,12,2.04,entertainment,0
3285.77,49,44535.34,15,15,17.11,electronics,0
1285.9,26,164063.18,12,14,15.76,utilities,0
3356.8,35,84646.0,17,9,1.3,electronics,0
2166.71,34,28886.64,14,13,28.62,utilities,0
2616.58,21,218667.69,14,13,11.95,travel,0
4222.26,38,194329.58,16,9,29.34,travel,0
10830.31,28,55695.93,14,9,4.09,entertainment,0
8938.7,32,129850.19,18,8,24.13,electronics,0
3184.98,18,83532.99,14,11,0.7,utilities,0
2340.18,37,55504.1,12,10,11.05,entertainment,0
4272.24,27,34267.5,20,11,13.71,grocery,0
576.18,22,159331.95,13,14,1.69,grocery,0
3435.24,24,81289.73,13,11,1.56,travel,0
3683.39,24,54360.13,20,10,11.83,entertainment,0
2807.6,21,73184.06,20,11,14.64,electronics,0
2508.77,57,36185.54,18,10,4.32,grocery,0
4061.87,37,100134.67,20,14,10.25,entertainment,0
2079.49,18,51964.0,14,9,25.02,entertainment,0
2886.71,33,36581.03,17,14,2.16,utilities,0
4705.0,27,104972.46,13,10,6.58,entertainment,0
2421.98,19,130584.73,10,13,0.3,electronics,0
3651.59,44,58611.9,14,13,22.29,entertainment,0
2745.21,32,86452.43,13,10,5.82,grocery,0
1417.0,26,64379.65,14,19,19.21,grocery,0
2765.78,28,88503.58,12,9,3.3,entertainment,0
4297.02,42,65348.06,13,7,15.44,electronics,0
2788.22,28,51389.58,23,12,15.0,utilities,0
2154.75,26,63237.68,21,14,5.07,travel,0
2739.67,45,77095.06,12,16,0.03,electronics,0
10007.64,48,42197.13,13,12,3.54,travel,0
5382.31,19,52566.2,10,16,6.9,grocery,0
9778.45,37,28731.39,13,8,32.36,entertainment,0
4501.99,25,61916.43,14,23,12.1,electronics,0
3374.13,28,38389.41,14,18,3.68,utilities,0
1694.28,26,157152.12,12,12,22.4,utilities,0
1933.66,30,53320.56,16,9,5.05,utilities,0
7070.42,33,62577.29,12,22,14.93,grocery,0
7255.34,39,212466.68,18,10,0.79,utilities,0
3672.09,26,46892.31,13,14,7.82,grocery,0
2451.14,50,76194.35,15,12,6.86,entertainment,0
2904.19,32,45003.16,29,9,2.09,entertainment,0
1312.8,48,70381.94,11,17,8.61,utilities,0
856.17,37,74026.34,14,9,27.3,entertainment,0
5228.27,18,47580.72,27,12,3.69,utilities,0
10552.29,34,43543.73,12,15,23.14,entertainment,0
2527.13,34,127648.64,17,18,14.4,travel,0
6587.54,33,115976.76,29,14,13.69,electronics,0
10249.48,44,126230.34,9,12,27.92,entertainment,0
3045.61,18,70302.03,14,14,16.06,grocery,0
22229.82,28,34048.3,18,15,8.02,travel,0
5861.62,33,81085.99,17,17,16.47,grocery,0
7484.85,54,81383.92,13,18,1.91,entertainment,0
9111.76,22,84278.32,9,14,9.2,travel,0
5653.4,26,195776.77,14,14,3.2,entertainment,0
2306.58,31,29867.42,18,9,3.55,entertainment,0
1786.53,48,70853.97,11,11,15.32,utilities,0
4491.77,23,62295.91,29,11,15.02,electronics,0
1939.34,36,91008.27,27,14,47.41,electronics,0
4858.63,18,76735.44,11,10,5.98,entertainment,0
3369.0,25,100356.22,17,13,1.88,entertainment,0
2596.06,35,43475.2,22,16,29.38,utilities,0
5338.66,43,41331.66,15,12,5.65,utilities,0
5894.69,26,32601.38,11,15,7.22,travel,0
7527.75,32,123037.58,20,12,16.72,electronics,0
4434.67,32,213664.49,10,14,4.71,entertainment,0
2863.13,24,148900.56,18,9,29.92,electronics,0
7681.1,33,108300.15,13,13,15.97,entertainment,0
11905.29,23,130399.38,13,10,1.38,travel,0
3008.07,24,78683.87,13,16,20.8,utilities,0
5121.36,46,82924.7,16,10,18.98,electronics,0
6080.56,45,42687.21,12,15,1.7,entertainment,0
3081.09,33,49078.81,10,11,35.08,entertainment,0
16108.02,24,53149.3,16,13,10.34,electronics,0
23516.01,30,63825.55,26,2,11.29,electronics,1
1886.76,33,52453.19,13,19,0.98,electronics,0
3251.05,25,234584.04,13,14,12.76,grocery,0
3977.4,18,47305.71,16,10,19.01,electronics,0
4998.64,31,54161.96,18,18,3.5,grocery,0
8170.72,35,46029.43,23,3,28.95,travel,1
2577.51,52,49459.21,13,18,17.48,electronics,0
1953.79,23,54117.86,14,10,1.99,travel,0
3906.15,36,20576.06,13,16,3.48,grocery,0
6115.81,20,16399.02,25,1,28.53,electronics,1
2687.36,19,224644.98,13,10,2.19,entertainment,0
3649.39,30,227005.61,12,8,0.24,electronics,0
7200.66,31,132968.74,14,18,9.29,grocery,0
4756.03,33,133800.88,19,18,7.45,electronics,0
2799.85,25,33848.67,18,12,16.03,electronics,0
4163.3,36,45473.6,14,11,1.4,entertainment,0
3424.89,31,173811.22,16,9,1.31,utilities,0
5729.96,26,269058.84,11,8,7.78,entertainment,0
9967.98,29,53025.53,11,11,29.4,grocery,0
13543.83,30,29109.89,11,11,11.18,utilities,0
10387.24,26,83089.69,17,11,17.14,electronics,0
3691.38,49,26661.94,14,13,25.63,utilities,0
3266.48,33,26707.52,11,16,23.63,grocery,0
2466.55,27,65028.12,13,10,12.3,travel,0
5392.16,43,26508.26,13,14,16.08,grocery,0
14700.91,42,39636.85,18,3,68.68,travel,1
5608.71,35,173821.4,13,14,16.74,entertainment,0
3678.5,27,82836.8,12,12,0.0,electronics,0
4207.88,19,52540.73,26,9,4.35,travel,0
7774.89,26,74372.8,11,20,19.18,electronics,0
5955.55,20,43656.44,13,16,16.31,travel,0
4705.89,40,86229.41,10,19,2.35,utilities,0
8239.07,23,42559.36,11,16,26.25,travel,1
15802.75,27,39205.22,14,7,8.98,travel,0
1177.26,32,63460.5,13,12,6.56,grocery,0
6029.13,44,39469.38,20,13,28.38,grocery,0
2580.93,41,69268.74,14,12,11.46,utilities,0
1963.18,47,41495.84,13,19,22.45,grocery,0
12497.86,31,37351.35,21,12,18.61,travel,0
3864.77,46,41349.09,14,12,9.62,grocery,0
6421.61,26,33562.58,13,9,19.37,grocery,0
16328.32,18,56810.21,24,3,34.13,grocery,1
4270.89,31,182467.14,11,10,4.75,travel,0
10193.48,48,50018.91,20,7,7.85,electronics,0
3224.3,53,56701.21,15,14,6.93,utilities,0
7726.27,45,41280.11,41,2,53.0,grocery,1
7622.58,23,46351.89,26,8,10.35,electronics,1
12487.67,18,76083.74,13,8,10.04,electronics,0
3485.09,31,40158.81,13,18,14.07,electronics,0
4661.5,25,40756.49,13,14,22.56,electronics,0
4826.55,30,52825.84,17,17,5.72,utilities,0
3929.15,25,185253.62,10,9,11.26,travel,0
13874.66,28,44445.34,26,3,96.45,electronics,1
9419.99,25,35133.72,10,11,1.07,entertainment,0
2938.48,42,56073.64,20,14,17.0,travel,0
3400.99,46,66306.71,20,18,32.1,entertainment,0
1540.84,29,28947.9,14,11,11.69,entertainment,0
5668.27,26,121708.02,13,18,9.98,entertainment,0
16214.88,31,51483.35,9,1,6.83,travel,0
6777.87,28,148362.0,18,17,16.33,utilities,0
3446.03,32,294123.21,13,14,4.97,utilities,0
3984.7,35,83285.76,15,22,19.28,utilities,0
13054.94,42,71189.77,22,6,77.07,travel,1
10314.05,24,68957.33,16,7,6.87,travel,0
7861.37,34,47405.3,23,10,17.59,travel,0
2626.28,18,240583.01,13,9,0.99,travel,0
3018.18,50,126635.34,14,18,1.59,grocery,0
2505.93,23,64301.3,12,13,1.21,electronics,0
4816.64,19,149424.52,9,12,25.25,entertainment,0
5090.84,32,70472.75,13,13,8.2,grocery,0
2817.92,39,69006.3,17,9,1.8,travel,0
2214.69,55,124439.24,18,15,1.25,electronics,0
7140.86,27,119504.3,15,13,3.64,utilities,0
3740.09,24,62797.03,13,15,3.01,utilities,0
4506.93,25,93794.05,11,8,3.52,grocery,0
4109.73,27,37814.3,20,19,3.8,electronics,0
22612.9,39,64525.11,13,16,11.54,electronics,1
2498.45,46,92340.77,14,11,0.91,electronics,0
7903.42,39,61766.93,8,20,0.75,electronics,0
5234.68,45,44990.42,12,14,10.13,entertainment,0
6138.29,18,49356.99,13,11,11.9,electronics,0
12645.75,24,34345.6,21,13,33.81,electronics,0
13272.32,31,95697.04,12,11,35.48,travel,0
2577.88,30,26886.57,15,11,3.98,travel,0
2950.07,18,242663.46,18,17,0.11,electronics,0
7017.03,28,69787.21,18,15,3.52,electronics,0
29498.9,25,113046.31,27,4,51.69,travel,1
5378.74,29,106993.09,14,10,16.3,travel,0
2168.66,18,39253.1,14,14,31.02,entertainment,0
2046.79,26,38298.98,15,10,25.22,utilities,0
12072.03,39,52194.66,12,14,1.77,utilities,0
3587.01,64,96799.38,18,13,2.95,grocery,0
2210.48,35,108341.2,21,8,29.2,travel,0
1745.69,33,173016.16,14,16,9.84,grocery,0
5469.46,42,62050.46,12,13,8.57,entertainment,0
1972.92,18,61865.82,8,18,2.63,grocery,0
2281.52,54,35866.62,18,12,13.45,entertainment,0
7433.01,30,44618.6,18,15,8.43,utilities,0
1947.31,28,49525.26,14,16,5.04,grocery,0
6287.23,23,107822.17,13,22,19.46,electronics,0
3008.66,31,101235.19,10,19,5.09,grocery,0
4644.06,49,28077.5,14,18,10.09,grocery,0
2445.95,52,69535.07,15,10,14.92,entertainment,0
5832.69,26,23115.89,12,13,6.99,electronics,1
2683.77,19,122600.8,14,9,10.06,travel,0
5929.57,29,81742.27,21,15,12.84,grocery,0
6164.15,30,129331.39,11,15,14.55,entertainment,0
1255.45,24,25442.13,12,20,9.41,grocery,0
7857.17,24,33454.11,14,14,0.63,grocery,0
4589.55,28,78940.63,9,14,18.52,entertainment,0
9298.74,31,25051.66,23,2,39.74,travel,1
1602.03,28,34930.5,14,19,5.42,utilities,0
6560.41,57,156795.34,12,12,11.65,utilities,0
7942.98,41,207701.31,13,9,5.72,travel,0
1051.63,32,43303.22,26,21,12.9,electronics,0
6832.35,32,56814.42,23,14,13.79,entertainment,0
2796.12,49,81943.26,12,16,19.85,utilities,0
2050.39,48,110234.58,13,16,2.42,utilities,0
3527.95,27,153785.13,10,10,0.63,entertainment,0
9768.23,42,54025.35,11,13,23.86,entertainment,0
7801.1,25,56437.57,14,15,10.77,utilities,0
3133.85,31,202900.66,16,17,3.4,electronics,0
2273.09,43,89148.93,11,19,21.15,utilities,0
13461.69,23,73431.99,13,14,14.03,utilities,0
9932.42,27,109018.49,25,5,22.27,electronics,1
8009.74,26,53759.85,10,13,31.11,travel,0
3168.41,35,99470.03,14,19,6.51,utilities,0
2483.42,43,38682.49,13,16,11.91,electronics,0
3476.89,47,24809.96,16,9,4.22,entertainment,0
3739.7,29,75999.12,12,6,13.82,entertainment,0
6962.04,35,33797.13,16,16,1.41,travel,0
18116.27,22,42178.82,25,4,26.34,electronics,1
1554.3,29,38093.75,31,11,15.68,electronics,0
3131.82,18,108035.28,14,18,7.62,grocery,0
3254.38,51,60727.68,21,16,3.29,electronics,0
1880.27,24,78718.71,12,15,32.82,entertainment,0
6018.96,27,84232.15,15,12,14.41,grocery,0
4005.56,18,66170.12,14,14,16.43,travel,0
2072.29,31,44385.53,10,17,14.72,entertainment,0
